binned_RP1,binned_IP1,binned_WP1,binned_RP2,binned_IP2,binned_WP2,binned_RP3,binned_IP3,binned_WP3,Yield_max,TWoP
"(18.058, 20.045]","(23995.885, 24992.548]","(6.204, 7.69]","(29.9, 31.884]","(20008.91, 20998.525]","(28.492, 29.99]","(33.906, 35.887]","(27899.741, 28892.276]","(3.033, 4.53]",23694.0,4844.0
"(2.158, 4.145]","(17019.248, 18015.91]","(6.204, 7.69]","(16.012, 17.996]","(23967.37, 24956.985]","(21.002, 22.5]","(35.887, 37.868]","(28892.276, 29884.81]","(26.977, 28.473]",21877.0,4001.0
"(22.033, 24.02]","(22002.56, 22999.223]","(10.662, 12.148]","(0.1, 2.124]","(21988.14, 22977.755]","(10.516, 12.014]","(25.979, 27.961]","(23929.603, 24922.138]","(23.984, 25.48]",6798.0,1656.0
"(16.07, 18.058]","(20009.235, 21005.898]","(6.204, 7.69]","(29.9, 31.884]","(24956.985, 25946.6]","(4.524, 6.022]","(20.035, 22.016]","(21944.534, 22937.068]","(6.026, 7.522]",25121.0,5627.0
"(33.958, 35.945]","(23995.885, 24992.548]","(9.176, 10.662]","(6.092, 8.076]","(22977.755, 23967.37]","(4e-05, 1.528]","(8.146, 10.128]","(17974.396, 18966.931]","(15.005, 16.502]",23086.0,5152.0
"(0.13, 2.158]","(11039.273, 12035.935]","(24.036, 25.522]","(23.948, 25.932]","(10092.968, 11102.375]","(15.01, 16.508]","(16.072, 18.054]","(15989.327, 16981.862]","(20.991, 22.487]",1843.0,310.0
"(8.12, 10.108]","(18015.91, 19012.573]","(24.036, 25.522]","(27.916, 29.9]","(23967.37, 24956.985]","(28.492, 29.99]","(22.016, 23.998]","(24922.138, 25914.672]","(7.522, 9.019]",20303.0,3693.0
"(37.933, 39.92]","(10022.677, 11039.273]","(1.746, 3.232]","(17.996, 19.98]","(13081.605, 14071.22]","(22.5, 23.998]","(6.164, 8.146]","(13011.724, 14004.258]","(3.033, 4.53]",7494.0,1410.0
"(33.958, 35.945]","(27982.535, 28979.198]","(1.746, 3.232]","(21.964, 23.948]","(10092.968, 11102.375]","(28.492, 29.99]","(4.183, 6.164]","(26907.206, 27899.741]","(16.502, 17.998]",3214.0,643.0
"(10.108, 12.095]","(15025.922, 16022.585]","(18.092, 19.578]","(12.044, 14.028]","(27925.83, 28915.445]","(28.492, 29.99]","(16.072, 18.054]","(27899.741, 28892.276]","(17.998, 19.494]",0.0,3.0
"(18.058, 20.045]","(16022.585, 17019.248]","(18.092, 19.578]","(0.1, 2.124]","(27925.83, 28915.445]","(25.496, 26.994]","(14.09, 16.072]","(14996.793, 15989.327]","(15.005, 16.502]",70.0,33.0
"(24.02, 26.008]","(16022.585, 17019.248]","(19.578, 21.064]","(14.028, 16.012]","(11102.375, 12091.99]","(10.516, 12.014]","(6.164, 8.146]","(21944.534, 22937.068]","(6.026, 7.522]",6209.0,1023.0
"(12.095, 14.082]","(24992.548, 25989.21]","(4.718, 6.204]","(0.1, 2.124]","(10092.968, 11102.375]","(4.524, 6.022]","(16.072, 18.054]","(14996.793, 15989.327]","(6.026, 7.522]",3795.0,679.0
"(26.008, 27.995]","(15025.922, 16022.585]","(21.064, 22.55]","(0.1, 2.124]","(13081.605, 14071.22]","(13.512, 15.01]","(0.18, 2.202]","(24922.138, 25914.672]","(4.53, 6.026]",911.0,314.0
"(12.095, 14.082]","(14029.26, 15025.922]","(4.718, 6.204]","(37.836, 39.82]","(20998.525, 21988.14]","(6.022, 7.52]","(18.054, 20.035]","(10014.269, 11026.654]","(10.516, 12.012]",17005.0,4104.0
"(20.045, 22.033]","(22002.56, 22999.223]","(18.092, 19.578]","(33.868, 35.852]","(16050.45, 17040.065]","(18.006, 19.504]","(33.906, 35.887]","(14996.793, 15989.327]","(15.005, 16.502]",14635.0,2909.0
"(4.145, 6.132]","(22999.223, 23995.885]","(0.23, 1.746]","(35.852, 37.836]","(28915.445, 29905.06]","(9.018, 10.516]","(14.09, 16.072]","(21944.534, 22937.068]","(26.977, 28.473]",25951.0,6054.0
"(37.933, 39.92]","(22002.56, 22999.223]","(18.092, 19.578]","(6.092, 8.076]","(26936.215, 27925.83]","(16.508, 18.006]","(12.109, 14.09]","(13011.724, 14004.258]","(16.502, 17.998]",1554.0,557.0
"(10.108, 12.095]","(23995.885, 24992.548]","(4.718, 6.204]","(27.916, 29.9]","(14071.22, 15060.835]","(21.002, 22.5]","(20.035, 22.016]","(25914.672, 26907.206]","(1.536, 3.033]",14356.0,2528.0
"(4.145, 6.132]","(15025.922, 16022.585]","(24.036, 25.522]","(27.916, 29.9]","(20998.525, 21988.14]","(18.006, 19.504]","(0.18, 2.202]","(14996.793, 15989.327]","(3.033, 4.53]",13152.0,2776.0
"(16.07, 18.058]","(21005.898, 22002.56]","(18.092, 19.578]","(33.868, 35.852]","(28915.445, 29905.06]","(19.504, 21.002]","(33.906, 35.887]","(14996.793, 15989.327]","(13.508, 15.005]",23250.0,5768.0
"(14.082, 16.07]","(11039.273, 12035.935]","(12.148, 13.634]","(31.884, 33.868]","(12091.99, 13081.605]","(3.026, 4.524]","(12.109, 14.09]","(25914.672, 26907.206]","(12.012, 13.508]",8368.0,1367.0
"(37.933, 39.92]","(28979.198, 29975.86]","(19.578, 21.064]","(8.076, 10.06]","(20998.525, 21988.14]","(26.994, 28.492]","(8.146, 10.128]","(25914.672, 26907.206]","(19.494, 20.991]",94.0,77.0
"(22.033, 24.02]","(17019.248, 18015.91]","(0.23, 1.746]","(23.948, 25.932]","(15060.835, 16050.45]","(4e-05, 1.528]","(20.035, 22.016]","(24922.138, 25914.672]","(26.977, 28.473]",15465.0,2775.0
"(0.13, 2.158]","(22999.223, 23995.885]","(7.69, 9.176]","(35.852, 37.836]","(12091.99, 13081.605]","(10.516, 12.014]","(33.906, 35.887]","(28892.276, 29884.81]","(19.494, 20.991]",5382.0,821.0
"(37.933, 39.92]","(12035.935, 13032.598]","(24.036, 25.522]","(0.1, 2.124]","(20998.525, 21988.14]","(23.998, 25.496]","(37.868, 39.85]","(10014.269, 11026.654]","(17.998, 19.494]",230.0,86.0
"(24.02, 26.008]","(26985.872, 27982.535]","(12.148, 13.634]","(8.076, 10.06]","(16050.45, 17040.065]","(12.014, 13.512]","(10.128, 12.109]","(14996.793, 15989.327]","(19.494, 20.991]",14126.0,2746.0
"(33.958, 35.945]","(18015.91, 19012.573]","(6.204, 7.69]","(14.028, 16.012]","(23967.37, 24956.985]","(19.504, 21.002]","(35.887, 37.868]","(26907.206, 27899.741]","(9.019, 10.516]",25551.0,5520.0
"(0.13, 2.158]","(14029.26, 15025.922]","(4.718, 6.204]","(25.932, 27.916]","(11102.375, 12091.99]","(25.496, 26.994]","(23.998, 25.979]","(10014.269, 11026.654]","(1.536, 3.033]",1904.0,373.0
"(24.02, 26.008]","(20009.235, 21005.898]","(13.634, 15.12]","(25.932, 27.916]","(28915.445, 29905.06]","(21.002, 22.5]","(31.924, 33.906]","(18966.931, 19959.465]","(15.005, 16.502]",25155.0,5949.0
"(18.058, 20.045]","(27982.535, 28979.198]","(10.662, 12.148]","(17.996, 19.98]","(26936.215, 27925.83]","(23.998, 25.496]","(6.164, 8.146]","(18966.931, 19959.465]","(12.012, 13.508]",24961.0,5833.0
"(2.158, 4.145]","(20009.235, 21005.898]","(3.232, 4.718]","(8.076, 10.06]","(26936.215, 27925.83]","(6.022, 7.52]","(10.128, 12.109]","(19959.465, 20952.0]","(15.005, 16.502]",20010.0,3753.0
"(22.033, 24.02]","(16022.585, 17019.248]","(1.746, 3.232]","(29.9, 31.884]","(12091.99, 13081.605]","(9.018, 10.516]","(18.054, 20.035]","(21944.534, 22937.068]","(10.516, 12.012]",9031.0,1527.0
"(26.008, 27.995]","(19012.573, 20009.235]","(28.494, 29.98]","(4.108, 6.092]","(18029.68, 19019.295]","(4e-05, 1.528]","(4.183, 6.164]","(12019.189, 13011.724]","(0.0101, 1.536]",15581.0,3451.0
"(22.033, 24.02]","(25989.21, 26985.872]","(13.634, 15.12]","(19.98, 21.964]","(20008.91, 20998.525]","(22.5, 23.998]","(18.054, 20.035]","(21944.534, 22937.068]","(19.494, 20.991]",22666.0,4739.0
"(16.07, 18.058]","(22999.223, 23995.885]","(28.494, 29.98]","(31.884, 33.868]","(27925.83, 28915.445]","(12.014, 13.512]","(23.998, 25.979]","(23929.603, 24922.138]","(17.998, 19.494]",26355.0,6021.0
"(4.145, 6.132]","(10022.677, 11039.273]","(24.036, 25.522]","(27.916, 29.9]","(22977.755, 23967.37]","(10.516, 12.014]","(6.164, 8.146]","(28892.276, 29884.81]","(22.487, 23.984]",13453.0,3044.0
"(29.982, 31.97]","(17019.248, 18015.91]","(1.746, 3.232]","(8.076, 10.06]","(23967.37, 24956.985]","(23.998, 25.496]","(16.072, 18.054]","(25914.672, 26907.206]","(4.53, 6.026]",1180.0,283.0
"(24.02, 26.008]","(23995.885, 24992.548]","(18.092, 19.578]","(14.028, 16.012]","(23967.37, 24956.985]","(13.512, 15.01]","(33.906, 35.887]","(20952.0, 21944.534]","(25.48, 26.977]",24874.0,5581.0
"(14.082, 16.07]","(11039.273, 12035.935]","(7.69, 9.176]","(19.98, 21.964]","(27925.83, 28915.445]","(18.006, 19.504]","(18.054, 20.035]","(27899.741, 28892.276]","(10.516, 12.012]",26644.0,5896.0
"(16.07, 18.058]","(11039.273, 12035.935]","(7.69, 9.176]","(31.884, 33.868]","(20008.91, 20998.525]","(7.52, 9.018]","(0.18, 2.202]","(23929.603, 24922.138]","(28.473, 29.97]",13481.0,3505.0
"(20.045, 22.033]","(22002.56, 22999.223]","(1.746, 3.232]","(37.836, 39.82]","(28915.445, 29905.06]","(25.496, 26.994]","(33.906, 35.887]","(19959.465, 20952.0]","(0.0101, 1.536]",25354.0,5965.0
"(22.033, 24.02]","(12035.935, 13032.598]","(12.148, 13.634]","(12.044, 14.028]","(28915.445, 29905.06]","(22.5, 23.998]","(31.924, 33.906]","(10014.269, 11026.654]","(10.516, 12.012]",17132.0,4024.0
"(37.933, 39.92]","(27982.535, 28979.198]","(9.176, 10.662]","(23.948, 25.932]","(17040.065, 18029.68]","(7.52, 9.018]","(8.146, 10.128]","(27899.741, 28892.276]","(22.487, 23.984]",13288.0,2885.0
"(2.158, 4.145]","(19012.573, 20009.235]","(0.23, 1.746]","(10.06, 12.044]","(10092.968, 11102.375]","(25.496, 26.994]","(12.109, 14.09]","(25914.672, 26907.206]","(28.473, 29.97]",0.0,14.0
"(14.082, 16.07]","(17019.248, 18015.91]","(22.55, 24.036]","(27.916, 29.9]","(14071.22, 15060.835]","(28.492, 29.99]","(10.128, 12.109]","(27899.741, 28892.276]","(4.53, 6.026]",12920.0,2207.0
"(35.945, 37.933]","(15025.922, 16022.585]","(15.12, 16.606]","(31.884, 33.868]","(15060.835, 16050.45]","(10.516, 12.014]","(0.18, 2.202]","(10014.269, 11026.654]","(23.984, 25.48]",6956.0,1770.0
"(0.13, 2.158]","(25989.21, 26985.872]","(19.578, 21.064]","(16.012, 17.996]","(23967.37, 24956.985]","(4e-05, 1.528]","(25.979, 27.961]","(25914.672, 26907.206]","(13.508, 15.005]",21616.0,4027.0
"(4.145, 6.132]","(26985.872, 27982.535]","(13.634, 15.12]","(0.1, 2.124]","(13081.605, 14071.22]","(12.014, 13.512]","(8.146, 10.128]","(13011.724, 14004.258]","(13.508, 15.005]",84.0,20.0
"(16.07, 18.058]","(13032.598, 14029.26]","(21.064, 22.55]","(2.124, 4.108]","(10092.968, 11102.375]","(28.492, 29.99]","(20.035, 22.016]","(14004.258, 14996.793]","(10.516, 12.012]",34.0,15.0
"(12.095, 14.082]","(18015.91, 19012.573]","(21.064, 22.55]","(25.932, 27.916]","(19019.295, 20008.91]","(28.492, 29.99]","(33.906, 35.887]","(20952.0, 21944.534]","(7.522, 9.019]",20764.0,4201.0
"(20.045, 22.033]","(22999.223, 23995.885]","(21.064, 22.55]","(31.884, 33.868]","(15060.835, 16050.45]","(4e-05, 1.528]","(31.924, 33.906]","(14996.793, 15989.327]","(16.502, 17.998]",13403.0,2599.0
"(35.945, 37.933]","(18015.91, 19012.573]","(16.606, 18.092]","(2.124, 4.108]","(16050.45, 17040.065]","(9.018, 10.516]","(12.109, 14.09]","(22937.068, 23929.603]","(7.522, 9.019]",6208.0,1437.0
"(29.982, 31.97]","(11039.273, 12035.935]","(3.232, 4.718]","(21.964, 23.948]","(24956.985, 25946.6]","(4e-05, 1.528]","(22.016, 23.998]","(18966.931, 19959.465]","(25.48, 26.977]",24006.0,5327.0
"(33.958, 35.945]","(22002.56, 22999.223]","(6.204, 7.69]","(19.98, 21.964]","(19019.295, 20008.91]","(22.5, 23.998]","(23.998, 25.979]","(15989.327, 16981.862]","(1.536, 3.033]",19354.0,4068.0
"(8.12, 10.108]","(15025.922, 16022.585]","(21.064, 22.55]","(23.948, 25.932]","(20008.91, 20998.525]","(13.512, 15.01]","(18.054, 20.035]","(17974.396, 18966.931]","(9.019, 10.516]",16263.0,2978.0
"(12.095, 14.082]","(26985.872, 27982.535]","(28.494, 29.98]","(8.076, 10.06]","(28915.445, 29905.06]","(26.994, 28.492]","(0.18, 2.202]","(25914.672, 26907.206]","(28.473, 29.97]",0.0,0.0
"(33.958, 35.945]","(12035.935, 13032.598]","(27.008, 28.494]","(19.98, 21.964]","(23967.37, 24956.985]","(22.5, 23.998]","(0.18, 2.202]","(13011.724, 14004.258]","(12.012, 13.508]",14593.0,4206.0
"(27.995, 29.982]","(23995.885, 24992.548]","(18.092, 19.578]","(6.092, 8.076]","(25946.6, 26936.215]","(4e-05, 1.528]","(31.924, 33.906]","(23929.603, 24922.138]","(28.473, 29.97]",25898.0,5840.0
"(12.095, 14.082]","(17019.248, 18015.91]","(22.55, 24.036]","(8.076, 10.06]","(17040.065, 18029.68]","(15.01, 16.508]","(4.183, 6.164]","(28892.276, 29884.81]","(9.019, 10.516]",11376.0,2760.0
"(37.933, 39.92]","(16022.585, 17019.248]","(16.606, 18.092]","(6.092, 8.076]","(24956.985, 25946.6]","(4.524, 6.022]","(31.924, 33.906]","(27899.741, 28892.276]","(1.536, 3.033]",26297.0,5749.0
"(14.082, 16.07]","(14029.26, 15025.922]","(25.522, 27.008]","(35.852, 37.836]","(13081.605, 14071.22]","(9.018, 10.516]","(18.054, 20.035]","(16981.862, 17974.396]","(20.991, 22.487]",9756.0,1749.0
"(8.12, 10.108]","(12035.935, 13032.598]","(6.204, 7.69]","(19.98, 21.964]","(20998.525, 21988.14]","(9.018, 10.516]","(8.146, 10.128]","(24922.138, 25914.672]","(10.516, 12.012]",23785.0,4914.0
"(10.108, 12.095]","(17019.248, 18015.91]","(16.606, 18.092]","(16.012, 17.996]","(14071.22, 15060.835]","(13.512, 15.01]","(25.979, 27.961]","(16981.862, 17974.396]","(15.005, 16.502]",11529.0,2092.0
"(35.945, 37.933]","(24992.548, 25989.21]","(0.23, 1.746]","(29.9, 31.884]","(12091.99, 13081.605]","(9.018, 10.516]","(18.054, 20.035]","(17974.396, 18966.931]","(6.026, 7.522]",8334.0,1460.0
"(8.12, 10.108]","(11039.273, 12035.935]","(9.176, 10.662]","(14.028, 16.012]","(15060.835, 16050.45]","(28.492, 29.99]","(37.868, 39.85]","(18966.931, 19959.465]","(28.473, 29.97]",14247.0,2600.0
"(2.158, 4.145]","(20009.235, 21005.898]","(9.176, 10.662]","(21.964, 23.948]","(23967.37, 24956.985]","(22.5, 23.998]","(16.072, 18.054]","(22937.068, 23929.603]","(7.522, 9.019]",21334.0,4033.0
"(14.082, 16.07]","(27982.535, 28979.198]","(18.092, 19.578]","(35.852, 37.836]","(27925.83, 28915.445]","(4e-05, 1.528]","(12.109, 14.09]","(16981.862, 17974.396]","(25.48, 26.977]",24529.0,5847.0
"(0.13, 2.158]","(24992.548, 25989.21]","(25.522, 27.008]","(31.884, 33.868]","(16050.45, 17040.065]","(4e-05, 1.528]","(18.054, 20.035]","(24922.138, 25914.672]","(28.473, 29.97]",12402.0,2058.0
"(26.008, 27.995]","(12035.935, 13032.598]","(9.176, 10.662]","(27.916, 29.9]","(20008.91, 20998.525]","(16.508, 18.006]","(4.183, 6.164]","(22937.068, 23929.603]","(13.508, 15.005]",18358.0,4143.0
"(12.095, 14.082]","(11039.273, 12035.935]","(19.578, 21.064]","(25.932, 27.916]","(10092.968, 11102.375]","(28.492, 29.99]","(31.924, 33.906]","(11026.654, 12019.189]","(19.494, 20.991]",3172.0,615.0
"(31.97, 33.958]","(21005.898, 22002.56]","(16.606, 18.092]","(19.98, 21.964]","(20008.91, 20998.525]","(16.508, 18.006]","(4.183, 6.164]","(22937.068, 23929.603]","(22.487, 23.984]",13705.0,3606.0
"(29.982, 31.97]","(17019.248, 18015.91]","(13.634, 15.12]","(14.028, 16.012]","(10092.968, 11102.375]","(23.998, 25.496]","(4.183, 6.164]","(20952.0, 21944.534]","(0.0101, 1.536]",4698.0,769.0
"(29.982, 31.97]","(27982.535, 28979.198]","(22.55, 24.036]","(2.124, 4.108]","(27925.83, 28915.445]","(1.528, 3.026]","(25.979, 27.961]","(28892.276, 29884.81]","(20.991, 22.487]",14276.0,3949.0
"(8.12, 10.108]","(25989.21, 26985.872]","(27.008, 28.494]","(23.948, 25.932]","(22977.755, 23967.37]","(7.52, 9.018]","(25.979, 27.961]","(13011.724, 14004.258]","(22.487, 23.984]",16023.0,3228.0
"(24.02, 26.008]","(18015.91, 19012.573]","(18.092, 19.578]","(31.884, 33.868]","(26936.215, 27925.83]","(4e-05, 1.528]","(27.961, 29.942]","(15989.327, 16981.862]","(20.991, 22.487]",23802.0,5669.0
"(10.108, 12.095]","(15025.922, 16022.585]","(9.176, 10.662]","(27.916, 29.9]","(28915.445, 29905.06]","(10.516, 12.014]","(0.18, 2.202]","(10014.269, 11026.654]","(20.991, 22.487]",15019.0,4743.0
"(24.02, 26.008]","(10022.677, 11039.273]","(28.494, 29.98]","(23.948, 25.932]","(22977.755, 23967.37]","(10.516, 12.014]","(6.164, 8.146]","(13011.724, 14004.258]","(15.005, 16.502]",20450.0,4764.0
"(12.095, 14.082]","(11039.273, 12035.935]","(9.176, 10.662]","(0.1, 2.124]","(14071.22, 15060.835]","(7.52, 9.018]","(25.979, 27.961]","(28892.276, 29884.81]","(23.984, 25.48]",7933.0,1536.0
"(14.082, 16.07]","(20009.235, 21005.898]","(25.522, 27.008]","(10.06, 12.044]","(28915.445, 29905.06]","(28.492, 29.99]","(10.128, 12.109]","(17974.396, 18966.931]","(25.48, 26.977]",0.0,0.0
"(37.933, 39.92]","(15025.922, 16022.585]","(6.204, 7.69]","(33.868, 35.852]","(16050.45, 17040.065]","(28.492, 29.99]","(31.924, 33.906]","(16981.862, 17974.396]","(19.494, 20.991]",15915.0,3079.0
"(2.158, 4.145]","(20009.235, 21005.898]","(7.69, 9.176]","(25.932, 27.916]","(23967.37, 24956.985]","(1.528, 3.026]","(33.906, 35.887]","(20952.0, 21944.534]","(22.487, 23.984]",21106.0,4064.0
"(6.132, 8.12]","(22002.56, 22999.223]","(7.69, 9.176]","(17.996, 19.98]","(18029.68, 19019.295]","(25.496, 26.994]","(4.183, 6.164]","(10014.269, 11026.654]","(23.984, 25.48]",10366.0,2848.0
"(20.045, 22.033]","(22999.223, 23995.885]","(22.55, 24.036]","(31.884, 33.868]","(25946.6, 26936.215]","(25.496, 26.994]","(16.072, 18.054]","(11026.654, 12019.189]","(19.494, 20.991]",20226.0,5200.0
"(37.933, 39.92]","(25989.21, 26985.872]","(3.232, 4.718]","(0.1, 2.124]","(26936.215, 27925.83]","(22.5, 23.998]","(31.924, 33.906]","(11026.654, 12019.189]","(25.48, 26.977]",259.0,92.0
"(27.995, 29.982]","(21005.898, 22002.56]","(22.55, 24.036]","(8.076, 10.06]","(26936.215, 27925.83]","(25.496, 26.994]","(4.183, 6.164]","(12019.189, 13011.724]","(3.033, 4.53]",183.0,126.0
"(26.008, 27.995]","(22002.56, 22999.223]","(6.204, 7.69]","(31.884, 33.868]","(23967.37, 24956.985]","(4.524, 6.022]","(29.942, 31.924]","(11026.654, 12019.189]","(3.033, 4.53]",19663.0,4907.0
"(33.958, 35.945]","(22999.223, 23995.885]","(24.036, 25.522]","(2.124, 4.108]","(28915.445, 29905.06]","(6.022, 7.52]","(8.146, 10.128]","(26907.206, 27899.741]","(6.026, 7.522]",4870.0,1966.0
"(27.995, 29.982]","(27982.535, 28979.198]","(7.69, 9.176]","(33.868, 35.852]","(14071.22, 15060.835]","(25.496, 26.994]","(33.906, 35.887]","(27899.741, 28892.276]","(9.019, 10.516]",13460.0,2321.0
"(0.13, 2.158]","(22999.223, 23995.885]","(1.746, 3.232]","(33.868, 35.852]","(15060.835, 16050.45]","(4e-05, 1.528]","(37.868, 39.85]","(20952.0, 21944.534]","(20.991, 22.487]",8702.0,1422.0
"(33.958, 35.945]","(12035.935, 13032.598]","(6.204, 7.69]","(8.076, 10.06]","(23967.37, 24956.985]","(3.026, 4.524]","(12.109, 14.09]","(26907.206, 27899.741]","(28.473, 29.97]",25448.0,5416.0
"(16.07, 18.058]","(13032.598, 14029.26]","(7.69, 9.176]","(29.9, 31.884]","(10092.968, 11102.375]","(21.002, 22.5]","(37.868, 39.85]","(20952.0, 21944.534]","(19.494, 20.991]",4949.0,813.0
"(20.045, 22.033]","(22999.223, 23995.885]","(10.662, 12.148]","(17.996, 19.98]","(27925.83, 28915.445]","(4.524, 6.022]","(31.924, 33.906]","(24922.138, 25914.672]","(22.487, 23.984]",26591.0,6077.0
"(33.958, 35.945]","(22999.223, 23995.885]","(4.718, 6.204]","(25.932, 27.916]","(21988.14, 22977.755]","(1.528, 3.026]","(10.128, 12.109]","(14004.258, 14996.793]","(10.516, 12.012]",20490.0,4700.0
"(22.033, 24.02]","(13032.598, 14029.26]","(24.036, 25.522]","(2.124, 4.108]","(12091.99, 13081.605]","(3.026, 4.524]","(14.09, 16.072]","(20952.0, 21944.534]","(4.53, 6.026]",8821.0,1497.0
"(10.108, 12.095]","(19012.573, 20009.235]","(6.204, 7.69]","(14.028, 16.012]","(25946.6, 26936.215]","(13.512, 15.01]","(22.016, 23.998]","(13011.724, 14004.258]","(28.473, 29.97]",21492.0,5294.0
"(16.07, 18.058]","(14029.26, 15025.922]","(10.662, 12.148]","(21.964, 23.948]","(26936.215, 27925.83]","(23.998, 25.496]","(6.164, 8.146]","(21944.534, 22937.068]","(19.494, 20.991]",21487.0,5335.0
"(18.058, 20.045]","(15025.922, 16022.585]","(0.23, 1.746]","(10.06, 12.044]","(13081.605, 14071.22]","(21.002, 22.5]","(16.072, 18.054]","(27899.741, 28892.276]","(6.026, 7.522]",1675.0,407.0
"(31.97, 33.958]","(26985.872, 27982.535]","(13.634, 15.12]","(2.124, 4.108]","(14071.22, 15060.835]","(18.006, 19.504]","(0.18, 2.202]","(16981.862, 17974.396]","(3.033, 4.53]",334.0,147.0
"(14.082, 16.07]","(14029.26, 15025.922]","(16.606, 18.092]","(37.836, 39.82]","(28915.445, 29905.06]","(21.002, 22.5]","(14.09, 16.072]","(14996.793, 15989.327]","(7.522, 9.019]",23052.0,5634.0
"(2.158, 4.145]","(15025.922, 16022.585]","(7.69, 9.176]","(29.9, 31.884]","(26936.215, 27925.83]","(26.994, 28.492]","(12.109, 14.09]","(18966.931, 19959.465]","(7.522, 9.019]",21853.0,4377.0
"(33.958, 35.945]","(15025.922, 16022.585]","(27.008, 28.494]","(31.884, 33.868]","(11102.375, 12091.99]","(15.01, 16.508]","(18.054, 20.035]","(23929.603, 24922.138]","(16.502, 17.998]",5871.0,952.0
"(14.082, 16.07]","(10022.677, 11039.273]","(19.578, 21.064]","(37.836, 39.82]","(16050.45, 17040.065]","(23.998, 25.496]","(4.183, 6.164]","(10014.269, 11026.654]","(22.487, 23.984]",8008.0,2036.0
"(20.045, 22.033]","(13032.598, 14029.26]","(7.69, 9.176]","(8.076, 10.06]","(15060.835, 16050.45]","(10.516, 12.014]","(4.183, 6.164]","(14004.258, 14996.793]","(23.984, 25.48]",7307.0,1704.0
"(35.945, 37.933]","(16022.585, 17019.248]","(28.494, 29.98]","(23.948, 25.932]","(20008.91, 20998.525]","(7.52, 9.018]","(12.109, 14.09]","(16981.862, 17974.396]","(0.0101, 1.536]",20814.0,4422.0
"(0.13, 2.158]","(16022.585, 17019.248]","(0.23, 1.746]","(10.06, 12.044]","(12091.99, 13081.605]","(21.002, 22.5]","(6.164, 8.146]","(22937.068, 23929.603]","(28.473, 29.97]",0.0,2.0
"(20.045, 22.033]","(28979.198, 29975.86]","(19.578, 21.064]","(23.948, 25.932]","(17040.065, 18029.68]","(18.006, 19.504]","(16.072, 18.054]","(14996.793, 15989.327]","(22.487, 23.984]",16782.0,3413.0
"(14.082, 16.07]","(10022.677, 11039.273]","(1.746, 3.232]","(17.996, 19.98]","(20998.525, 21988.14]","(23.998, 25.496]","(33.906, 35.887]","(18966.931, 19959.465]","(26.977, 28.473]",21976.0,4594.0
"(12.095, 14.082]","(18015.91, 19012.573]","(21.064, 22.55]","(4.108, 6.092]","(15060.835, 16050.45]","(19.504, 21.002]","(12.109, 14.09]","(16981.862, 17974.396]","(10.516, 12.012]",824.0,203.0
"(18.058, 20.045]","(20009.235, 21005.898]","(28.494, 29.98]","(27.916, 29.9]","(23967.37, 24956.985]","(12.014, 13.512]","(22.016, 23.998]","(24922.138, 25914.672]","(7.522, 9.019]",25681.0,5633.0
"(18.058, 20.045]","(14029.26, 15025.922]","(7.69, 9.176]","(6.092, 8.076]","(17040.065, 18029.68]","(9.018, 10.516]","(6.164, 8.146]","(25914.672, 26907.206]","(6.026, 7.522]",17535.0,3403.0
"(12.095, 14.082]","(18015.91, 19012.573]","(7.69, 9.176]","(27.916, 29.9]","(11102.375, 12091.99]","(13.512, 15.01]","(31.924, 33.906]","(23929.603, 24922.138]","(4.53, 6.026]",6119.0,993.0
"(22.033, 24.02]","(20009.235, 21005.898]","(21.064, 22.55]","(2.124, 4.108]","(27925.83, 28915.445]","(3.026, 4.524]","(22.016, 23.998]","(14996.793, 15989.327]","(1.536, 3.033]",8601.0,3118.0
"(0.13, 2.158]","(13032.598, 14029.26]","(24.036, 25.522]","(0.1, 2.124]","(23967.37, 24956.985]","(7.52, 9.018]","(31.924, 33.906]","(15989.327, 16981.862]","(16.502, 17.998]",1744.0,280.0
"(27.995, 29.982]","(22002.56, 22999.223]","(19.578, 21.064]","(21.964, 23.948]","(18029.68, 19019.295]","(4.524, 6.022]","(37.868, 39.85]","(19959.465, 20952.0]","(9.019, 10.516]",19639.0,3913.0
"(6.132, 8.12]","(17019.248, 18015.91]","(19.578, 21.064]","(6.092, 8.076]","(24956.985, 25946.6]","(10.516, 12.014]","(4.183, 6.164]","(12019.189, 13011.724]","(15.005, 16.502]",577.0,140.0
"(33.958, 35.945]","(19012.573, 20009.235]","(12.148, 13.634]","(21.964, 23.948]","(26936.215, 27925.83]","(19.504, 21.002]","(27.961, 29.942]","(21944.534, 22937.068]","(10.516, 12.012]",25690.0,5891.0
"(4.145, 6.132]","(13032.598, 14029.26]","(1.746, 3.232]","(8.076, 10.06]","(17040.065, 18029.68]","(6.022, 7.52]","(31.924, 33.906]","(12019.189, 13011.724]","(7.522, 9.019]",14260.0,3049.0
"(22.033, 24.02]","(18015.91, 19012.573]","(10.662, 12.148]","(16.012, 17.996]","(24956.985, 25946.6]","(22.5, 23.998]","(14.09, 16.072]","(14004.258, 14996.793]","(6.026, 7.522]",21658.0,5224.0
"(16.07, 18.058]","(22999.223, 23995.885]","(21.064, 22.55]","(29.9, 31.884]","(17040.065, 18029.68]","(19.504, 21.002]","(37.868, 39.85]","(24922.138, 25914.672]","(20.991, 22.487]",18425.0,3456.0
"(12.095, 14.082]","(22002.56, 22999.223]","(10.662, 12.148]","(8.076, 10.06]","(14071.22, 15060.835]","(13.512, 15.01]","(29.942, 31.924]","(18966.931, 19959.465]","(9.019, 10.516]",12061.0,2158.0
"(22.033, 24.02]","(14029.26, 15025.922]","(1.746, 3.232]","(6.092, 8.076]","(14071.22, 15060.835]","(4e-05, 1.528]","(18.054, 20.035]","(25914.672, 26907.206]","(3.033, 4.53]",13516.0,2340.0
"(16.07, 18.058]","(14029.26, 15025.922]","(18.092, 19.578]","(6.092, 8.076]","(20998.525, 21988.14]","(10.516, 12.014]","(31.924, 33.906]","(20952.0, 21944.534]","(7.522, 9.019]",21195.0,4492.0
"(10.108, 12.095]","(18015.91, 19012.573]","(15.12, 16.606]","(8.076, 10.06]","(24956.985, 25946.6]","(10.516, 12.014]","(23.998, 25.979]","(14996.793, 15989.327]","(0.0101, 1.536]",22760.0,5392.0
"(27.995, 29.982]","(18015.91, 19012.573]","(24.036, 25.522]","(10.06, 12.044]","(24956.985, 25946.6]","(26.994, 28.492]","(31.924, 33.906]","(17974.396, 18966.931]","(26.977, 28.473]",0.0,2.0
"(8.12, 10.108]","(24992.548, 25989.21]","(0.23, 1.746]","(27.916, 29.9]","(25946.6, 26936.215]","(18.006, 19.504]","(8.146, 10.128]","(24922.138, 25914.672]","(25.48, 26.977]",23297.0,5528.0
"(37.933, 39.92]","(25989.21, 26985.872]","(12.148, 13.634]","(16.012, 17.996]","(25946.6, 26936.215]","(4e-05, 1.528]","(18.054, 20.035]","(25914.672, 26907.206]","(19.494, 20.991]",26266.0,5859.0
"(0.13, 2.158]","(10022.677, 11039.273]","(13.634, 15.12]","(23.948, 25.932]","(15060.835, 16050.45]","(26.994, 28.492]","(12.109, 14.09]","(19959.465, 20952.0]","(6.026, 7.522]",8459.0,1395.0
"(22.033, 24.02]","(10022.677, 11039.273]","(1.746, 3.232]","(19.98, 21.964]","(23967.37, 24956.985]","(16.508, 18.006]","(0.18, 2.202]","(15989.327, 16981.862]","(23.984, 25.48]",14639.0,4205.0
"(14.082, 16.07]","(24992.548, 25989.21]","(18.092, 19.578]","(8.076, 10.06]","(11102.375, 12091.99]","(21.002, 22.5]","(31.924, 33.906]","(14004.258, 14996.793]","(15.005, 16.502]",861.0,205.0
"(2.158, 4.145]","(10022.677, 11039.273]","(10.662, 12.148]","(4.108, 6.092]","(25946.6, 26936.215]","(10.516, 12.014]","(18.054, 20.035]","(24922.138, 25914.672]","(19.494, 20.991]",2123.0,321.0
"(22.033, 24.02]","(11039.273, 12035.935]","(1.746, 3.232]","(14.028, 16.012]","(20998.525, 21988.14]","(22.5, 23.998]","(12.109, 14.09]","(25914.672, 26907.206]","(10.516, 12.012]",23500.0,4790.0
"(2.158, 4.145]","(12035.935, 13032.598]","(19.578, 21.064]","(29.9, 31.884]","(25946.6, 26936.215]","(26.994, 28.492]","(25.979, 27.961]","(13011.724, 14004.258]","(0.0101, 1.536]",18359.0,3893.0
"(0.13, 2.158]","(24992.548, 25989.21]","(27.008, 28.494]","(2.124, 4.108]","(21988.14, 22977.755]","(9.018, 10.516]","(23.998, 25.979]","(26907.206, 27899.741]","(9.019, 10.516]",2176.0,322.0
"(2.158, 4.145]","(28979.198, 29975.86]","(22.55, 24.036]","(25.932, 27.916]","(19019.295, 20008.91]","(4e-05, 1.528]","(31.924, 33.906]","(22937.068, 23929.603]","(20.991, 22.487]",16356.0,2878.0
"(18.058, 20.045]","(14029.26, 15025.922]","(0.23, 1.746]","(6.092, 8.076]","(20008.91, 20998.525]","(25.496, 26.994]","(20.035, 22.016]","(14996.793, 15989.327]","(15.005, 16.502]",338.0,107.0
"(22.033, 24.02]","(22002.56, 22999.223]","(9.176, 10.662]","(35.852, 37.836]","(10092.968, 11102.375]","(4.524, 6.022]","(20.035, 22.016]","(20952.0, 21944.534]","(28.473, 29.97]",5631.0,934.0
"(31.97, 33.958]","(26985.872, 27982.535]","(10.662, 12.148]","(37.836, 39.82]","(19019.295, 20008.91]","(1.528, 3.026]","(0.18, 2.202]","(14996.793, 15989.327]","(13.508, 15.005]",13216.0,3451.0
"(31.97, 33.958]","(24992.548, 25989.21]","(0.23, 1.746]","(4.108, 6.092]","(27925.83, 28915.445]","(3.026, 4.524]","(37.868, 39.85]","(14004.258, 14996.793]","(4.53, 6.026]",17301.0,4583.0
"(2.158, 4.145]","(19012.573, 20009.235]","(9.176, 10.662]","(6.092, 8.076]","(20008.91, 20998.525]","(13.512, 15.01]","(16.072, 18.054]","(20952.0, 21944.534]","(1.536, 3.033]",2050.0,323.0
"(6.132, 8.12]","(13032.598, 14029.26]","(7.69, 9.176]","(8.076, 10.06]","(20998.525, 21988.14]","(25.496, 26.994]","(14.09, 16.072]","(15989.327, 16981.862]","(16.502, 17.998]",9456.0,2562.0
"(31.97, 33.958]","(22999.223, 23995.885]","(22.55, 24.036]","(23.948, 25.932]","(25946.6, 26936.215]","(22.5, 23.998]","(6.164, 8.146]","(25914.672, 26907.206]","(26.977, 28.473]",18251.0,4964.0
"(33.958, 35.945]","(21005.898, 22002.56]","(28.494, 29.98]","(19.98, 21.964]","(19019.295, 20008.91]","(18.006, 19.504]","(16.072, 18.054]","(26907.206, 27899.741]","(26.977, 28.473]",22451.0,4470.0
"(0.13, 2.158]","(27982.535, 28979.198]","(24.036, 25.522]","(17.996, 19.98]","(11102.375, 12091.99]","(23.998, 25.496]","(8.146, 10.128]","(27899.741, 28892.276]","(13.508, 15.005]",2919.0,481.0
"(8.12, 10.108]","(27982.535, 28979.198]","(0.23, 1.746]","(16.012, 17.996]","(15060.835, 16050.45]","(18.006, 19.504]","(18.054, 20.035]","(20952.0, 21944.534]","(26.977, 28.473]",14470.0,2626.0
"(0.13, 2.158]","(12035.935, 13032.598]","(4.718, 6.204]","(35.852, 37.836]","(22977.755, 23967.37]","(19.504, 21.002]","(22.016, 23.998]","(21944.534, 22937.068]","(3.033, 4.53]",20242.0,3784.0
"(31.97, 33.958]","(28979.198, 29975.86]","(27.008, 28.494]","(27.916, 29.9]","(24956.985, 25946.6]","(3.026, 4.524]","(23.998, 25.979]","(17974.396, 18966.931]","(28.473, 29.97]",24084.0,5555.0
"(18.058, 20.045]","(19012.573, 20009.235]","(21.064, 22.55]","(2.124, 4.108]","(25946.6, 26936.215]","(1.528, 3.026]","(22.016, 23.998]","(14996.793, 15989.327]","(16.502, 17.998]",12481.0,3733.0
"(33.958, 35.945]","(22002.56, 22999.223]","(28.494, 29.98]","(12.044, 14.028]","(21988.14, 22977.755]","(9.018, 10.516]","(35.887, 37.868]","(19959.465, 20952.0]","(7.522, 9.019]",23271.0,5009.0
"(14.082, 16.07]","(14029.26, 15025.922]","(1.746, 3.232]","(25.932, 27.916]","(24956.985, 25946.6]","(16.508, 18.006]","(6.164, 8.146]","(25914.672, 26907.206]","(26.977, 28.473]",19806.0,4966.0
"(35.945, 37.933]","(18015.91, 19012.573]","(6.204, 7.69]","(35.852, 37.836]","(24956.985, 25946.6]","(19.504, 21.002]","(22.016, 23.998]","(11026.654, 12019.189]","(9.019, 10.516]",19308.0,4938.0
"(18.058, 20.045]","(28979.198, 29975.86]","(24.036, 25.522]","(14.028, 16.012]","(21988.14, 22977.755]","(28.492, 29.99]","(16.072, 18.054]","(16981.862, 17974.396]","(19.494, 20.991]",22275.0,5001.0
"(37.933, 39.92]","(24992.548, 25989.21]","(28.494, 29.98]","(33.868, 35.852]","(25946.6, 26936.215]","(26.994, 28.492]","(22.016, 23.998]","(21944.534, 22937.068]","(3.033, 4.53]",25588.0,5831.0
"(31.97, 33.958]","(14029.26, 15025.922]","(24.036, 25.522]","(8.076, 10.06]","(27925.83, 28915.445]","(28.492, 29.99]","(33.906, 35.887]","(14004.258, 14996.793]","(17.998, 19.494]",56.0,28.0
"(31.97, 33.958]","(19012.573, 20009.235]","(24.036, 25.522]","(17.996, 19.98]","(10092.968, 11102.375]","(4.524, 6.022]","(4.183, 6.164]","(26907.206, 27899.741]","(19.494, 20.991]",3302.0,669.0
"(2.158, 4.145]","(16022.585, 17019.248]","(24.036, 25.522]","(6.092, 8.076]","(20998.525, 21988.14]","(23.998, 25.496]","(37.868, 39.85]","(11026.654, 12019.189]","(28.473, 29.97]",292.0,63.0
"(0.13, 2.158]","(23995.885, 24992.548]","(10.662, 12.148]","(6.092, 8.076]","(20998.525, 21988.14]","(3.026, 4.524]","(16.072, 18.054]","(10014.269, 11026.654]","(25.48, 26.977]",11615.0,2329.0
"(27.995, 29.982]","(11039.273, 12035.935]","(28.494, 29.98]","(14.028, 16.012]","(27925.83, 28915.445]","(23.998, 25.496]","(31.924, 33.906]","(11026.654, 12019.189]","(17.998, 19.494]",20345.0,5200.0
"(24.02, 26.008]","(20009.235, 21005.898]","(3.232, 4.718]","(14.028, 16.012]","(23967.37, 24956.985]","(22.5, 23.998]","(2.202, 4.183]","(12019.189, 13011.724]","(22.487, 23.984]",14583.0,4404.0
"(22.033, 24.02]","(20009.235, 21005.898]","(24.036, 25.522]","(12.044, 14.028]","(16050.45, 17040.065]","(28.492, 29.99]","(20.035, 22.016]","(20952.0, 21944.534]","(0.0101, 1.536]",857.0,291.0
"(31.97, 33.958]","(12035.935, 13032.598]","(15.12, 16.606]","(37.836, 39.82]","(21988.14, 22977.755]","(1.528, 3.026]","(35.887, 37.868]","(11026.654, 12019.189]","(20.991, 22.487]",18076.0,4412.0
"(22.033, 24.02]","(24992.548, 25989.21]","(12.148, 13.634]","(37.836, 39.82]","(25946.6, 26936.215]","(21.002, 22.5]","(31.924, 33.906]","(21944.534, 22937.068]","(9.019, 10.516]",25557.0,5789.0
"(29.982, 31.97]","(10022.677, 11039.273]","(10.662, 12.148]","(25.932, 27.916]","(17040.065, 18029.68]","(3.026, 4.524]","(12.109, 14.09]","(19959.465, 20952.0]","(15.005, 16.502]",17902.0,3425.0
"(27.995, 29.982]","(23995.885, 24992.548]","(13.634, 15.12]","(17.996, 19.98]","(22977.755, 23967.37]","(26.994, 28.492]","(25.979, 27.961]","(28892.276, 29884.81]","(0.0101, 1.536]",25934.0,5541.0
"(14.082, 16.07]","(12035.935, 13032.598]","(27.008, 28.494]","(35.852, 37.836]","(11102.375, 12091.99]","(18.006, 19.504]","(20.035, 22.016]","(16981.862, 17974.396]","(25.48, 26.977]",4907.0,848.0
"(14.082, 16.07]","(24992.548, 25989.21]","(22.55, 24.036]","(25.932, 27.916]","(12091.99, 13081.605]","(12.014, 13.512]","(20.035, 22.016]","(25914.672, 26907.206]","(20.991, 22.487]",8548.0,1405.0
"(22.033, 24.02]","(23995.885, 24992.548]","(25.522, 27.008]","(8.076, 10.06]","(11102.375, 12091.99]","(10.516, 12.014]","(8.146, 10.128]","(25914.672, 26907.206]","(12.012, 13.508]",6848.0,1107.0
"(35.945, 37.933]","(23995.885, 24992.548]","(19.578, 21.064]","(23.948, 25.932]","(24956.985, 25946.6]","(10.516, 12.014]","(25.979, 27.961]","(26907.206, 27899.741]","(3.033, 4.53]",26263.0,5769.0
"(16.07, 18.058]","(14029.26, 15025.922]","(12.148, 13.634]","(12.044, 14.028]","(12091.99, 13081.605]","(16.508, 18.006]","(14.09, 16.072]","(23929.603, 24922.138]","(26.977, 28.473]",8602.0,1425.0
"(18.058, 20.045]","(25989.21, 26985.872]","(12.148, 13.634]","(29.9, 31.884]","(14071.22, 15060.835]","(4e-05, 1.528]","(10.128, 12.109]","(14996.793, 15989.327]","(12.012, 13.508]",11657.0,2231.0
"(12.095, 14.082]","(17019.248, 18015.91]","(7.69, 9.176]","(17.996, 19.98]","(25946.6, 26936.215]","(4e-05, 1.528]","(18.054, 20.035]","(21944.534, 22937.068]","(20.991, 22.487]",25443.0,5710.0
"(16.07, 18.058]","(28979.198, 29975.86]","(0.23, 1.746]","(31.884, 33.868]","(15060.835, 16050.45]","(21.002, 22.5]","(22.016, 23.998]","(21944.534, 22937.068]","(16.502, 17.998]",14728.0,2661.0
"(8.12, 10.108]","(11039.273, 12035.935]","(4.718, 6.204]","(21.964, 23.948]","(28915.445, 29905.06]","(23.998, 25.496]","(22.016, 23.998]","(10014.269, 11026.654]","(6.026, 7.522]",18814.0,5122.0
"(27.995, 29.982]","(25989.21, 26985.872]","(22.55, 24.036]","(31.884, 33.868]","(23967.37, 24956.985]","(10.516, 12.014]","(14.09, 16.072]","(10014.269, 11026.654]","(7.522, 9.019]",18088.0,4805.0
"(24.02, 26.008]","(20009.235, 21005.898]","(28.494, 29.98]","(16.012, 17.996]","(19019.295, 20008.91]","(28.492, 29.99]","(8.146, 10.128]","(28892.276, 29884.81]","(1.536, 3.033]",22624.0,4454.0
"(16.07, 18.058]","(15025.922, 16022.585]","(7.69, 9.176]","(2.124, 4.108]","(19019.295, 20008.91]","(4e-05, 1.528]","(16.072, 18.054]","(17974.396, 18966.931]","(23.984, 25.48]",20136.0,4155.0
"(33.958, 35.945]","(27982.535, 28979.198]","(7.69, 9.176]","(31.884, 33.868]","(24956.985, 25946.6]","(23.998, 25.496]","(10.128, 12.109]","(26907.206, 27899.741]","(0.0101, 1.536]",26254.0,5777.0
"(33.958, 35.945]","(17019.248, 18015.91]","(13.634, 15.12]","(35.852, 37.836]","(14071.22, 15060.835]","(28.492, 29.99]","(18.054, 20.035]","(20952.0, 21944.534]","(28.473, 29.97]",12608.0,2242.0
"(33.958, 35.945]","(26985.872, 27982.535]","(15.12, 16.606]","(35.852, 37.836]","(21988.14, 22977.755]","(28.492, 29.99]","(37.868, 39.85]","(14996.793, 15989.327]","(17.998, 19.494]",21310.0,4848.0
"(35.945, 37.933]","(17019.248, 18015.91]","(7.69, 9.176]","(8.076, 10.06]","(27925.83, 28915.445]","(10.516, 12.014]","(37.868, 39.85]","(19959.465, 20952.0]","(4.53, 6.026]",20362.0,4348.0
"(14.082, 16.07]","(26985.872, 27982.535]","(24.036, 25.522]","(31.884, 33.868]","(26936.215, 27925.83]","(26.994, 28.492]","(37.868, 39.85]","(10014.269, 11026.654]","(10.516, 12.012]",18824.0,5144.0
"(10.108, 12.095]","(22002.56, 22999.223]","(22.55, 24.036]","(37.836, 39.82]","(24956.985, 25946.6]","(23.998, 25.496]","(12.109, 14.09]","(10014.269, 11026.654]","(9.019, 10.516]",15013.0,3350.0
"(33.958, 35.945]","(22002.56, 22999.223]","(28.494, 29.98]","(33.868, 35.852]","(25946.6, 26936.215]","(4e-05, 1.528]","(10.128, 12.109]","(19959.465, 20952.0]","(23.984, 25.48]",25137.0,5778.0
"(16.07, 18.058]","(23995.885, 24992.548]","(1.746, 3.232]","(31.884, 33.868]","(15060.835, 16050.45]","(15.01, 16.508]","(20.035, 22.016]","(16981.862, 17974.396]","(17.998, 19.494]",13517.0,2528.0
"(20.045, 22.033]","(22002.56, 22999.223]","(16.606, 18.092]","(35.852, 37.836]","(25946.6, 26936.215]","(15.01, 16.508]","(35.887, 37.868]","(10014.269, 11026.654]","(4.53, 6.026]",18945.0,5045.0
"(16.07, 18.058]","(21005.898, 22002.56]","(6.204, 7.69]","(35.852, 37.836]","(14071.22, 15060.835]","(3.026, 4.524]","(27.961, 29.942]","(21944.534, 22937.068]","(25.48, 26.977]",12658.0,2230.0
"(8.12, 10.108]","(15025.922, 16022.585]","(22.55, 24.036]","(23.948, 25.932]","(11102.375, 12091.99]","(4.524, 6.022]","(8.146, 10.128]","(25914.672, 26907.206]","(15.005, 16.502]",2727.0,437.0
"(20.045, 22.033]","(28979.198, 29975.86]","(27.008, 28.494]","(2.124, 4.108]","(16050.45, 17040.065]","(12.014, 13.512]","(2.202, 4.183]","(10014.269, 11026.654]","(26.977, 28.473]",1443.0,722.0
"(26.008, 27.995]","(27982.535, 28979.198]","(21.064, 22.55]","(25.932, 27.916]","(27925.83, 28915.445]","(22.5, 23.998]","(31.924, 33.906]","(25914.672, 26907.206]","(19.494, 20.991]",26699.0,6090.0
"(2.158, 4.145]","(26985.872, 27982.535]","(15.12, 16.606]","(21.964, 23.948]","(18029.68, 19019.295]","(10.516, 12.014]","(16.072, 18.054]","(26907.206, 27899.741]","(16.502, 17.998]",14556.0,2449.0
"(6.132, 8.12]","(22002.56, 22999.223]","(10.662, 12.148]","(21.964, 23.948]","(20998.525, 21988.14]","(18.006, 19.504]","(10.128, 12.109]","(19959.465, 20952.0]","(25.48, 26.977]",15911.0,3027.0
"(14.082, 16.07]","(22002.56, 22999.223]","(27.008, 28.494]","(17.996, 19.98]","(19019.295, 20008.91]","(26.994, 28.492]","(6.164, 8.146]","(13011.724, 14004.258]","(22.487, 23.984]",14522.0,3366.0
"(2.158, 4.145]","(26985.872, 27982.535]","(27.008, 28.494]","(19.98, 21.964]","(20008.91, 20998.525]","(3.026, 4.524]","(33.906, 35.887]","(22937.068, 23929.603]","(1.536, 3.033]",17696.0,3159.0
"(24.02, 26.008]","(20009.235, 21005.898]","(7.69, 9.176]","(23.948, 25.932]","(11102.375, 12091.99]","(4e-05, 1.528]","(25.979, 27.961]","(10014.269, 11026.654]","(7.522, 9.019]",4347.0,886.0
"(29.982, 31.97]","(26985.872, 27982.535]","(12.148, 13.634]","(6.092, 8.076]","(21988.14, 22977.755]","(4.524, 6.022]","(25.979, 27.961]","(21944.534, 22937.068]","(25.48, 26.977]",24183.0,5252.0
"(12.095, 14.082]","(20009.235, 21005.898]","(9.176, 10.662]","(12.044, 14.028]","(27925.83, 28915.445]","(15.01, 16.508]","(22.016, 23.998]","(27899.741, 28892.276]","(4.53, 6.026]",27015.0,6069.0
"(14.082, 16.07]","(18015.91, 19012.573]","(6.204, 7.69]","(16.012, 17.996]","(10092.968, 11102.375]","(21.002, 22.5]","(27.961, 29.942]","(10014.269, 11026.654]","(20.991, 22.487]",3021.0,611.0
"(29.982, 31.97]","(10022.677, 11039.273]","(24.036, 25.522]","(6.092, 8.076]","(27925.83, 28915.445]","(23.998, 25.496]","(23.998, 25.979]","(18966.931, 19959.465]","(23.984, 25.48]",482.0,130.0
"(14.082, 16.07]","(13032.598, 14029.26]","(10.662, 12.148]","(23.948, 25.932]","(19019.295, 20008.91]","(16.508, 18.006]","(20.035, 22.016]","(15989.327, 16981.862]","(19.494, 20.991]",18654.0,3839.0
"(10.108, 12.095]","(27982.535, 28979.198]","(28.494, 29.98]","(37.836, 39.82]","(24956.985, 25946.6]","(28.492, 29.99]","(37.868, 39.85]","(14004.258, 14996.793]","(23.984, 25.48]",17968.0,3632.0
"(27.995, 29.982]","(10022.677, 11039.273]","(16.606, 18.092]","(17.996, 19.98]","(10092.968, 11102.375]","(4.524, 6.022]","(4.183, 6.164]","(23929.603, 24922.138]","(16.502, 17.998]",2781.0,538.0
"(26.008, 27.995]","(10022.677, 11039.273]","(0.23, 1.746]","(35.852, 37.836]","(19019.295, 20008.91]","(22.5, 23.998]","(2.202, 4.183]","(24922.138, 25914.672]","(25.48, 26.977]",12834.0,3235.0
"(22.033, 24.02]","(22999.223, 23995.885]","(27.008, 28.494]","(37.836, 39.82]","(20998.525, 21988.14]","(1.528, 3.026]","(35.887, 37.868]","(14004.258, 14996.793]","(19.494, 20.991]",19936.0,4567.0
"(35.945, 37.933]","(22999.223, 23995.885]","(3.232, 4.718]","(23.948, 25.932]","(28915.445, 29905.06]","(28.492, 29.99]","(14.09, 16.072]","(11026.654, 12019.189]","(6.026, 7.522]",20350.0,5402.0
"(20.045, 22.033]","(12035.935, 13032.598]","(12.148, 13.634]","(21.964, 23.948]","(23967.37, 24956.985]","(3.026, 4.524]","(8.146, 10.128]","(21944.534, 22937.068]","(26.977, 28.473]",20881.0,4997.0
"(35.945, 37.933]","(15025.922, 16022.585]","(19.578, 21.064]","(6.092, 8.076]","(18029.68, 19019.295]","(25.496, 26.994]","(2.202, 4.183]","(18966.931, 19959.465]","(10.516, 12.012]",121.0,84.0
"(16.07, 18.058]","(19012.573, 20009.235]","(9.176, 10.662]","(37.836, 39.82]","(27925.83, 28915.445]","(4e-05, 1.528]","(0.18, 2.202]","(21944.534, 22937.068]","(13.508, 15.005]",17485.0,5029.0
"(37.933, 39.92]","(21005.898, 22002.56]","(27.008, 28.494]","(21.964, 23.948]","(10092.968, 11102.375]","(1.528, 3.026]","(4.183, 6.164]","(23929.603, 24922.138]","(9.019, 10.516]",3591.0,631.0
"(24.02, 26.008]","(16022.585, 17019.248]","(15.12, 16.606]","(0.1, 2.124]","(21988.14, 22977.755]","(23.998, 25.496]","(18.054, 20.035]","(14996.793, 15989.327]","(13.508, 15.005]",240.0,76.0
"(6.132, 8.12]","(23995.885, 24992.548]","(27.008, 28.494]","(27.916, 29.9]","(23967.37, 24956.985]","(23.998, 25.496]","(4.183, 6.164]","(13011.724, 14004.258]","(1.536, 3.033]",16857.0,3469.0
"(35.945, 37.933]","(28979.198, 29975.86]","(7.69, 9.176]","(17.996, 19.98]","(11102.375, 12091.99]","(7.52, 9.018]","(22.016, 23.998]","(17974.396, 18966.931]","(4.53, 6.026]",5516.0,938.0
"(10.108, 12.095]","(27982.535, 28979.198]","(10.662, 12.148]","(25.932, 27.916]","(13081.605, 14071.22]","(15.01, 16.508]","(25.979, 27.961]","(20952.0, 21944.534]","(15.005, 16.502]",10164.0,1760.0
"(29.982, 31.97]","(27982.535, 28979.198]","(24.036, 25.522]","(23.948, 25.932]","(17040.065, 18029.68]","(9.018, 10.516]","(18.054, 20.035]","(26907.206, 27899.741]","(19.494, 20.991]",19672.0,3733.0
"(33.958, 35.945]","(13032.598, 14029.26]","(1.746, 3.232]","(10.06, 12.044]","(12091.99, 13081.605]","(4e-05, 1.528]","(14.09, 16.072]","(26907.206, 27899.741]","(1.536, 3.033]",8086.0,1314.0
"(29.982, 31.97]","(15025.922, 16022.585]","(7.69, 9.176]","(21.964, 23.948]","(13081.605, 14071.22]","(3.026, 4.524]","(0.18, 2.202]","(17974.396, 18966.931]","(9.019, 10.516]",7183.0,1484.0
"(35.945, 37.933]","(17019.248, 18015.91]","(18.092, 19.578]","(2.124, 4.108]","(11102.375, 12091.99]","(21.002, 22.5]","(35.887, 37.868]","(23929.603, 24922.138]","(20.991, 22.487]",467.0,93.0
"(37.933, 39.92]","(16022.585, 17019.248]","(24.036, 25.522]","(0.1, 2.124]","(27925.83, 28915.445]","(28.492, 29.99]","(16.072, 18.054]","(17974.396, 18966.931]","(6.026, 7.522]",15.0,9.0
"(12.095, 14.082]","(11039.273, 12035.935]","(28.494, 29.98]","(6.092, 8.076]","(20998.525, 21988.14]","(26.994, 28.492]","(27.961, 29.942]","(22937.068, 23929.603]","(1.536, 3.033]",0.0,0.0
"(8.12, 10.108]","(18015.91, 19012.573]","(16.606, 18.092]","(12.044, 14.028]","(22977.755, 23967.37]","(25.496, 26.994]","(33.906, 35.887]","(10014.269, 11026.654]","(15.005, 16.502]",0.0,0.0
"(33.958, 35.945]","(11039.273, 12035.935]","(19.578, 21.064]","(23.948, 25.932]","(25946.6, 26936.215]","(23.998, 25.496]","(23.998, 25.979]","(14996.793, 15989.327]","(4.53, 6.026]",22382.0,5260.0
"(18.058, 20.045]","(11039.273, 12035.935]","(24.036, 25.522]","(37.836, 39.82]","(14071.22, 15060.835]","(23.998, 25.496]","(0.18, 2.202]","(28892.276, 29884.81]","(22.487, 23.984]",7277.0,1610.0
"(24.02, 26.008]","(22002.56, 22999.223]","(0.23, 1.746]","(31.884, 33.868]","(28915.445, 29905.06]","(1.528, 3.026]","(14.09, 16.072]","(20952.0, 21944.534]","(1.536, 3.033]",25877.0,6050.0
"(10.108, 12.095]","(27982.535, 28979.198]","(27.008, 28.494]","(37.836, 39.82]","(21988.14, 22977.755]","(16.508, 18.006]","(31.924, 33.906]","(26907.206, 27899.741]","(7.522, 9.019]",20210.0,3659.0
"(27.995, 29.982]","(16022.585, 17019.248]","(27.008, 28.494]","(29.9, 31.884]","(22977.755, 23967.37]","(4.524, 6.022]","(22.016, 23.998]","(10014.269, 11026.654]","(6.026, 7.522]",18059.0,4608.0
"(31.97, 33.958]","(10022.677, 11039.273]","(16.606, 18.092]","(21.964, 23.948]","(28915.445, 29905.06]","(25.496, 26.994]","(14.09, 16.072]","(23929.603, 24922.138]","(16.502, 17.998]",26072.0,5863.0
"(0.13, 2.158]","(22002.56, 22999.223]","(0.23, 1.746]","(17.996, 19.98]","(19019.295, 20008.91]","(23.998, 25.496]","(27.961, 29.942]","(25914.672, 26907.206]","(0.0101, 1.536]",15624.0,2668.0
"(27.995, 29.982]","(26985.872, 27982.535]","(18.092, 19.578]","(21.964, 23.948]","(12091.99, 13081.605]","(10.516, 12.014]","(27.961, 29.942]","(28892.276, 29884.81]","(20.991, 22.487]",8850.0,1440.0
"(12.095, 14.082]","(22999.223, 23995.885]","(10.662, 12.148]","(27.916, 29.9]","(14071.22, 15060.835]","(23.998, 25.496]","(23.998, 25.979]","(15989.327, 16981.862]","(28.473, 29.97]",11644.0,2178.0
"(14.082, 16.07]","(24992.548, 25989.21]","(13.634, 15.12]","(2.124, 4.108]","(24956.985, 25946.6]","(13.512, 15.01]","(27.961, 29.942]","(20952.0, 21944.534]","(23.984, 25.48]",5149.0,1252.0
"(31.97, 33.958]","(22002.56, 22999.223]","(9.176, 10.662]","(0.1, 2.124]","(21988.14, 22977.755]","(13.512, 15.01]","(35.887, 37.868]","(21944.534, 22937.068]","(16.502, 17.998]",4875.0,1072.0
"(4.145, 6.132]","(22002.56, 22999.223]","(3.232, 4.718]","(21.964, 23.948]","(24956.985, 25946.6]","(19.504, 21.002]","(0.18, 2.202]","(15989.327, 16981.862]","(16.502, 17.998]",12649.0,3138.0
"(20.045, 22.033]","(10022.677, 11039.273]","(22.55, 24.036]","(6.092, 8.076]","(19019.295, 20008.91]","(25.496, 26.994]","(12.109, 14.09]","(27899.741, 28892.276]","(0.0101, 1.536]",711.0,163.0
"(31.97, 33.958]","(22999.223, 23995.885]","(21.064, 22.55]","(6.092, 8.076]","(11102.375, 12091.99]","(10.516, 12.014]","(31.924, 33.906]","(16981.862, 17974.396]","(6.026, 7.522]",6023.0,1051.0
"(29.982, 31.97]","(28979.198, 29975.86]","(28.494, 29.98]","(35.852, 37.836]","(17040.065, 18029.68]","(16.508, 18.006]","(37.868, 39.85]","(10014.269, 11026.654]","(12.012, 13.508]",13449.0,3052.0
"(29.982, 31.97]","(22002.56, 22999.223]","(25.522, 27.008]","(27.916, 29.9]","(13081.605, 14071.22]","(1.528, 3.026]","(18.054, 20.035]","(25914.672, 26907.206]","(3.033, 4.53]",11729.0,1995.0
"(4.145, 6.132]","(27982.535, 28979.198]","(16.606, 18.092]","(12.044, 14.028]","(11102.375, 12091.99]","(25.496, 26.994]","(2.202, 4.183]","(10014.269, 11026.654]","(28.473, 29.97]",183.0,58.0
"(24.02, 26.008]","(14029.26, 15025.922]","(21.064, 22.55]","(0.1, 2.124]","(21988.14, 22977.755]","(10.516, 12.014]","(29.942, 31.924]","(10014.269, 11026.654]","(13.508, 15.005]",3588.0,1177.0
"(37.933, 39.92]","(18015.91, 19012.573]","(18.092, 19.578]","(25.932, 27.916]","(12091.99, 13081.605]","(7.52, 9.018]","(33.906, 35.887]","(18966.931, 19959.465]","(10.516, 12.012]",7934.0,1367.0
"(14.082, 16.07]","(22002.56, 22999.223]","(19.578, 21.064]","(4.108, 6.092]","(18029.68, 19019.295]","(3.026, 4.524]","(37.868, 39.85]","(18966.931, 19959.465]","(26.977, 28.473]",19510.0,3934.0
"(26.008, 27.995]","(16022.585, 17019.248]","(22.55, 24.036]","(6.092, 8.076]","(18029.68, 19019.295]","(18.006, 19.504]","(33.906, 35.887]","(18966.931, 19959.465]","(0.0101, 1.536]",2969.0,649.0
"(4.145, 6.132]","(27982.535, 28979.198]","(24.036, 25.522]","(37.836, 39.82]","(20998.525, 21988.14]","(26.994, 28.492]","(29.942, 31.924]","(10014.269, 11026.654]","(10.516, 12.012]",12673.0,2706.0
"(35.945, 37.933]","(27982.535, 28979.198]","(24.036, 25.522]","(21.964, 23.948]","(10092.968, 11102.375]","(6.022, 7.52]","(18.054, 20.035]","(11026.654, 12019.189]","(16.502, 17.998]",2510.0,503.0
"(31.97, 33.958]","(24992.548, 25989.21]","(25.522, 27.008]","(27.916, 29.9]","(16050.45, 17040.065]","(26.994, 28.492]","(33.906, 35.887]","(18966.931, 19959.465]","(4.53, 6.026]",15404.0,2884.0
"(10.108, 12.095]","(25989.21, 26985.872]","(21.064, 22.55]","(17.996, 19.98]","(20998.525, 21988.14]","(10.516, 12.014]","(2.202, 4.183]","(16981.862, 17974.396]","(23.984, 25.48]",9382.0,2178.0
"(29.982, 31.97]","(12035.935, 13032.598]","(27.008, 28.494]","(29.9, 31.884]","(20998.525, 21988.14]","(1.528, 3.026]","(2.202, 4.183]","(12019.189, 13011.724]","(10.516, 12.012]",14283.0,3825.0
"(35.945, 37.933]","(27982.535, 28979.198]","(4.718, 6.204]","(8.076, 10.06]","(13081.605, 14071.22]","(15.01, 16.508]","(20.035, 22.016]","(16981.862, 17974.396]","(19.494, 20.991]",9993.0,1803.0
"(10.108, 12.095]","(19012.573, 20009.235]","(13.634, 15.12]","(21.964, 23.948]","(11102.375, 12091.99]","(15.01, 16.508]","(25.979, 27.961]","(11026.654, 12019.189]","(16.502, 17.998]",3976.0,790.0
"(18.058, 20.045]","(20009.235, 21005.898]","(19.578, 21.064]","(21.964, 23.948]","(21988.14, 22977.755]","(6.022, 7.52]","(16.072, 18.054]","(22937.068, 23929.603]","(12.012, 13.508]",23788.0,5044.0
"(20.045, 22.033]","(28979.198, 29975.86]","(6.204, 7.69]","(6.092, 8.076]","(14071.22, 15060.835]","(4.524, 6.022]","(6.164, 8.146]","(26907.206, 27899.741]","(1.536, 3.033]",13941.0,2425.0
"(6.132, 8.12]","(27982.535, 28979.198]","(0.23, 1.746]","(31.884, 33.868]","(18029.68, 19019.295]","(25.496, 26.994]","(0.18, 2.202]","(18966.931, 19959.465]","(15.005, 16.502]",12910.0,3237.0
"(12.095, 14.082]","(13032.598, 14029.26]","(21.064, 22.55]","(6.092, 8.076]","(23967.37, 24956.985]","(10.516, 12.014]","(23.998, 25.979]","(12019.189, 13011.724]","(16.502, 17.998]",9717.0,2537.0
"(31.97, 33.958]","(28979.198, 29975.86]","(18.092, 19.578]","(19.98, 21.964]","(15060.835, 16050.45]","(4e-05, 1.528]","(10.128, 12.109]","(15989.327, 16981.862]","(16.502, 17.998]",13472.0,2551.0
"(18.058, 20.045]","(25989.21, 26985.872]","(4.718, 6.204]","(12.044, 14.028]","(26936.215, 27925.83]","(7.52, 9.018]","(33.906, 35.887]","(20952.0, 21944.534]","(12.012, 13.508]",25507.0,5865.0
"(29.982, 31.97]","(19012.573, 20009.235]","(16.606, 18.092]","(8.076, 10.06]","(26936.215, 27925.83]","(25.496, 26.994]","(37.868, 39.85]","(16981.862, 17974.396]","(17.998, 19.494]",343.0,102.0
"(6.132, 8.12]","(28979.198, 29975.86]","(12.148, 13.634]","(29.9, 31.884]","(19019.295, 20008.91]","(6.022, 7.52]","(37.868, 39.85]","(20952.0, 21944.534]","(28.473, 29.97]",16179.0,2873.0
"(6.132, 8.12]","(27982.535, 28979.198]","(15.12, 16.606]","(29.9, 31.884]","(24956.985, 25946.6]","(12.014, 13.512]","(14.09, 16.072]","(14996.793, 15989.327]","(23.984, 25.48]",19380.0,3916.0
"(8.12, 10.108]","(14029.26, 15025.922]","(6.204, 7.69]","(25.932, 27.916]","(25946.6, 26936.215]","(15.01, 16.508]","(31.924, 33.906]","(24922.138, 25914.672]","(13.508, 15.005]",26079.0,5802.0
"(26.008, 27.995]","(21005.898, 22002.56]","(1.746, 3.232]","(29.9, 31.884]","(14071.22, 15060.835]","(21.002, 22.5]","(2.202, 4.183]","(13011.724, 14004.258]","(1.536, 3.033]",10348.0,2009.0
"(16.07, 18.058]","(27982.535, 28979.198]","(9.176, 10.662]","(29.9, 31.884]","(15060.835, 16050.45]","(9.018, 10.516]","(20.035, 22.016]","(17974.396, 18966.931]","(12.012, 13.508]",14642.0,2772.0
"(6.132, 8.12]","(17019.248, 18015.91]","(28.494, 29.98]","(19.98, 21.964]","(13081.605, 14071.22]","(25.496, 26.994]","(20.035, 22.016]","(19959.465, 20952.0]","(12.012, 13.508]",5912.0,950.0
"(2.158, 4.145]","(26985.872, 27982.535]","(24.036, 25.522]","(37.836, 39.82]","(21988.14, 22977.755]","(26.994, 28.492]","(20.035, 22.016]","(20952.0, 21944.534]","(28.473, 29.97]",19062.0,3522.0
"(10.108, 12.095]","(19012.573, 20009.235]","(12.148, 13.634]","(37.836, 39.82]","(18029.68, 19019.295]","(10.516, 12.014]","(23.998, 25.979]","(14996.793, 15989.327]","(28.473, 29.97]",18210.0,3832.0
"(37.933, 39.92]","(26985.872, 27982.535]","(15.12, 16.606]","(31.884, 33.868]","(17040.065, 18029.68]","(7.52, 9.018]","(14.09, 16.072]","(17974.396, 18966.931]","(26.977, 28.473]",17430.0,3408.0
"(35.945, 37.933]","(24992.548, 25989.21]","(7.69, 9.176]","(14.028, 16.012]","(16050.45, 17040.065]","(1.528, 3.026]","(33.906, 35.887]","(14996.793, 15989.327]","(23.984, 25.48]",15475.0,3071.0
"(31.97, 33.958]","(17019.248, 18015.91]","(6.204, 7.69]","(16.012, 17.996]","(22977.755, 23967.37]","(4.524, 6.022]","(16.072, 18.054]","(16981.862, 17974.396]","(7.522, 9.019]",22937.0,5154.0
"(2.158, 4.145]","(22999.223, 23995.885]","(27.008, 28.494]","(37.836, 39.82]","(26936.215, 27925.83]","(3.026, 4.524]","(35.887, 37.868]","(20952.0, 21944.534]","(28.473, 29.97]",22146.0,4355.0
"(2.158, 4.145]","(19012.573, 20009.235]","(1.746, 3.232]","(17.996, 19.98]","(27925.83, 28915.445]","(28.492, 29.99]","(35.887, 37.868]","(27899.741, 28892.276]","(4.53, 6.026]",23272.0,4422.0
"(8.12, 10.108]","(16022.585, 17019.248]","(0.23, 1.746]","(33.868, 35.852]","(25946.6, 26936.215]","(15.01, 16.508]","(31.924, 33.906]","(11026.654, 12019.189]","(25.48, 26.977]",20107.0,5113.0
"(0.13, 2.158]","(15025.922, 16022.585]","(21.064, 22.55]","(35.852, 37.836]","(23967.37, 24956.985]","(28.492, 29.99]","(27.961, 29.942]","(22937.068, 23929.603]","(10.516, 12.012]",21545.0,4108.0
"(10.108, 12.095]","(26985.872, 27982.535]","(0.23, 1.746]","(12.044, 14.028]","(10092.968, 11102.375]","(3.026, 4.524]","(6.164, 8.146]","(19959.465, 20952.0]","(15.005, 16.502]",2954.0,567.0
"(16.07, 18.058]","(25989.21, 26985.872]","(9.176, 10.662]","(4.108, 6.092]","(21988.14, 22977.755]","(13.512, 15.01]","(35.887, 37.868]","(12019.189, 13011.724]","(10.516, 12.012]",4045.0,1270.0
"(20.045, 22.033]","(17019.248, 18015.91]","(13.634, 15.12]","(0.1, 2.124]","(24956.985, 25946.6]","(9.018, 10.516]","(0.18, 2.202]","(25914.672, 26907.206]","(10.516, 12.012]",2085.0,1239.0
"(12.095, 14.082]","(22999.223, 23995.885]","(15.12, 16.606]","(14.028, 16.012]","(19019.295, 20008.91]","(4.524, 6.022]","(14.09, 16.072]","(25914.672, 26907.206]","(22.487, 23.984]",21670.0,4279.0
"(29.982, 31.97]","(22999.223, 23995.885]","(1.746, 3.232]","(37.836, 39.82]","(22977.755, 23967.37]","(10.516, 12.014]","(4.183, 6.164]","(10014.269, 11026.654]","(9.019, 10.516]",17912.0,4633.0
"(24.02, 26.008]","(11039.273, 12035.935]","(13.634, 15.12]","(23.948, 25.932]","(20998.525, 21988.14]","(23.998, 25.496]","(33.906, 35.887]","(14996.793, 15989.327]","(12.012, 13.508]",19891.0,4363.0
"(29.982, 31.97]","(21005.898, 22002.56]","(15.12, 16.606]","(31.884, 33.868]","(24956.985, 25946.6]","(15.01, 16.508]","(0.18, 2.202]","(14004.258, 14996.793]","(17.998, 19.494]",15775.0,4627.0
"(22.033, 24.02]","(11039.273, 12035.935]","(24.036, 25.522]","(0.1, 2.124]","(20008.91, 20998.525]","(22.5, 23.998]","(2.202, 4.183]","(19959.465, 20952.0]","(17.998, 19.494]",173.0,100.0
"(26.008, 27.995]","(24992.548, 25989.21]","(1.746, 3.232]","(29.9, 31.884]","(13081.605, 14071.22]","(22.5, 23.998]","(27.961, 29.942]","(23929.603, 24922.138]","(7.522, 9.019]",11386.0,1950.0
"(2.158, 4.145]","(23995.885, 24992.548]","(9.176, 10.662]","(31.884, 33.868]","(17040.065, 18029.68]","(15.01, 16.508]","(16.072, 18.054]","(26907.206, 27899.741]","(16.502, 17.998]",13647.0,2276.0
"(24.02, 26.008]","(26985.872, 27982.535]","(24.036, 25.522]","(8.076, 10.06]","(10092.968, 11102.375]","(26.994, 28.492]","(35.887, 37.868]","(22937.068, 23929.603]","(7.522, 9.019]",159.0,40.0
"(8.12, 10.108]","(26985.872, 27982.535]","(27.008, 28.494]","(2.124, 4.108]","(11102.375, 12091.99]","(10.516, 12.014]","(37.868, 39.85]","(18966.931, 19959.465]","(19.494, 20.991]",119.0,20.0
"(22.033, 24.02]","(21005.898, 22002.56]","(12.148, 13.634]","(31.884, 33.868]","(20008.91, 20998.525]","(1.528, 3.026]","(31.924, 33.906]","(12019.189, 13011.724]","(28.473, 29.97]",17148.0,3944.0
"(27.995, 29.982]","(16022.585, 17019.248]","(24.036, 25.522]","(4.108, 6.092]","(18029.68, 19019.295]","(16.508, 18.006]","(37.868, 39.85]","(27899.741, 28892.276]","(28.473, 29.97]",4420.0,906.0
"(37.933, 39.92]","(26985.872, 27982.535]","(24.036, 25.522]","(17.996, 19.98]","(25946.6, 26936.215]","(4e-05, 1.528]","(35.887, 37.868]","(25914.672, 26907.206]","(7.522, 9.019]",26240.0,5855.0
"(12.095, 14.082]","(15025.922, 16022.585]","(3.232, 4.718]","(31.884, 33.868]","(17040.065, 18029.68]","(3.026, 4.524]","(31.924, 33.906]","(17974.396, 18966.931]","(10.516, 12.012]",17013.0,3322.0
"(20.045, 22.033]","(10022.677, 11039.273]","(28.494, 29.98]","(4.108, 6.092]","(10092.968, 11102.375]","(21.002, 22.5]","(8.146, 10.128]","(24922.138, 25914.672]","(0.0101, 1.536]",328.0,68.0
"(37.933, 39.92]","(28979.198, 29975.86]","(4.718, 6.204]","(33.868, 35.852]","(20998.525, 21988.14]","(4e-05, 1.528]","(23.998, 25.979]","(24922.138, 25914.672]","(17.998, 19.494]",23892.0,5008.0
"(4.145, 6.132]","(12035.935, 13032.598]","(25.522, 27.008]","(0.1, 2.124]","(13081.605, 14071.22]","(25.496, 26.994]","(23.998, 25.979]","(20952.0, 21944.534]","(6.026, 7.522]",48.0,9.0
"(35.945, 37.933]","(15025.922, 16022.585]","(16.606, 18.092]","(4.108, 6.092]","(21988.14, 22977.755]","(10.516, 12.014]","(33.906, 35.887]","(21944.534, 22937.068]","(1.536, 3.033]",7182.0,1888.0
"(16.07, 18.058]","(22999.223, 23995.885]","(16.606, 18.092]","(33.868, 35.852]","(20008.91, 20998.525]","(12.014, 13.512]","(37.868, 39.85]","(17974.396, 18966.931]","(28.473, 29.97]",20879.0,4395.0
"(29.982, 31.97]","(28979.198, 29975.86]","(12.148, 13.634]","(33.868, 35.852]","(21988.14, 22977.755]","(9.018, 10.516]","(10.128, 12.109]","(10014.269, 11026.654]","(1.536, 3.033]",17838.0,4427.0
"(14.082, 16.07]","(15025.922, 16022.585]","(10.662, 12.148]","(19.98, 21.964]","(19019.295, 20008.91]","(19.504, 21.002]","(29.942, 31.924]","(25914.672, 26907.206]","(3.033, 4.53]",21256.0,4168.0
"(16.07, 18.058]","(23995.885, 24992.548]","(16.606, 18.092]","(0.1, 2.124]","(19019.295, 20008.91]","(21.002, 22.5]","(2.202, 4.183]","(10014.269, 11026.654]","(17.998, 19.494]",220.0,127.0
"(4.145, 6.132]","(17019.248, 18015.91]","(24.036, 25.522]","(0.1, 2.124]","(21988.14, 22977.755]","(15.01, 16.508]","(2.202, 4.183]","(27899.741, 28892.276]","(0.0101, 1.536]",274.0,48.0
"(20.045, 22.033]","(22002.56, 22999.223]","(15.12, 16.606]","(31.884, 33.868]","(10092.968, 11102.375]","(4e-05, 1.528]","(33.906, 35.887]","(10014.269, 11026.654]","(16.502, 17.998]",3188.0,644.0
"(22.033, 24.02]","(14029.26, 15025.922]","(9.176, 10.662]","(8.076, 10.06]","(20008.91, 20998.525]","(4e-05, 1.528]","(14.09, 16.072]","(10014.269, 11026.654]","(1.536, 3.033]",15842.0,3739.0
"(26.008, 27.995]","(16022.585, 17019.248]","(12.148, 13.634]","(0.1, 2.124]","(16050.45, 17040.065]","(9.018, 10.516]","(37.868, 39.85]","(13011.724, 14004.258]","(19.494, 20.991]",5127.0,1354.0
"(24.02, 26.008]","(26985.872, 27982.535]","(19.578, 21.064]","(2.124, 4.108]","(19019.295, 20008.91]","(25.496, 26.994]","(14.09, 16.072]","(12019.189, 13011.724]","(15.005, 16.502]",163.0,66.0
"(27.995, 29.982]","(14029.26, 15025.922]","(12.148, 13.634]","(2.124, 4.108]","(20998.525, 21988.14]","(10.516, 12.014]","(33.906, 35.887]","(18966.931, 19959.465]","(10.516, 12.012]",5915.0,1472.0
"(37.933, 39.92]","(12035.935, 13032.598]","(27.008, 28.494]","(21.964, 23.948]","(12091.99, 13081.605]","(3.026, 4.524]","(0.18, 2.202]","(23929.603, 24922.138]","(9.019, 10.516]",5527.0,1032.0
