n_estimators,max_depth,min_samples_split,min_samples_leaf,max_features,recall_micro_max,precision_micro_max,time
1500.0,20.0,0.06,0.05,10.0,0.42570237802807703,0.7618558108035047,0.7126239349827727
300.0,24.0,0.38,0.05,6.0,0.3642968382439449,0.7537353650538824,0.0628397180640405
1500.0,4.0,0.26,0.07,10.0,0.3788545274443101,0.7579630906338551,0.5365033192999845
1100.0,28.0,0.34,0.17,4.0,0.3529697911062217,0.7478172902163849,0.19184098242293907
700.0,36.0,0.14,0.09,10.0,0.3845152564163161,0.7570205774069575,0.24088683547566087
700.0,8.0,0.06,0.07,6.0,0.3884740867551823,0.7599421426781181,0.19769053628190097
300.0,20.0,0.38,0.19,8.0,0.3529697911062217,0.7478172902163849,0.04980808764133636
1900.0,28.0,0.1,0.17,4.0,0.3529697911062217,0.7478172902163849,0.34273192003343617
1700.0,16.0,0.1,0.05,10.0,0.42591147490363657,0.7616866255894874,0.7901601394806185
300.0,20.0,0.1,0.03,2.0,0.3855870087023122,0.7615739800512935,0.05102930886166397
100.0,16.0,0.18,0.17,4.0,0.3529697911062217,0.7478172902163849,0.002227862268838216
700.0,28.0,0.26,0.01,8.0,0.3845314072908653,0.7605168714256842,0.25375174067182604
1300.0,8.0,0.06,0.19,4.0,0.3529697911062217,0.7478172902163849,0.22097288982598562
1300.0,28.0,0.34,0.01,2.0,0.3530640418131021,0.7478650025789989,0.23349813012141557
700.0,40.0,0.14,0.09,4.0,0.365748213860695,0.7537165187205537,0.14680339709790646
1300.0,12.0,0.02,0.05,6.0,0.4080642870079368,0.7610609161643118,0.4292191175411633
100.0,12.0,0.1,0.05,10.0,0.429228054888774,0.7613409650372546,0.03085728445713397
1900.0,8.0,0.26,0.07,4.0,0.3620341066288615,0.7522523959546803,0.42597590149933384
300.0,12.0,0.02,0.09,10.0,0.38559825613152376,0.7569401174919033,0.09298005573580347
900.0,8.0,0.06,0.09,10.0,0.3843258469531148,0.7570722932808038,0.3119798195345059
700.0,36.0,0.22,0.13,2.0,0.3529697911062217,0.7478172902163849,0.1067272581902208
1100.0,4.0,0.3,0.05,10.0,0.3772032849242684,0.7577103185547764,0.39758050115216265
1300.0,16.0,0.22,0.05,6.0,0.37711815445114905,0.7577103509403467,0.3786064648861993
1500.0,24.0,0.22,0.07,6.0,0.37358742248764265,0.7565949632080385,0.4132559626735761
700.0,40.0,0.1,0.09,10.0,0.3845152564163161,0.7570205774069575,0.23899883832678265
1700.0,32.0,0.38,0.13,6.0,0.3530657603960489,0.7478654285822366,0.35877700409767754
300.0,8.0,0.26,0.11,4.0,0.3569503796636849,0.7498917806360622,0.04766973484349553
500.0,28.0,0.22,0.13,6.0,0.35970000960533155,0.7507438640329334,0.10315598103571956
500.0,16.0,0.38,0.03,8.0,0.3669383821885595,0.7550483180647147,0.14347862679223855
1300.0,12.0,0.22,0.03,6.0,0.3812061811914284,0.7594980094592599,0.40338102553141336
700.0,8.0,0.38,0.13,2.0,0.3529697911062217,0.7478172902163849,0.10172971875058837
1300.0,8.0,0.26,0.19,10.0,0.3529697911062217,0.7478172902163849,0.2967216633381706
100.0,28.0,0.26,0.07,2.0,0.35414739607624834,0.7484559433762807,0.0021855752034024845
700.0,20.0,0.14,0.07,8.0,0.3961568433854033,0.7601833959966735,0.23542142069096195
700.0,20.0,0.06,0.09,4.0,0.365748213860695,0.7537165187205537,0.14665880310975138
300.0,20.0,0.3,0.15,4.0,0.3529697911062217,0.7478172902163849,0.042168918239185144
100.0,16.0,0.02,0.03,8.0,0.44901346197052056,0.7594207003305683,0.03215020328914658
300.0,24.0,0.26,0.11,2.0,0.3529697911062217,0.7478172902163849,0.037321696251915865
100.0,36.0,0.34,0.15,6.0,0.3529697911062217,0.7478172902163849,0.005007598861573891
1100.0,8.0,0.22,0.09,2.0,0.35404069238257785,0.7483786772581941,0.1886174911629514
500.0,16.0,0.02,0.13,10.0,0.3683949916512528,0.7544425481309945,0.13332019835705838
900.0,24.0,0.06,0.13,8.0,0.3616584863232701,0.751627397361015,0.22565166113059432
300.0,8.0,0.38,0.03,2.0,0.35306594495237553,0.7478620205563355,0.03890876518127997
900.0,36.0,0.26,0.01,2.0,0.35658079708776746,0.7497456266128459,0.16783808707440984
100.0,28.0,0.18,0.07,8.0,0.3847332177191895,0.7584222965376177,0.01833003559304809
500.0,8.0,0.38,0.07,6.0,0.3633197717937859,0.7532323301103452,0.10957323163846076
100.0,24.0,0.1,0.07,10.0,0.4064001966228839,0.7601778632975458,0.024781371924700445
300.0,12.0,0.14,0.17,4.0,0.3529697911062217,0.7478172902163849,0.03997158876448013
1300.0,16.0,0.26,0.13,8.0,0.3617594434759643,0.7516794556208654,0.33302772908096934
700.0,4.0,0.18,0.09,2.0,0.35608364471547377,0.7494552824092464,0.11582594157219157
1500.0,36.0,0.26,0.17,2.0,0.3529697911062217,0.7478172902163849,0.2334716144645942
900.0,8.0,0.14,0.17,10.0,0.3529697911062217,0.7478172902163849,0.21418932731167417
900.0,40.0,0.14,0.17,4.0,0.3529697911062217,0.7478172902163849,0.1534748598014295
1300.0,16.0,0.3,0.07,4.0,0.3593943895927361,0.7511820264279531,0.2776849444267629
700.0,24.0,0.18,0.19,6.0,0.3529697911062217,0.7478172902163849,0.1250069405611674
700.0,12.0,0.06,0.09,10.0,0.3845152564163161,0.7570205774069575,0.23893131726262024
100.0,12.0,0.34,0.09,6.0,0.3591206713475674,0.7508970224914058,0.008294148975103607
300.0,20.0,0.1,0.03,2.0,0.3855870087023122,0.7615739800512935,0.05081196898027779
1900.0,8.0,0.02,0.13,10.0,0.36772814919178665,0.7544342956668192,0.5527066645462131
1100.0,8.0,0.1,0.03,10.0,0.43509661144158973,0.7610519304490023,0.5660916104848226
1100.0,24.0,0.34,0.17,6.0,0.3529697911062217,0.7478172902163849,0.21562235751671455
700.0,8.0,0.26,0.01,10.0,0.39136510664630064,0.7613649752945014,0.29447372048390014
1700.0,28.0,0.3,0.17,2.0,0.3529697911062217,0.7478172902163849,0.2665065635528306
1300.0,16.0,0.14,0.19,2.0,0.3529697911062217,0.7478172902163849,0.19575671188562588
100.0,8.0,0.34,0.17,8.0,0.3529697911062217,0.7478172902163849,0.006602809189223274
900.0,16.0,0.34,0.07,4.0,0.3570748813999621,0.7500170144175671,0.1823968775187011
300.0,32.0,0.38,0.11,10.0,0.3643900599205486,0.7537672542632773,0.07029156261457406
100.0,4.0,0.18,0.17,2.0,0.3529697911062217,0.7478172902163849,0.0
1100.0,36.0,0.26,0.19,6.0,0.3529697911062217,0.7478172902163849,0.20561627168121527
1700.0,16.0,0.3,0.19,8.0,0.3529697911062217,0.7478172902163849,0.35989980800442906
1900.0,28.0,0.3,0.03,2.0,0.3539373871347492,0.7483079711972896,0.3511078081882227
1100.0,20.0,0.18,0.13,6.0,0.35803845318369715,0.7498761506308856,0.24463287723245136
1500.0,20.0,0.34,0.15,8.0,0.3532586244269072,0.7479725605075502,0.34598590072797974
1300.0,12.0,0.1,0.13,2.0,0.3529697911062217,0.7478172902163849,0.21190587296356717
700.0,36.0,0.26,0.09,6.0,0.3665366442350793,0.7540998919654462,0.16778868776300965
900.0,12.0,0.38,0.07,4.0,0.3556035579516773,0.7492246814314478,0.17689813579769437
1300.0,36.0,0.02,0.03,6.0,0.4361771278500976,0.7627426328487874,0.5013138532185337
300.0,24.0,0.14,0.05,4.0,0.3869576336509532,0.7608995690827361,0.06385885559779506
1500.0,12.0,0.02,0.01,4.0,0.4673142104245412,0.7615550263895615,0.5851256053945485
100.0,12.0,0.1,0.17,10.0,0.3530671620896686,0.7478636807733293,0.008865422884012927
300.0,4.0,0.38,0.15,6.0,0.3529697911062217,0.7478172902163849,0.04786398702523309
1500.0,36.0,0.06,0.09,8.0,0.3804226412397307,0.7578184933305975,0.46500871843136604
1700.0,32.0,0.14,0.11,6.0,0.3663408232914993,0.7538787298421298,0.4158930296782213
1500.0,8.0,0.34,0.17,10.0,0.3529697911062217,0.7478172902163849,0.36767076501604157
1100.0,36.0,0.34,0.11,8.0,0.3618438727208616,0.752448413505016,0.2792956264718303
1700.0,8.0,0.34,0.19,10.0,0.3529697911062217,0.7478172902163849,0.39284151614745394
1900.0,40.0,0.26,0.05,10.0,0.3862697960192697,0.7597081185683389,0.7360814293372441
1100.0,12.0,0.18,0.01,4.0,0.3813180081104539,0.7587937427097916,0.30151296677405953
1700.0,40.0,0.3,0.11,6.0,0.35950737608110866,0.7510868774851607,0.39706481039555025
1300.0,28.0,0.02,0.01,8.0,0.4894869885058559,0.7588533755805137,0.8241319946641956
100.0,40.0,0.14,0.15,4.0,0.3529697911062217,0.7478172902163849,0.003014867928927297
1300.0,40.0,0.38,0.01,2.0,0.3529697911062217,0.7478172902163849,0.22765309841131326
1900.0,36.0,0.22,0.09,10.0,0.3803168130596783,0.7571754095549109,0.6549255864527895
700.0,36.0,0.3,0.05,2.0,0.3533539986581319,0.7480097998838346,0.11621973197825637
500.0,16.0,0.1,0.13,4.0,0.3537426807208285,0.748204474617264,0.0867785254067069
100.0,12.0,0.1,0.07,8.0,0.3937784111976639,0.7600551417631468,0.019689813618027886
100.0,16.0,0.34,0.19,8.0,0.3529697911062217,0.7478172902163849,0.00535127579849419
900.0,28.0,0.34,0.17,8.0,0.3529697911062217,0.7478172902163849,0.1945486821790613
500.0,40.0,0.06,0.05,10.0,0.4271677901481626,0.7611296810395147,0.22120948008442637
900.0,28.0,0.3,0.15,8.0,0.3547208653169247,0.7485682531950568,0.20720900031070316
1900.0,32.0,0.34,0.03,8.0,0.3697738211972583,0.7560146493025528,0.6173471836491133
1300.0,20.0,0.06,0.07,8.0,0.39604654466149225,0.7610883010401012,0.45126934748178427
100.0,28.0,0.06,0.15,10.0,0.3565054865089042,0.7490948675794337,0.010816828313615249
100.0,12.0,0.34,0.09,2.0,0.3529697911062217,0.7478172902163849,0.0011542434261636106
1900.0,20.0,0.34,0.13,4.0,0.3529697911062217,0.7478172902163849,0.3613929817690766
700.0,12.0,0.3,0.13,8.0,0.35920736781431983,0.7504723736357886,0.1683044690646217
1300.0,12.0,0.18,0.01,8.0,0.40640796718388783,0.7624912976101749,0.5494609986882643
100.0,8.0,0.02,0.19,6.0,0.3529697911062217,0.7478172902163849,0.003584036347772549
700.0,4.0,0.1,0.13,2.0,0.3529697911062217,0.7478172902163849,0.10667991845874399
1700.0,32.0,0.38,0.15,2.0,0.3529697911062217,0.7478172902163849,0.2678980399794048
1700.0,8.0,0.38,0.19,2.0,0.3529697911062217,0.7478172902163849,0.2619888564993553
1300.0,36.0,0.3,0.19,6.0,0.3529697911062217,0.7478172902163849,0.24626632178033747
1900.0,28.0,0.38,0.15,4.0,0.3529697911062217,0.7478172902163849,0.34617490512557814
300.0,12.0,0.34,0.01,6.0,0.3660577431639707,0.7541761953160251,0.07106787631300528
1900.0,20.0,0.26,0.19,4.0,0.3529697911062217,0.7478172902163849,0.33022281587718283
1300.0,24.0,0.14,0.17,4.0,0.3529697911062217,0.7478172902163849,0.22922796034437626
500.0,16.0,0.34,0.17,2.0,0.3529697911062217,0.7478172902163849,0.0667268850427994
1100.0,24.0,0.18,0.05,2.0,0.3628065755671167,0.7526454135234629,0.2067248294162492
900.0,24.0,0.26,0.13,2.0,0.3529697911062217,0.7478172902163849,0.14185590863861586
1100.0,4.0,0.14,0.17,6.0,0.3529697911062217,0.7478172902163849,0.21586028937148927
500.0,20.0,0.34,0.03,8.0,0.3699719567654996,0.7560894653457197,0.15123826057775852
500.0,24.0,0.34,0.05,10.0,0.3746561936162504,0.7572200444270429,0.16627935235355173
1500.0,40.0,0.14,0.11,4.0,0.3585294095825883,0.7505564449293812,0.3114460440083002
1500.0,16.0,0.3,0.17,10.0,0.3529697911062217,0.7478172902163849,0.36793757689988404
1500.0,32.0,0.1,0.13,10.0,0.3679144123053651,0.7546578018921549,0.4335173078074139
1500.0,16.0,0.22,0.13,10.0,0.3679144123053651,0.7546578018921549,0.4338109350392739
700.0,20.0,0.34,0.17,2.0,0.3529697911062217,0.7478172902163849,0.10013497007490943
300.0,8.0,0.22,0.01,8.0,0.3963427270687201,0.7629541384224139,0.10667709370980885
500.0,12.0,0.34,0.11,8.0,0.3629150472776065,0.7525648876930701,0.11811066610085814
1900.0,16.0,0.18,0.05,8.0,0.3928972901354436,0.7605964529105603,0.6956389848943966
500.0,8.0,0.18,0.03,10.0,0.4096660396435408,0.7613542946011883,0.21952769853478482
100.0,8.0,0.3,0.03,6.0,0.3688940483265883,0.7554462059513317,0.013275394140630292
500.0,16.0,0.38,0.01,8.0,0.3673305133235768,0.7550809319644904,0.1490587047039153
100.0,4.0,0.26,0.01,4.0,0.3657640212476635,0.7542735957233552,0.009014803004336647
300.0,4.0,0.22,0.05,8.0,0.3844076986832301,0.7598927003344891,0.08907300711555527
1300.0,12.0,0.26,0.15,4.0,0.3529697911062217,0.7478172902163849,0.23897447024432095
1900.0,28.0,0.1,0.11,2.0,0.3529697911062217,0.7478172902163849,0.32920995655516994
500.0,32.0,0.26,0.17,4.0,0.3529697911062217,0.7478172902163849,0.07792509399639017
900.0,16.0,0.02,0.01,4.0,0.468245606409061,0.7612634012666956,0.34615325594367174
900.0,28.0,0.18,0.03,2.0,0.3644883352650943,0.7535374140553648,0.1725914521554131
1900.0,40.0,0.38,0.07,2.0,0.3529697911062217,0.7478172902163849,0.3231517564100773
1900.0,40.0,0.06,0.19,8.0,0.3529697911062217,0.7478172902163849,0.4045827234644055
500.0,16.0,0.38,0.11,10.0,0.3644802617325797,0.7537999593463256,0.12835151599142336
900.0,16.0,0.18,0.09,2.0,0.3564710870937192,0.7496470169949082,0.15406443145197374
900.0,28.0,0.14,0.15,6.0,0.3529697911062217,0.7478172902163849,0.18435929373038296
300.0,12.0,0.06,0.13,2.0,0.3529697911062217,0.7478172902163849,0.03618287990831131
100.0,20.0,0.26,0.03,6.0,0.3744846149795228,0.7571983097216191,0.01452803830170813
1700.0,32.0,0.18,0.11,6.0,0.3663408232914993,0.7538787298421298,0.4172755383239775
300.0,12.0,0.06,0.11,4.0,0.3597791644722104,0.7507562952560269,0.048961119511639534
1900.0,8.0,0.02,0.15,6.0,0.3529697911062217,0.7478172902163849,0.4053270709520882
1500.0,40.0,0.1,0.11,6.0,0.36653701203721945,0.7539775507808268,0.36505231202288946
1700.0,40.0,0.18,0.03,4.0,0.3780959117409246,0.7584831611539393,0.44809846159135613
1300.0,12.0,0.14,0.11,2.0,0.3529697911062217,0.7478172902163849,0.2199597537678467
1700.0,36.0,0.14,0.17,6.0,0.3529697911062217,0.7478172902163849,0.34214817259435326
700.0,8.0,0.34,0.01,10.0,0.3765981119275662,0.7583014751040982,0.26283918117045046
500.0,36.0,0.18,0.19,4.0,0.3529697911062217,0.7478172902163849,0.07490167912960134
300.0,32.0,0.34,0.09,2.0,0.3529697911062217,0.7478172902163849,0.03684447309208884
900.0,8.0,0.18,0.07,4.0,0.3698645894964812,0.7556637175187012,0.20481771324433007
500.0,16.0,0.14,0.09,6.0,0.3764272124102525,0.7575462412065511,0.1222060521463829
700.0,20.0,0.26,0.19,4.0,0.3529697911062217,0.7478172902163849,0.11148762839352692
300.0,36.0,0.38,0.19,6.0,0.3529697911062217,0.7478172902163849,0.04427125325636003
1500.0,36.0,0.38,0.01,10.0,0.3713236490411924,0.7567398108078764,0.5463619723702952
300.0,36.0,0.1,0.01,4.0,0.4132715601779133,0.7611881769562407,0.08179288817105264
700.0,32.0,0.14,0.17,6.0,0.3529697911062217,0.7478172902163849,0.1313311313086965
100.0,16.0,0.14,0.13,2.0,0.3529697911062217,0.7478172902163849,0.0008818827917040882
1500.0,24.0,0.26,0.17,10.0,0.3529697911062217,0.7478172902163849,0.36771285186225255
1500.0,28.0,0.34,0.11,10.0,0.36556096419114653,0.7537554254586948,0.4338596214682116
1300.0,12.0,0.1,0.19,10.0,0.3529697911062217,0.7478172902163849,0.29636474387621997
1100.0,4.0,0.1,0.01,2.0,0.3744249761276025,0.7584516028668428,0.22272786871857525
1100.0,12.0,0.26,0.19,10.0,0.3529697911062217,0.7478172902163849,0.24827595402117253
500.0,40.0,0.3,0.13,4.0,0.3529697911062217,0.7478172902163849,0.08501300376041669
100.0,28.0,0.22,0.11,10.0,0.37759125971535,0.7561375380524143,0.016071688990780764
700.0,24.0,0.18,0.11,2.0,0.3529697911062217,0.7478172902163849,0.11084879006087787
100.0,12.0,0.26,0.11,2.0,0.3529697911062217,0.7478172902163849,0.0012742066238296545
1900.0,40.0,0.3,0.09,6.0,0.3634150605281973,0.7529790046342615,0.46857657910622974
1900.0,4.0,0.14,0.03,6.0,0.389685903272044,0.7621882768339923,0.6086821700068193
700.0,4.0,0.38,0.19,2.0,0.3529697911062217,0.7478172902163849,0.09803197573710272
1500.0,28.0,0.34,0.07,4.0,0.3568754236820809,0.7498967795153264,0.31509383806397895
1300.0,16.0,0.22,0.19,6.0,0.3529697911062217,0.7478172902163849,0.24630739605288954
1500.0,32.0,0.26,0.01,4.0,0.3667294852081153,0.7546292301917163,0.376276071245065
1300.0,16.0,0.34,0.03,6.0,0.3652718124491186,0.7542058494168064,0.3522471818299241
1100.0,16.0,0.38,0.07,10.0,0.3664456084794239,0.7546466868422836,0.3426608498603409
500.0,28.0,0.34,0.09,6.0,0.3628202619138968,0.7529592508880538,0.10764244751372574
500.0,16.0,0.38,0.01,10.0,0.37219341351957774,0.7570161714311089,0.17208138156519232
1900.0,8.0,0.26,0.19,8.0,0.3529697911062217,0.7478172902163849,0.4049721536823849
1900.0,24.0,0.38,0.09,6.0,0.3594055869119304,0.7512038254577451,0.44104253971786683
1300.0,36.0,0.34,0.17,4.0,0.3529697911062217,0.7478172902163849,0.2286874895893175
1700.0,36.0,0.02,0.01,6.0,0.4807896466441194,0.7598971665414481,0.8711112830757612
700.0,40.0,0.18,0.01,4.0,0.3811152614787353,0.7590114943149854,0.1855900910408929
1900.0,12.0,0.18,0.07,10.0,0.3932993451793,0.7606881504648124,0.7399950507593036
1100.0,12.0,0.22,0.09,4.0,0.3621371738637379,0.7523123264459348,0.23430888152650342
1700.0,12.0,0.38,0.13,4.0,0.3529697911062217,0.7478172902163849,0.31438997311814587
1900.0,32.0,0.02,0.03,2.0,0.3976360455527684,0.7631737895404519,0.4265410221741068
300.0,28.0,0.02,0.03,2.0,0.3995691086364347,0.7634225955772543,0.0534541345611048
1500.0,28.0,0.1,0.09,4.0,0.3662270377106219,0.7539476388508578,0.3324400741787995
1900.0,16.0,0.06,0.17,8.0,0.3529697911062217,0.7478172902163849,0.4268174433054554
100.0,12.0,0.06,0.03,2.0,0.3991939963534537,0.7618927134259692,0.006696977264220708
1300.0,16.0,0.14,0.11,4.0,0.3583321384992412,0.7504600093269176,0.26709088359339067
1900.0,4.0,0.14,0.17,2.0,0.3529697911062217,0.7478172902163849,0.3006997885079226
1100.0,40.0,0.22,0.13,4.0,0.3531635941050977,0.7479173571812701,0.21053168808137734
1300.0,36.0,0.02,0.05,2.0,0.3783856130759458,0.7598449058728912,0.25982622488877094
1900.0,24.0,0.06,0.07,6.0,0.3869890305311065,0.7589158338237443,0.5624357579241681
500.0,16.0,0.02,0.01,4.0,0.4665947661967377,0.7607832242488987,0.18418046480535938
1500.0,28.0,0.34,0.15,4.0,0.3529697911062217,0.7478172902163849,0.2724857689244293
700.0,36.0,0.1,0.19,10.0,0.3529697911062217,0.7478172902163849,0.1519478120046307
300.0,16.0,0.1,0.09,8.0,0.3795356545207256,0.7570944746440403,0.079824999725655
1900.0,40.0,0.18,0.15,10.0,0.3572711114905485,0.7495029947052928,0.5052992781006581
900.0,32.0,0.1,0.15,2.0,0.3529697911062217,0.7478172902163849,0.13720599823384955
100.0,16.0,0.1,0.07,4.0,0.38160009225717656,0.7589358097140769,0.008615304437444005
100.0,40.0,0.1,0.05,10.0,0.429228054888774,0.7613409650372546,0.030879674577700175
500.0,36.0,0.22,0.13,8.0,0.3634104210714895,0.7525242669542029,0.11812405400800084
500.0,40.0,0.06,0.09,8.0,0.380408704625992,0.7576480618667472,0.14464106645380004
300.0,32.0,0.14,0.13,10.0,0.36820291603072897,0.7543344310281735,0.0732846487322995
1700.0,20.0,0.26,0.01,2.0,0.35677864385874736,0.7498441183824816,0.3301554006614004
1700.0,28.0,0.14,0.11,10.0,0.3765356577170085,0.7569822850499766,0.5406365633576486
1300.0,12.0,0.38,0.03,10.0,0.3696745727116665,0.7560824775861767,0.4536818093252765
1300.0,20.0,0.22,0.19,4.0,0.3529697911062217,0.7478172902163849,0.22080322124931473
500.0,24.0,0.22,0.11,6.0,0.3678008898391129,0.7544394767590398,0.11085933153929677
1100.0,20.0,0.18,0.07,2.0,0.360185348915722,0.7514717595949921,0.19882899682191507
300.0,24.0,0.3,0.03,8.0,0.3776757912298881,0.7591292870515598,0.08873008642067494
1700.0,8.0,0.02,0.09,10.0,0.38461778469834457,0.7570800831323116,0.6032469551677335
1500.0,8.0,0.26,0.03,10.0,0.3887198573305484,0.7605696164252093,0.6157485083811224
1700.0,28.0,0.34,0.19,2.0,0.3529697911062217,0.7478172902163849,0.26117872360588534
500.0,12.0,0.26,0.07,2.0,0.35364582308946224,0.7481615685287111,0.07777454699332349
1700.0,24.0,0.22,0.07,6.0,0.3734931717807624,0.7565513056392973,0.4698479227226735
1500.0,20.0,0.22,0.11,10.0,0.37614358958412175,0.7568022861174922,0.4751902932291524
1500.0,24.0,0.18,0.05,8.0,0.3929015779667099,0.7604558289590206,0.5468818371238668
1700.0,36.0,0.26,0.07,2.0,0.3539433213991309,0.7483324783977661,0.30405468861871093
500.0,4.0,0.1,0.07,4.0,0.3743784052753597,0.7575717639037901,0.1070918586737681
700.0,20.0,0.1,0.15,8.0,0.3543321148445173,0.7485246255240297,0.1578358602412933
1300.0,20.0,0.3,0.13,4.0,0.3529697911062217,0.7478172902163849,0.24779108554763618
100.0,4.0,0.3,0.17,8.0,0.3529697911062217,0.7478172902163849,0.006540243869693832
700.0,16.0,0.02,0.09,4.0,0.365748213860695,0.7537165187205537,0.14668845340895764
1500.0,12.0,0.14,0.19,8.0,0.3529697911062217,0.7478172902163849,0.3156337706501659
1500.0,4.0,0.22,0.01,6.0,0.37749673268324624,0.7587906257091206,0.4652681107263576
700.0,16.0,0.06,0.03,8.0,0.4469171171747544,0.7614831409602363,0.32244159284799573
100.0,8.0,0.38,0.17,6.0,0.3529697911062217,0.7478172902163849,0.004172562267334017
1500.0,8.0,0.34,0.11,6.0,0.3576481840012359,0.7502698639785874,0.3403000075936646
700.0,20.0,0.34,0.13,10.0,0.3613623752072953,0.7522053293005286,0.1809538223243249
1300.0,32.0,0.3,0.01,10.0,0.3820667906513865,0.7598926095381838,0.529676764489465
500.0,8.0,0.34,0.03,10.0,0.3761154909037946,0.7583703743401458,0.17512006793017443
1900.0,32.0,0.34,0.01,4.0,0.3603819546493984,0.7517015158346334,0.4433032417654086
1500.0,4.0,0.14,0.15,4.0,0.3529697911062217,0.7478172902163849,0.27836779910681425
1500.0,12.0,0.34,0.05,6.0,0.3651727114396361,0.7541564114298499,0.3931573052244584
1300.0,32.0,0.38,0.05,8.0,0.36576383455855693,0.754459573902677,0.3818204527470609
1700.0,12.0,0.22,0.19,2.0,0.3529697911062217,0.7478172902163849,0.2612758375815781
900.0,32.0,0.1,0.05,2.0,0.3775993179719913,0.7592969515934355,0.17566666258789065
100.0,40.0,0.26,0.07,2.0,0.35414739607624834,0.7484559433762807,0.0023404135293435303
700.0,16.0,0.02,0.03,8.0,0.4469171171747544,0.7614831409602363,0.3225522197084364
1700.0,40.0,0.18,0.19,6.0,0.3529697911062217,0.7478172902163849,0.3273401525748283
1100.0,40.0,0.22,0.01,10.0,0.4011141124315175,0.7619123304182469,0.5042351294997858
1900.0,4.0,0.18,0.17,4.0,0.3529697911062217,0.7478172902163849,0.3426063532480406
1900.0,4.0,0.26,0.17,8.0,0.3529697911062217,0.7478172902163849,0.4268436567205171
900.0,32.0,0.18,0.11,6.0,0.3662347352432608,0.7536539729346784,0.21272193464159667
1500.0,20.0,0.38,0.01,4.0,0.3586242298329125,0.7507860620464442,0.33279238094689106
700.0,28.0,0.26,0.01,6.0,0.3767264142576888,0.7581362647920381,0.20913198736320815
100.0,16.0,0.34,0.17,4.0,0.3529697911062217,0.7478172902163849,0.0022241767047648346
300.0,32.0,0.22,0.03,2.0,0.3609546809149424,0.7518527455890387,0.044671852391347945
900.0,36.0,0.1,0.17,2.0,0.3529697911062217,0.7478172902163849,0.13369736036521562
1500.0,20.0,0.14,0.09,10.0,0.38403702122184014,0.7568031943376565,0.530398154356231
100.0,12.0,0.18,0.09,8.0,0.3773005873399636,0.7569161575484873,0.015616959249336544
1900.0,8.0,0.34,0.05,2.0,0.3529697911062217,0.7478172902163849,0.33646308288750054
1100.0,16.0,0.26,0.15,6.0,0.3529697911062217,0.7478172902163849,0.23073752147869253
1500.0,36.0,0.18,0.05,2.0,0.3625198871613616,0.7526509135737834,0.2877391721459196
500.0,32.0,0.18,0.13,10.0,0.3683949916512528,0.7544425481309945,0.13350664071374913
900.0,28.0,0.18,0.03,2.0,0.3644883352650943,0.7535374140553648,0.17276758385967017
1700.0,36.0,0.14,0.11,6.0,0.3663408232914993,0.7538787298421298,0.4174486386836663
300.0,40.0,0.26,0.07,2.0,0.3544163720559225,0.7485737047757071,0.040182318860886246
1700.0,8.0,0.34,0.07,10.0,0.3701503623675199,0.7555826273647175,0.5662832177323427
1900.0,4.0,0.34,0.11,8.0,0.3621413311241264,0.7526130038100374,0.4943488946371642
1700.0,40.0,0.14,0.07,8.0,0.3956649658563393,0.7606353427304446,0.5939317429835291
1500.0,36.0,0.22,0.03,10.0,0.3966319894404951,0.7613174647579075,0.6487087744232461
900.0,16.0,0.3,0.09,4.0,0.3565799289757768,0.749730479358494,0.17940706887490954
1500.0,24.0,0.18,0.01,4.0,0.3814177094058031,0.7589864498158767,0.4157614550408017
1100.0,12.0,0.14,0.01,4.0,0.3946076768785607,0.761621195525398,0.32030041530121967
700.0,4.0,0.14,0.01,2.0,0.36575023942398294,0.7541593066498926,0.13227719647710823
1900.0,24.0,0.38,0.09,8.0,0.3627229412199966,0.7529209902641221,0.5052603552283107
1900.0,32.0,0.26,0.13,8.0,0.36235425868714505,0.7519936619868455,0.494900059904444
1500.0,8.0,0.26,0.05,2.0,0.35560956223829904,0.7492268537575214,0.2740919160678203
1700.0,8.0,0.3,0.05,8.0,0.37212181726826576,0.7564318900681133,0.5475375805905492
1900.0,4.0,0.1,0.05,2.0,0.3723054899180307,0.7574643508817517,0.37414014403299156
900.0,24.0,0.02,0.01,2.0,0.4365647143742454,0.7610233996289295,0.23577822920340596
900.0,40.0,0.14,0.19,10.0,0.3529697911062217,0.7478172902163849,0.20070942262342178
900.0,4.0,0.18,0.03,10.0,0.3983884442800077,0.7620118203707806,0.37749780767919394
1100.0,12.0,0.26,0.19,8.0,0.3529697911062217,0.7478172902163849,0.22707052933250854
300.0,40.0,0.14,0.13,2.0,0.3529697911062217,0.7478172902163849,0.03604768347090252
1500.0,32.0,0.22,0.07,6.0,0.37358742248764265,0.7565949632080385,0.4128436475257362
1100.0,40.0,0.22,0.19,2.0,0.3529697911062217,0.7478172902163849,0.16304327661388374
900.0,36.0,0.06,0.13,2.0,0.3529697911062217,0.7478172902163849,0.1419940777576354
300.0,4.0,0.3,0.03,4.0,0.3628008775942578,0.7529308099220845,0.05586543079713577
700.0,12.0,0.34,0.15,10.0,0.3553920282534848,0.7490763558694861,0.16959603482276514
100.0,32.0,0.1,0.05,8.0,0.4190826554900368,0.7616852624140253,0.024789612794957255
900.0,28.0,0.02,0.19,8.0,0.3529697911062217,0.7478172902163849,0.18293139653412988
900.0,40.0,0.3,0.17,6.0,0.3529697911062217,0.7478172902163849,0.17352465993386368
300.0,12.0,0.1,0.15,4.0,0.3529697911062217,0.7478172902163849,0.042359841935721496
500.0,8.0,0.3,0.03,2.0,0.35412931219758964,0.748421481649013,0.0801961092469291
1100.0,32.0,0.22,0.05,4.0,0.3687833652724965,0.7555479405564609,0.25894302218052156
1100.0,36.0,0.14,0.03,2.0,0.3713332887176233,0.7568095072201626,0.22263474509927889
1900.0,12.0,0.34,0.11,6.0,0.3573668708871194,0.7501470060061007,0.43510400945565236
1500.0,40.0,0.26,0.19,2.0,0.3529697911062217,0.7478172902163849,0.22852159967228308
1700.0,16.0,0.3,0.11,6.0,0.35950737608110866,0.7510868774851607,0.39733998047556474
500.0,36.0,0.3,0.11,2.0,0.3529697911062217,0.7478172902163849,0.07197831266166543
1300.0,28.0,0.38,0.15,10.0,0.3543325985204301,0.7485375548489709,0.3254992732584135
900.0,32.0,0.02,0.01,8.0,0.4887972238961547,0.7579322966017025,0.567033798796908
1300.0,24.0,0.14,0.15,10.0,0.3568673623625547,0.7494186858128771,0.34060404239936665
1700.0,40.0,0.02,0.05,4.0,0.3950886700290014,0.7613585021558772,0.455730205028248
1100.0,32.0,0.14,0.07,4.0,0.3771287215194601,0.7581755869315879,0.2610963518864861
900.0,20.0,0.02,0.01,10.0,0.4962331927245325,0.7570877067326252,0.6754706039696443
1100.0,16.0,0.3,0.11,2.0,0.3529697911062217,0.7478172902163849,0.17842611199956082
900.0,40.0,0.02,0.07,10.0,0.4039835605799394,0.7610509189051476,0.3557323328357416
1300.0,4.0,0.06,0.17,8.0,0.3529697911062217,0.7478172902163849,0.28756830225390023
1900.0,40.0,0.26,0.11,10.0,0.3726128976756372,0.7562687506622263,0.5895397595750969
1100.0,24.0,0.26,0.09,4.0,0.3588162157903721,0.7507427159751013,0.22796775631346206
1300.0,24.0,0.26,0.13,6.0,0.3583375196523212,0.7500466182668762,0.2919725054114505
1500.0,12.0,0.18,0.03,8.0,0.3997480882856005,0.7617245378049385,0.591331314821731
900.0,16.0,0.02,0.07,8.0,0.3953732786691184,0.7602376029456348,0.3072034279673749
1700.0,40.0,0.38,0.17,4.0,0.3529697911062217,0.7478172902163849,0.3008739754076082
900.0,16.0,0.02,0.03,8.0,0.4462457219099926,0.7611926051855927,0.4198613198756086
300.0,20.0,0.34,0.05,10.0,0.3758365871872563,0.7576518280169512,0.09265258762911595
100.0,4.0,0.34,0.11,6.0,0.3557113234413352,0.7492617325502124,0.0072314771504241315
500.0,40.0,0.3,0.01,6.0,0.3698796514529526,0.7554668873493948,0.1371501306937365
1100.0,36.0,0.22,0.09,8.0,0.3746575525861674,0.7568118380890212,0.32685084994686875
300.0,32.0,0.14,0.13,10.0,0.36820291603072897,0.7543344310281735,0.0732487980135345
1500.0,20.0,0.26,0.17,6.0,0.3529697911062217,0.7478172902163849,0.2998992431821702
1700.0,24.0,0.18,0.11,8.0,0.3710406565537551,0.7556280179380331,0.4789384022175566
500.0,12.0,0.26,0.13,2.0,0.3529697911062217,0.7478172902163849,0.07122402307795646
700.0,12.0,0.22,0.07,2.0,0.35599944366854763,0.7494348851548917,0.1258054594643203
500.0,16.0,0.26,0.13,8.0,0.3634104210714895,0.7525242669542029,0.11841538573282563
1900.0,40.0,0.18,0.05,2.0,0.36251460335947816,0.7525053381667497,0.3679096431298275
100.0,40.0,0.02,0.07,4.0,0.38160009225717656,0.7589358097140769,0.008610422659148884
300.0,40.0,0.3,0.07,10.0,0.3754071763227845,0.7571298193738674,0.09025401870431414
100.0,40.0,0.26,0.17,4.0,0.3529697911062217,0.7478172902163849,0.002213954046767521
500.0,4.0,0.06,0.11,6.0,0.3678008898391129,0.7544394767590398,0.11110682545615531
700.0,4.0,0.26,0.15,2.0,0.3529697911062217,0.7478172902163849,0.10293095885745521
1500.0,20.0,0.26,0.09,4.0,0.3593029728023186,0.7510084656965431,0.31837085289634026
500.0,16.0,0.18,0.07,2.0,0.3595026607293157,0.7510917854858391,0.0813713042759168
100.0,12.0,0.26,0.17,4.0,0.3529697911062217,0.7478172902163849,0.0022299090959447126
1700.0,4.0,0.26,0.11,2.0,0.3529697911062217,0.7478172902163849,0.2889106879872424
700.0,36.0,0.18,0.07,2.0,0.3592101566476687,0.7509513389932165,0.12042620271034717
700.0,20.0,0.02,0.19,8.0,0.3529697911062217,0.7478172902163849,0.13868353066861477
300.0,32.0,0.06,0.05,8.0,0.4213868168535422,0.7617494718602382,0.1070683310019377
1300.0,20.0,0.1,0.11,8.0,0.37055247796622026,0.7555172231477919,0.362798006788286
900.0,8.0,0.22,0.17,4.0,0.3529697911062217,0.7478172902163849,0.15369331300372785
500.0,12.0,0.14,0.15,10.0,0.3579520802038946,0.7500103737469022,0.12148671675841348
1300.0,40.0,0.34,0.01,4.0,0.36038312149714463,0.7516967622904088,0.2984345949182816
1900.0,4.0,0.14,0.03,2.0,0.36644281323713146,0.7545121463324703,0.3781559320967847
1500.0,24.0,0.02,0.09,4.0,0.3662270377106219,0.7539476388508578,0.33272396718554814
500.0,40.0,0.26,0.09,8.0,0.37114913312742404,0.7556586790881231,0.13544608782697903
1700.0,16.0,0.18,0.11,10.0,0.3765356577170085,0.7569822850499766,0.5410933590554247
1700.0,24.0,0.26,0.01,6.0,0.3751555549110482,0.7576582197473948,0.5294484673878301
300.0,28.0,0.3,0.01,10.0,0.3835139725622089,0.7595438801669255,0.10942050900483725
500.0,28.0,0.22,0.07,10.0,0.3871584721622582,0.7592793685920605,0.17493341642728716
300.0,8.0,0.38,0.19,2.0,0.3529697911062217,0.7478172902163849,0.0324930589446609
500.0,28.0,0.02,0.07,2.0,0.3641793108386042,0.7532117248457484,0.08322110418772723
100.0,20.0,0.06,0.17,8.0,0.3529697911062217,0.7478172902163849,0.006578997129576849
1100.0,16.0,0.1,0.01,4.0,0.4136940344028194,0.7629131852145237,0.3451833379065996
1900.0,4.0,0.3,0.19,2.0,0.3529697911062217,0.7478172902163849,0.2942280655232332
1300.0,12.0,0.18,0.17,6.0,0.3529697911062217,0.7478172902163849,0.2582739851775411
900.0,28.0,0.34,0.03,10.0,0.3758259603573405,0.7579261549228957,0.32911676662122585
500.0,24.0,0.26,0.19,10.0,0.3529697911062217,0.7478172902163849,0.10432196087924216
1500.0,24.0,0.14,0.17,10.0,0.3529697911062217,0.7478172902163849,0.368531487058725
700.0,32.0,0.18,0.17,4.0,0.3529697911062217,0.7478172902163849,0.11576145950428764
500.0,32.0,0.34,0.17,10.0,0.3532590871525091,0.7479776581292262,0.11164343338298614
1900.0,24.0,0.02,0.07,2.0,0.3643837485975285,0.7534704379842684,0.36302278411246663
700.0,32.0,0.22,0.03,6.0,0.3821026024280208,0.7598094326631063,0.20906294616327575
1100.0,28.0,0.3,0.19,4.0,0.3529697911062217,0.7478172902163849,0.1846695774163477
1100.0,20.0,0.3,0.07,4.0,0.3596882097079465,0.7513351367156739,0.23347288847099873
1300.0,24.0,0.34,0.15,8.0,0.3532586244269072,0.7479725605075502,0.30031863359280564
1700.0,12.0,0.1,0.01,10.0,0.4450925385840232,0.7600285881346602,0.9999999999999999
1300.0,24.0,0.06,0.09,8.0,0.37994043779553616,0.7578880605832429,0.4006088156511903
500.0,36.0,0.1,0.19,2.0,0.3529697911062217,0.7478172902163849,0.06513440381795868
100.0,4.0,0.3,0.01,6.0,0.3680224541102629,0.7551686477100512,0.013506595058664767
1300.0,8.0,0.18,0.01,4.0,0.38131847083605575,0.7587966794384001,0.35724800256933537
1500.0,28.0,0.38,0.11,6.0,0.35589625650549545,0.7493743339029341,0.328323324614466
500.0,28.0,0.14,0.09,6.0,0.3764272124102525,0.7575462412065511,0.12179517679156683
1900.0,24.0,0.06,0.09,6.0,0.37437975889252345,0.7569881570765882,0.5091492540395997
700.0,16.0,0.1,0.09,10.0,0.3845152564163161,0.7570205774069575,0.23935910795372328
100.0,28.0,0.02,0.11,8.0,0.3681221856634863,0.7534521007589623,0.01264224739014718
100.0,36.0,0.3,0.13,10.0,0.3630338308332669,0.7518376006633292,0.012679455008626411
100.0,12.0,0.38,0.11,2.0,0.3529697911062217,0.7478172902163849,0.0006442442517172117
300.0,36.0,0.18,0.19,4.0,0.3529697911062217,0.7478172902163849,0.03846210797290996
1300.0,4.0,0.26,0.03,10.0,0.3857810952186714,0.7610870220858397,0.5147179067026489
1500.0,28.0,0.38,0.17,10.0,0.3529697911062217,0.7478172902163849,0.36293755066096334
300.0,16.0,0.02,0.11,10.0,0.3773998660182208,0.7571037184733199,0.08211738869725617
700.0,8.0,0.38,0.19,10.0,0.3529697911062217,0.7478172902163849,0.15236189979401454
900.0,36.0,0.1,0.19,2.0,0.3529697911062217,0.7478172902163849,0.13040253239826016
1900.0,12.0,0.34,0.05,4.0,0.35910309752563674,0.7510302550368475,0.4174740601488008
1100.0,28.0,0.18,0.03,2.0,0.3650600501801014,0.7538122267482321,0.21470930301475244
100.0,12.0,0.34,0.13,2.0,0.3529697911062217,0.7478172902163849,0.0004622730326186361
1700.0,12.0,0.02,0.17,6.0,0.3529697911062217,0.7478172902163849,0.3430565876215406
700.0,32.0,0.3,0.01,4.0,0.3628255924546371,0.7529746302864511,0.16019689380022245
100.0,16.0,0.18,0.01,10.0,0.41642518683838253,0.7616032483357389,0.03414827382621367
700.0,28.0,0.02,0.11,8.0,0.3705493485573165,0.7550866004233995,0.188157571025044
500.0,4.0,0.18,0.01,8.0,0.3943756788603491,0.7630572647905314,0.18123330413172062
100.0,36.0,0.14,0.19,10.0,0.3529697911062217,0.7478172902163849,0.0074319501562274196
1100.0,8.0,0.34,0.03,6.0,0.365272017752516,0.7542057257344018,0.29524267325643805
1900.0,36.0,0.34,0.19,10.0,0.3529697911062217,0.7478172902163849,0.441849155384446
700.0,40.0,0.3,0.05,4.0,0.36174442018267816,0.7524000311508622,0.14847343457849893
1500.0,8.0,0.3,0.03,8.0,0.3752461825061161,0.7579764076951394,0.5074463959095288
300.0,28.0,0.06,0.17,2.0,0.3529697911062217,0.7478172902163849,0.03323689631966903
