binned_RP1,binned_IP1,binned_WP1,binned_VAP1,binned_TPMIN1,binned_TPMAX1,binned_RP2,binned_IP2,binned_WP2,binned_VAP2,binned_TPMIN2,binned_TPMAX2,binned_RP3,binned_IP3,binned_WP3,binned_VAP3,binned_TPMIN3,binned_TPMAX3,Yield_max,Cost
"(17.5, 30.0]","(15000.0, 20000.0]","(-0.02, 10.0]","(1.1, 1.35]","(14.993, 18.5]","(22.996, 24.75]","(4.975, 17.5]","(9980.0, 20000.0]","(5.0, 10.0]","(1.35, 1.6]","(14.993, 18.5]","(22.996, 24.75]","(4.975, 17.5]","(9980.0, 20000.0]","(-0.01, 5.0]","(1.1, 1.35]","(18.5, 22.0]","(22.993, 26.5]",2139.0,0.4052887664444444
"(4.975, 17.5]","(15000.0, 20000.0]","(-0.02, 10.0]","(1.35, 1.6]","(18.5, 22.0]","(22.996, 24.75]","(4.975, 17.5]","(9980.0, 20000.0]","(5.0, 10.0]","(1.1, 1.35]","(14.993, 18.5]","(22.996, 24.75]","(17.5, 30.0]","(9980.0, 20000.0]","(-0.01, 5.0]","(1.1, 1.35]","(18.5, 22.0]","(22.993, 26.5]",16629.0,0.5117854933777778
"(4.975, 17.5]","(15000.0, 20000.0]","(10.0, 20.0]","(1.35, 1.6]","(14.993, 18.5]","(24.75, 26.5]","(4.975, 17.5]","(9980.0, 20000.0]","(-0.01, 5.0]","(1.1, 1.35]","(14.993, 18.5]","(24.75, 26.5]","(4.975, 17.5]","(20000.0, 30000.0]","(5.0, 10.0]","(1.35, 1.6]","(18.5, 22.0]","(26.5, 30.0]",6061.0,0.5264315562
"(4.975, 17.5]","(9990.0, 15000.0]","(-0.02, 10.0]","(1.1, 1.35]","(14.993, 18.5]","(22.996, 24.75]","(17.5, 30.0]","(9980.0, 20000.0]","(-0.01, 5.0]","(1.1, 1.35]","(14.993, 18.5]","(24.75, 26.5]","(17.5, 30.0]","(20000.0, 30000.0]","(-0.01, 5.0]","(1.1, 1.35]","(14.993, 18.5]","(22.993, 26.5]",5454.0,0.4697877309777779
"(17.5, 30.0]","(15000.0, 20000.0]","(-0.02, 10.0]","(1.35, 1.6]","(18.5, 22.0]","(22.996, 24.75]","(4.975, 17.5]","(20000.0, 30000.0]","(5.0, 10.0]","(1.35, 1.6]","(18.5, 22.0]","(22.996, 24.75]","(17.5, 30.0]","(9980.0, 20000.0]","(5.0, 10.0]","(1.35, 1.6]","(14.993, 18.5]","(22.993, 26.5]",15773.0,0.5555044938
"(17.5, 30.0]","(9990.0, 15000.0]","(-0.02, 10.0]","(1.1, 1.35]","(18.5, 22.0]","(24.75, 26.5]","(4.975, 17.5]","(20000.0, 30000.0]","(5.0, 10.0]","(1.1, 1.35]","(18.5, 22.0]","(24.75, 26.5]","(4.975, 17.5]","(9980.0, 20000.0]","(-0.01, 5.0]","(1.35, 1.6]","(18.5, 22.0]","(26.5, 30.0]",15814.0,0.5094060925111111
"(17.5, 30.0]","(15000.0, 20000.0]","(-0.02, 10.0]","(1.1, 1.35]","(14.993, 18.5]","(24.75, 26.5]","(4.975, 17.5]","(9980.0, 20000.0]","(-0.01, 5.0]","(1.35, 1.6]","(18.5, 22.0]","(22.996, 24.75]","(17.5, 30.0]","(20000.0, 30000.0]","(-0.01, 5.0]","(1.35, 1.6]","(14.993, 18.5]","(26.5, 30.0]",5032.0,0.5070253256444445
"(4.975, 17.5]","(9990.0, 15000.0]","(-0.02, 10.0]","(1.35, 1.6]","(14.993, 18.5]","(24.75, 26.5]","(4.975, 17.5]","(20000.0, 30000.0]","(5.0, 10.0]","(1.35, 1.6]","(14.993, 18.5]","(22.996, 24.75]","(17.5, 30.0]","(9980.0, 20000.0]","(5.0, 10.0]","(1.1, 1.35]","(18.5, 22.0]","(22.993, 26.5]",16323.0,0.4820763472222222
"(4.975, 17.5]","(15000.0, 20000.0]","(-0.02, 10.0]","(1.35, 1.6]","(14.993, 18.5]","(24.75, 26.5]","(4.975, 17.5]","(20000.0, 30000.0]","(5.0, 10.0]","(1.1, 1.35]","(14.993, 18.5]","(24.75, 26.5]","(4.975, 17.5]","(9980.0, 20000.0]","(-0.01, 5.0]","(1.1, 1.35]","(14.993, 18.5]","(22.993, 26.5]",2767.0,0.4597345412444444
"(4.975, 17.5]","(9990.0, 15000.0]","(10.0, 20.0]","(1.1, 1.35]","(14.993, 18.5]","(22.996, 24.75]","(4.975, 17.5]","(9980.0, 20000.0]","(-0.01, 5.0]","(1.35, 1.6]","(14.993, 18.5]","(24.75, 26.5]","(17.5, 30.0]","(9980.0, 20000.0]","(5.0, 10.0]","(1.35, 1.6]","(14.993, 18.5]","(26.5, 30.0]",2107.0,0.4217140051333333
"(17.5, 30.0]","(15000.0, 20000.0]","(-0.02, 10.0]","(1.1, 1.35]","(14.993, 18.5]","(22.996, 24.75]","(17.5, 30.0]","(20000.0, 30000.0]","(-0.01, 5.0]","(1.35, 1.6]","(18.5, 22.0]","(22.996, 24.75]","(17.5, 30.0]","(9980.0, 20000.0]","(-0.01, 5.0]","(1.1, 1.35]","(14.993, 18.5]","(26.5, 30.0]",15251.0,0.5180713365333334
"(4.975, 17.5]","(9990.0, 15000.0]","(10.0, 20.0]","(1.1, 1.35]","(18.5, 22.0]","(22.996, 24.75]","(4.975, 17.5]","(9980.0, 20000.0]","(5.0, 10.0]","(1.35, 1.6]","(14.993, 18.5]","(22.996, 24.75]","(4.975, 17.5]","(20000.0, 30000.0]","(-0.01, 5.0]","(1.35, 1.6]","(18.5, 22.0]","(22.993, 26.5]",3563.0,0.4622596752222223
"(4.975, 17.5]","(9990.0, 15000.0]","(10.0, 20.0]","(1.1, 1.35]","(14.993, 18.5]","(22.996, 24.75]","(4.975, 17.5]","(9980.0, 20000.0]","(-0.01, 5.0]","(1.35, 1.6]","(18.5, 22.0]","(24.75, 26.5]","(4.975, 17.5]","(20000.0, 30000.0]","(-0.01, 5.0]","(1.35, 1.6]","(14.993, 18.5]","(22.993, 26.5]",11249.0,0.4720934506444445
"(4.975, 17.5]","(15000.0, 20000.0]","(10.0, 20.0]","(1.35, 1.6]","(14.993, 18.5]","(24.75, 26.5]","(4.975, 17.5]","(20000.0, 30000.0]","(-0.01, 5.0]","(1.1, 1.35]","(14.993, 18.5]","(22.996, 24.75]","(17.5, 30.0]","(20000.0, 30000.0]","(5.0, 10.0]","(1.1, 1.35]","(18.5, 22.0]","(22.993, 26.5]",18024.0,0.5568143406
"(17.5, 30.0]","(9990.0, 15000.0]","(-0.02, 10.0]","(1.35, 1.6]","(14.993, 18.5]","(24.75, 26.5]","(17.5, 30.0]","(20000.0, 30000.0]","(5.0, 10.0]","(1.1, 1.35]","(14.993, 18.5]","(24.75, 26.5]","(17.5, 30.0]","(20000.0, 30000.0]","(5.0, 10.0]","(1.35, 1.6]","(18.5, 22.0]","(26.5, 30.0]",18617.0,0.6272080826888888
"(4.975, 17.5]","(15000.0, 20000.0]","(10.0, 20.0]","(1.1, 1.35]","(18.5, 22.0]","(22.996, 24.75]","(17.5, 30.0]","(20000.0, 30000.0]","(5.0, 10.0]","(1.35, 1.6]","(14.993, 18.5]","(24.75, 26.5]","(4.975, 17.5]","(9980.0, 20000.0]","(-0.01, 5.0]","(1.35, 1.6]","(18.5, 22.0]","(26.5, 30.0]",11812.0,0.5398336777777779
"(4.975, 17.5]","(15000.0, 20000.0]","(-0.02, 10.0]","(1.1, 1.35]","(14.993, 18.5]","(22.996, 24.75]","(4.975, 17.5]","(9980.0, 20000.0]","(5.0, 10.0]","(1.35, 1.6]","(14.993, 18.5]","(22.996, 24.75]","(4.975, 17.5]","(20000.0, 30000.0]","(-0.01, 5.0]","(1.35, 1.6]","(18.5, 22.0]","(26.5, 30.0]",15180.0,0.4911673525555555
"(17.5, 30.0]","(15000.0, 20000.0]","(10.0, 20.0]","(1.1, 1.35]","(14.993, 18.5]","(24.75, 26.5]","(17.5, 30.0]","(9980.0, 20000.0]","(-0.01, 5.0]","(1.1, 1.35]","(18.5, 22.0]","(24.75, 26.5]","(17.5, 30.0]","(20000.0, 30000.0]","(-0.01, 5.0]","(1.35, 1.6]","(18.5, 22.0]","(22.993, 26.5]",8723.0,0.5992668371777777
"(17.5, 30.0]","(15000.0, 20000.0]","(10.0, 20.0]","(1.35, 1.6]","(14.993, 18.5]","(22.996, 24.75]","(17.5, 30.0]","(9980.0, 20000.0]","(5.0, 10.0]","(1.35, 1.6]","(18.5, 22.0]","(22.996, 24.75]","(17.5, 30.0]","(20000.0, 30000.0]","(-0.01, 5.0]","(1.35, 1.6]","(14.993, 18.5]","(22.993, 26.5]",14473.0,0.5927443081111111
"(17.5, 30.0]","(15000.0, 20000.0]","(-0.02, 10.0]","(1.35, 1.6]","(14.993, 18.5]","(22.996, 24.75]","(17.5, 30.0]","(9980.0, 20000.0]","(-0.01, 5.0]","(1.1, 1.35]","(18.5, 22.0]","(22.996, 24.75]","(17.5, 30.0]","(20000.0, 30000.0]","(-0.01, 5.0]","(1.35, 1.6]","(18.5, 22.0]","(26.5, 30.0]",4246.0,0.5212670946666667
"(17.5, 30.0]","(15000.0, 20000.0]","(10.0, 20.0]","(1.1, 1.35]","(14.993, 18.5]","(24.75, 26.5]","(4.975, 17.5]","(9980.0, 20000.0]","(-0.01, 5.0]","(1.1, 1.35]","(18.5, 22.0]","(24.75, 26.5]","(4.975, 17.5]","(9980.0, 20000.0]","(-0.01, 5.0]","(1.1, 1.35]","(14.993, 18.5]","(22.993, 26.5]",1088.0,0.3787880038444445
"(4.975, 17.5]","(9990.0, 15000.0]","(-0.02, 10.0]","(1.35, 1.6]","(14.993, 18.5]","(24.75, 26.5]","(17.5, 30.0]","(9980.0, 20000.0]","(-0.01, 5.0]","(1.35, 1.6]","(14.993, 18.5]","(24.75, 26.5]","(4.975, 17.5]","(9980.0, 20000.0]","(5.0, 10.0]","(1.1, 1.35]","(18.5, 22.0]","(22.993, 26.5]",8222.0,0.4085664213555555
"(4.975, 17.5]","(9990.0, 15000.0]","(10.0, 20.0]","(1.35, 1.6]","(14.993, 18.5]","(22.996, 24.75]","(4.975, 17.5]","(9980.0, 20000.0]","(-0.01, 5.0]","(1.1, 1.35]","(14.993, 18.5]","(22.996, 24.75]","(4.975, 17.5]","(9980.0, 20000.0]","(-0.01, 5.0]","(1.1, 1.35]","(14.993, 18.5]","(22.993, 26.5]",3734.0,0.3580220591777778
"(17.5, 30.0]","(9990.0, 15000.0]","(-0.02, 10.0]","(1.1, 1.35]","(18.5, 22.0]","(24.75, 26.5]","(17.5, 30.0]","(9980.0, 20000.0]","(5.0, 10.0]","(1.35, 1.6]","(14.993, 18.5]","(24.75, 26.5]","(17.5, 30.0]","(20000.0, 30000.0]","(-0.01, 5.0]","(1.35, 1.6]","(14.993, 18.5]","(22.993, 26.5]",15802.0,0.5913182611111112
"(4.975, 17.5]","(15000.0, 20000.0]","(-0.02, 10.0]","(1.1, 1.35]","(14.993, 18.5]","(24.75, 26.5]","(4.975, 17.5]","(9980.0, 20000.0]","(5.0, 10.0]","(1.1, 1.35]","(14.993, 18.5]","(22.996, 24.75]","(17.5, 30.0]","(9980.0, 20000.0]","(5.0, 10.0]","(1.1, 1.35]","(14.993, 18.5]","(26.5, 30.0]",9316.0,0.4500176143111112
"(4.975, 17.5]","(15000.0, 20000.0]","(10.0, 20.0]","(1.1, 1.35]","(18.5, 22.0]","(22.996, 24.75]","(17.5, 30.0]","(20000.0, 30000.0]","(-0.01, 5.0]","(1.35, 1.6]","(14.993, 18.5]","(22.996, 24.75]","(4.975, 17.5]","(20000.0, 30000.0]","(5.0, 10.0]","(1.35, 1.6]","(14.993, 18.5]","(22.993, 26.5]",20798.0,0.5687567901555556
"(4.975, 17.5]","(15000.0, 20000.0]","(10.0, 20.0]","(1.35, 1.6]","(18.5, 22.0]","(24.75, 26.5]","(4.975, 17.5]","(9980.0, 20000.0]","(5.0, 10.0]","(1.1, 1.35]","(14.993, 18.5]","(22.996, 24.75]","(4.975, 17.5]","(9980.0, 20000.0]","(5.0, 10.0]","(1.35, 1.6]","(18.5, 22.0]","(22.993, 26.5]",10330.0,0.4341071623999999
"(4.975, 17.5]","(9990.0, 15000.0]","(10.0, 20.0]","(1.1, 1.35]","(18.5, 22.0]","(22.996, 24.75]","(17.5, 30.0]","(20000.0, 30000.0]","(5.0, 10.0]","(1.1, 1.35]","(14.993, 18.5]","(22.996, 24.75]","(17.5, 30.0]","(9980.0, 20000.0]","(-0.01, 5.0]","(1.1, 1.35]","(18.5, 22.0]","(26.5, 30.0]",20037.0,0.5397006886666668
"(4.975, 17.5]","(15000.0, 20000.0]","(-0.02, 10.0]","(1.35, 1.6]","(14.993, 18.5]","(24.75, 26.5]","(17.5, 30.0]","(20000.0, 30000.0]","(-0.01, 5.0]","(1.35, 1.6]","(14.993, 18.5]","(22.996, 24.75]","(4.975, 17.5]","(20000.0, 30000.0]","(5.0, 10.0]","(1.1, 1.35]","(18.5, 22.0]","(26.5, 30.0]",19098.0,0.6168528128222222
"(17.5, 30.0]","(9990.0, 15000.0]","(10.0, 20.0]","(1.1, 1.35]","(14.993, 18.5]","(22.996, 24.75]","(4.975, 17.5]","(20000.0, 30000.0]","(5.0, 10.0]","(1.1, 1.35]","(18.5, 22.0]","(24.75, 26.5]","(4.975, 17.5]","(20000.0, 30000.0]","(-0.01, 5.0]","(1.1, 1.35]","(14.993, 18.5]","(26.5, 30.0]",16164.0,0.5474303066222223
"(4.975, 17.5]","(15000.0, 20000.0]","(10.0, 20.0]","(1.35, 1.6]","(14.993, 18.5]","(22.996, 24.75]","(4.975, 17.5]","(20000.0, 30000.0]","(-0.01, 5.0]","(1.35, 1.6]","(18.5, 22.0]","(22.996, 24.75]","(17.5, 30.0]","(20000.0, 30000.0]","(5.0, 10.0]","(1.1, 1.35]","(14.993, 18.5]","(26.5, 30.0]",20301.0,0.6067353510666668
"(17.5, 30.0]","(15000.0, 20000.0]","(-0.02, 10.0]","(1.1, 1.35]","(14.993, 18.5]","(24.75, 26.5]","(4.975, 17.5]","(9980.0, 20000.0]","(-0.01, 5.0]","(1.35, 1.6]","(14.993, 18.5]","(24.75, 26.5]","(4.975, 17.5]","(9980.0, 20000.0]","(-0.01, 5.0]","(1.1, 1.35]","(18.5, 22.0]","(26.5, 30.0]",9703.0,0.4834152792666668
"(17.5, 30.0]","(15000.0, 20000.0]","(-0.02, 10.0]","(1.1, 1.35]","(18.5, 22.0]","(22.996, 24.75]","(4.975, 17.5]","(9980.0, 20000.0]","(5.0, 10.0]","(1.35, 1.6]","(18.5, 22.0]","(22.996, 24.75]","(4.975, 17.5]","(20000.0, 30000.0]","(-0.01, 5.0]","(1.35, 1.6]","(18.5, 22.0]","(26.5, 30.0]",7238.0,0.491353004911111
"(17.5, 30.0]","(9990.0, 15000.0]","(-0.02, 10.0]","(1.35, 1.6]","(18.5, 22.0]","(22.996, 24.75]","(17.5, 30.0]","(20000.0, 30000.0]","(5.0, 10.0]","(1.1, 1.35]","(14.993, 18.5]","(22.996, 24.75]","(17.5, 30.0]","(20000.0, 30000.0]","(5.0, 10.0]","(1.35, 1.6]","(18.5, 22.0]","(22.993, 26.5]",22056.0,0.5939444121777779
"(4.975, 17.5]","(15000.0, 20000.0]","(-0.02, 10.0]","(1.1, 1.35]","(14.993, 18.5]","(24.75, 26.5]","(4.975, 17.5]","(9980.0, 20000.0]","(5.0, 10.0]","(1.35, 1.6]","(14.993, 18.5]","(24.75, 26.5]","(17.5, 30.0]","(9980.0, 20000.0]","(5.0, 10.0]","(1.35, 1.6]","(18.5, 22.0]","(26.5, 30.0]",460.0,0.4385071423111111
"(17.5, 30.0]","(15000.0, 20000.0]","(-0.02, 10.0]","(1.35, 1.6]","(14.993, 18.5]","(24.75, 26.5]","(4.975, 17.5]","(9980.0, 20000.0]","(-0.01, 5.0]","(1.1, 1.35]","(14.993, 18.5]","(22.996, 24.75]","(4.975, 17.5]","(20000.0, 30000.0]","(5.0, 10.0]","(1.35, 1.6]","(14.993, 18.5]","(26.5, 30.0]",12272.0,0.5034481113111111
"(17.5, 30.0]","(15000.0, 20000.0]","(-0.02, 10.0]","(1.35, 1.6]","(18.5, 22.0]","(22.996, 24.75]","(4.975, 17.5]","(9980.0, 20000.0]","(-0.01, 5.0]","(1.35, 1.6]","(14.993, 18.5]","(22.996, 24.75]","(17.5, 30.0]","(20000.0, 30000.0]","(-0.01, 5.0]","(1.35, 1.6]","(14.993, 18.5]","(22.993, 26.5]",12172.0,0.5303147886888889
"(4.975, 17.5]","(9990.0, 15000.0]","(-0.02, 10.0]","(1.35, 1.6]","(18.5, 22.0]","(22.996, 24.75]","(4.975, 17.5]","(9980.0, 20000.0]","(5.0, 10.0]","(1.35, 1.6]","(14.993, 18.5]","(24.75, 26.5]","(4.975, 17.5]","(20000.0, 30000.0]","(5.0, 10.0]","(1.35, 1.6]","(18.5, 22.0]","(22.993, 26.5]",7746.0,0.4272579662444444
"(4.975, 17.5]","(9990.0, 15000.0]","(-0.02, 10.0]","(1.1, 1.35]","(18.5, 22.0]","(22.996, 24.75]","(4.975, 17.5]","(9980.0, 20000.0]","(5.0, 10.0]","(1.35, 1.6]","(18.5, 22.0]","(24.75, 26.5]","(4.975, 17.5]","(9980.0, 20000.0]","(5.0, 10.0]","(1.1, 1.35]","(18.5, 22.0]","(26.5, 30.0]",1899.0,0.3616017038444445
"(4.975, 17.5]","(9990.0, 15000.0]","(-0.02, 10.0]","(1.35, 1.6]","(14.993, 18.5]","(22.996, 24.75]","(17.5, 30.0]","(20000.0, 30000.0]","(5.0, 10.0]","(1.35, 1.6]","(18.5, 22.0]","(22.996, 24.75]","(17.5, 30.0]","(20000.0, 30000.0]","(-0.01, 5.0]","(1.1, 1.35]","(14.993, 18.5]","(22.993, 26.5]",21939.0,0.5774207656
"(17.5, 30.0]","(9990.0, 15000.0]","(-0.02, 10.0]","(1.1, 1.35]","(18.5, 22.0]","(24.75, 26.5]","(4.975, 17.5]","(9980.0, 20000.0]","(-0.01, 5.0]","(1.1, 1.35]","(18.5, 22.0]","(22.996, 24.75]","(17.5, 30.0]","(20000.0, 30000.0]","(5.0, 10.0]","(1.35, 1.6]","(18.5, 22.0]","(22.993, 26.5]",7374.0,0.5254474611111112
"(17.5, 30.0]","(9990.0, 15000.0]","(-0.02, 10.0]","(1.35, 1.6]","(14.993, 18.5]","(22.996, 24.75]","(4.975, 17.5]","(20000.0, 30000.0]","(-0.01, 5.0]","(1.1, 1.35]","(14.993, 18.5]","(22.996, 24.75]","(17.5, 30.0]","(20000.0, 30000.0]","(-0.01, 5.0]","(1.1, 1.35]","(18.5, 22.0]","(26.5, 30.0]",20682.0,0.5579017132444445
"(17.5, 30.0]","(15000.0, 20000.0]","(10.0, 20.0]","(1.35, 1.6]","(18.5, 22.0]","(22.996, 24.75]","(4.975, 17.5]","(20000.0, 30000.0]","(-0.01, 5.0]","(1.35, 1.6]","(18.5, 22.0]","(22.996, 24.75]","(17.5, 30.0]","(9980.0, 20000.0]","(-0.01, 5.0]","(1.1, 1.35]","(18.5, 22.0]","(26.5, 30.0]",14652.0,0.5253240643111111
"(4.975, 17.5]","(15000.0, 20000.0]","(-0.02, 10.0]","(1.1, 1.35]","(14.993, 18.5]","(22.996, 24.75]","(17.5, 30.0]","(20000.0, 30000.0]","(5.0, 10.0]","(1.1, 1.35]","(14.993, 18.5]","(22.996, 24.75]","(4.975, 17.5]","(20000.0, 30000.0]","(5.0, 10.0]","(1.1, 1.35]","(14.993, 18.5]","(22.993, 26.5]",21011.0,0.5646300448666668
"(17.5, 30.0]","(15000.0, 20000.0]","(10.0, 20.0]","(1.1, 1.35]","(14.993, 18.5]","(22.996, 24.75]","(4.975, 17.5]","(9980.0, 20000.0]","(-0.01, 5.0]","(1.35, 1.6]","(18.5, 22.0]","(22.996, 24.75]","(4.975, 17.5]","(9980.0, 20000.0]","(-0.01, 5.0]","(1.35, 1.6]","(14.993, 18.5]","(26.5, 30.0]",12899.0,0.4904165303333332
"(17.5, 30.0]","(9990.0, 15000.0]","(10.0, 20.0]","(1.35, 1.6]","(18.5, 22.0]","(22.996, 24.75]","(17.5, 30.0]","(9980.0, 20000.0]","(5.0, 10.0]","(1.35, 1.6]","(18.5, 22.0]","(22.996, 24.75]","(17.5, 30.0]","(20000.0, 30000.0]","(-0.01, 5.0]","(1.1, 1.35]","(18.5, 22.0]","(22.993, 26.5]",6014.0,0.5229425395333335
"(4.975, 17.5]","(9990.0, 15000.0]","(-0.02, 10.0]","(1.35, 1.6]","(18.5, 22.0]","(22.996, 24.75]","(4.975, 17.5]","(9980.0, 20000.0]","(5.0, 10.0]","(1.35, 1.6]","(14.993, 18.5]","(22.996, 24.75]","(4.975, 17.5]","(9980.0, 20000.0]","(-0.01, 5.0]","(1.35, 1.6]","(14.993, 18.5]","(26.5, 30.0]",14955.0,0.4316818177333333
"(17.5, 30.0]","(9990.0, 15000.0]","(10.0, 20.0]","(1.35, 1.6]","(18.5, 22.0]","(24.75, 26.5]","(17.5, 30.0]","(9980.0, 20000.0]","(-0.01, 5.0]","(1.1, 1.35]","(14.993, 18.5]","(22.996, 24.75]","(17.5, 30.0]","(20000.0, 30000.0]","(-0.01, 5.0]","(1.1, 1.35]","(18.5, 22.0]","(26.5, 30.0]",6484.0,0.4961092801333334
"(4.975, 17.5]","(9990.0, 15000.0]","(-0.02, 10.0]","(1.35, 1.6]","(18.5, 22.0]","(24.75, 26.5]","(4.975, 17.5]","(20000.0, 30000.0]","(-0.01, 5.0]","(1.1, 1.35]","(18.5, 22.0]","(22.996, 24.75]","(4.975, 17.5]","(9980.0, 20000.0]","(5.0, 10.0]","(1.1, 1.35]","(18.5, 22.0]","(26.5, 30.0]",14350.0,0.4836484993555556
"(17.5, 30.0]","(9990.0, 15000.0]","(10.0, 20.0]","(1.35, 1.6]","(18.5, 22.0]","(22.996, 24.75]","(17.5, 30.0]","(9980.0, 20000.0]","(-0.01, 5.0]","(1.1, 1.35]","(14.993, 18.5]","(22.996, 24.75]","(4.975, 17.5]","(20000.0, 30000.0]","(-0.01, 5.0]","(1.35, 1.6]","(18.5, 22.0]","(26.5, 30.0]",3101.0,0.4908349709333334
"(4.975, 17.5]","(15000.0, 20000.0]","(-0.02, 10.0]","(1.1, 1.35]","(14.993, 18.5]","(24.75, 26.5]","(17.5, 30.0]","(20000.0, 30000.0]","(-0.01, 5.0]","(1.1, 1.35]","(14.993, 18.5]","(24.75, 26.5]","(4.975, 17.5]","(20000.0, 30000.0]","(5.0, 10.0]","(1.35, 1.6]","(18.5, 22.0]","(22.993, 26.5]",18171.0,0.5348872288444445
"(4.975, 17.5]","(9990.0, 15000.0]","(10.0, 20.0]","(1.1, 1.35]","(14.993, 18.5]","(24.75, 26.5]","(17.5, 30.0]","(9980.0, 20000.0]","(5.0, 10.0]","(1.35, 1.6]","(14.993, 18.5]","(22.996, 24.75]","(4.975, 17.5]","(20000.0, 30000.0]","(-0.01, 5.0]","(1.35, 1.6]","(18.5, 22.0]","(26.5, 30.0]",2711.0,0.4201336878222222
"(17.5, 30.0]","(15000.0, 20000.0]","(-0.02, 10.0]","(1.1, 1.35]","(18.5, 22.0]","(22.996, 24.75]","(17.5, 30.0]","(9980.0, 20000.0]","(-0.01, 5.0]","(1.1, 1.35]","(18.5, 22.0]","(22.996, 24.75]","(17.5, 30.0]","(9980.0, 20000.0]","(-0.01, 5.0]","(1.35, 1.6]","(18.5, 22.0]","(22.993, 26.5]",10272.0,0.5257215854666666
"(4.975, 17.5]","(9990.0, 15000.0]","(-0.02, 10.0]","(1.1, 1.35]","(18.5, 22.0]","(22.996, 24.75]","(4.975, 17.5]","(20000.0, 30000.0]","(-0.01, 5.0]","(1.1, 1.35]","(14.993, 18.5]","(24.75, 26.5]","(17.5, 30.0]","(20000.0, 30000.0]","(5.0, 10.0]","(1.1, 1.35]","(14.993, 18.5]","(22.993, 26.5]",18230.0,0.4989060946666668
"(4.975, 17.5]","(15000.0, 20000.0]","(-0.02, 10.0]","(1.1, 1.35]","(18.5, 22.0]","(24.75, 26.5]","(4.975, 17.5]","(9980.0, 20000.0]","(-0.01, 5.0]","(1.1, 1.35]","(14.993, 18.5]","(22.996, 24.75]","(4.975, 17.5]","(9980.0, 20000.0]","(-0.01, 5.0]","(1.1, 1.35]","(18.5, 22.0]","(22.993, 26.5]",6911.0,0.3789303228666667
"(17.5, 30.0]","(15000.0, 20000.0]","(10.0, 20.0]","(1.1, 1.35]","(18.5, 22.0]","(24.75, 26.5]","(4.975, 17.5]","(20000.0, 30000.0]","(-0.01, 5.0]","(1.1, 1.35]","(14.993, 18.5]","(22.996, 24.75]","(4.975, 17.5]","(20000.0, 30000.0]","(-0.01, 5.0]","(1.35, 1.6]","(18.5, 22.0]","(26.5, 30.0]",15900.0,0.566938739311111
"(17.5, 30.0]","(15000.0, 20000.0]","(10.0, 20.0]","(1.1, 1.35]","(14.993, 18.5]","(24.75, 26.5]","(17.5, 30.0]","(9980.0, 20000.0]","(5.0, 10.0]","(1.1, 1.35]","(14.993, 18.5]","(22.996, 24.75]","(4.975, 17.5]","(9980.0, 20000.0]","(-0.01, 5.0]","(1.35, 1.6]","(14.993, 18.5]","(22.993, 26.5]",9146.0,0.4701399715777778
"(17.5, 30.0]","(9990.0, 15000.0]","(10.0, 20.0]","(1.35, 1.6]","(14.993, 18.5]","(24.75, 26.5]","(17.5, 30.0]","(20000.0, 30000.0]","(5.0, 10.0]","(1.35, 1.6]","(18.5, 22.0]","(22.996, 24.75]","(17.5, 30.0]","(20000.0, 30000.0]","(-0.01, 5.0]","(1.35, 1.6]","(14.993, 18.5]","(22.993, 26.5]",20889.0,0.6147957235111112
"(17.5, 30.0]","(9990.0, 15000.0]","(10.0, 20.0]","(1.35, 1.6]","(18.5, 22.0]","(22.996, 24.75]","(4.975, 17.5]","(9980.0, 20000.0]","(-0.01, 5.0]","(1.35, 1.6]","(14.993, 18.5]","(24.75, 26.5]","(17.5, 30.0]","(9980.0, 20000.0]","(5.0, 10.0]","(1.35, 1.6]","(18.5, 22.0]","(26.5, 30.0]",8800.0,0.4622486314
"(17.5, 30.0]","(15000.0, 20000.0]","(-0.02, 10.0]","(1.1, 1.35]","(14.993, 18.5]","(22.996, 24.75]","(17.5, 30.0]","(9980.0, 20000.0]","(5.0, 10.0]","(1.1, 1.35]","(18.5, 22.0]","(24.75, 26.5]","(4.975, 17.5]","(9980.0, 20000.0]","(5.0, 10.0]","(1.1, 1.35]","(14.993, 18.5]","(22.993, 26.5]",12820.0,0.5321533282
"(17.5, 30.0]","(15000.0, 20000.0]","(-0.02, 10.0]","(1.1, 1.35]","(14.993, 18.5]","(24.75, 26.5]","(4.975, 17.5]","(9980.0, 20000.0]","(5.0, 10.0]","(1.1, 1.35]","(14.993, 18.5]","(22.996, 24.75]","(17.5, 30.0]","(9980.0, 20000.0]","(-0.01, 5.0]","(1.1, 1.35]","(18.5, 22.0]","(26.5, 30.0]",8507.0,0.4733393626
"(4.975, 17.5]","(15000.0, 20000.0]","(-0.02, 10.0]","(1.1, 1.35]","(14.993, 18.5]","(22.996, 24.75]","(4.975, 17.5]","(9980.0, 20000.0]","(5.0, 10.0]","(1.1, 1.35]","(14.993, 18.5]","(24.75, 26.5]","(4.975, 17.5]","(9980.0, 20000.0]","(-0.01, 5.0]","(1.35, 1.6]","(14.993, 18.5]","(26.5, 30.0]",5443.0,0.4457716267111111
"(4.975, 17.5]","(9990.0, 15000.0]","(10.0, 20.0]","(1.35, 1.6]","(18.5, 22.0]","(22.996, 24.75]","(4.975, 17.5]","(9980.0, 20000.0]","(5.0, 10.0]","(1.35, 1.6]","(14.993, 18.5]","(22.996, 24.75]","(17.5, 30.0]","(9980.0, 20000.0]","(5.0, 10.0]","(1.1, 1.35]","(14.993, 18.5]","(22.993, 26.5]",13065.0,0.4650013200888889
"(4.975, 17.5]","(9990.0, 15000.0]","(-0.02, 10.0]","(1.35, 1.6]","(18.5, 22.0]","(24.75, 26.5]","(17.5, 30.0]","(9980.0, 20000.0]","(5.0, 10.0]","(1.1, 1.35]","(18.5, 22.0]","(24.75, 26.5]","(4.975, 17.5]","(20000.0, 30000.0]","(-0.01, 5.0]","(1.1, 1.35]","(14.993, 18.5]","(26.5, 30.0]",15332.0,0.5165440042666666
"(17.5, 30.0]","(9990.0, 15000.0]","(10.0, 20.0]","(1.35, 1.6]","(14.993, 18.5]","(22.996, 24.75]","(17.5, 30.0]","(20000.0, 30000.0]","(-0.01, 5.0]","(1.35, 1.6]","(14.993, 18.5]","(24.75, 26.5]","(17.5, 30.0]","(9980.0, 20000.0]","(5.0, 10.0]","(1.35, 1.6]","(14.993, 18.5]","(22.993, 26.5]",21870.0,0.5900072350444444
"(17.5, 30.0]","(9990.0, 15000.0]","(-0.02, 10.0]","(1.35, 1.6]","(18.5, 22.0]","(22.996, 24.75]","(17.5, 30.0]","(20000.0, 30000.0]","(-0.01, 5.0]","(1.1, 1.35]","(18.5, 22.0]","(22.996, 24.75]","(4.975, 17.5]","(20000.0, 30000.0]","(-0.01, 5.0]","(1.1, 1.35]","(18.5, 22.0]","(22.993, 26.5]",22201.0,0.5744388256444445
"(4.975, 17.5]","(9990.0, 15000.0]","(-0.02, 10.0]","(1.35, 1.6]","(14.993, 18.5]","(22.996, 24.75]","(17.5, 30.0]","(9980.0, 20000.0]","(-0.01, 5.0]","(1.1, 1.35]","(14.993, 18.5]","(22.996, 24.75]","(4.975, 17.5]","(20000.0, 30000.0]","(-0.01, 5.0]","(1.35, 1.6]","(18.5, 22.0]","(22.993, 26.5]",8786.0,0.4516563807777777
"(17.5, 30.0]","(9990.0, 15000.0]","(10.0, 20.0]","(1.1, 1.35]","(18.5, 22.0]","(24.75, 26.5]","(17.5, 30.0]","(9980.0, 20000.0]","(5.0, 10.0]","(1.1, 1.35]","(14.993, 18.5]","(22.996, 24.75]","(4.975, 17.5]","(9980.0, 20000.0]","(-0.01, 5.0]","(1.1, 1.35]","(18.5, 22.0]","(22.993, 26.5]",10819.0,0.4358919459333333
"(4.975, 17.5]","(15000.0, 20000.0]","(-0.02, 10.0]","(1.1, 1.35]","(14.993, 18.5]","(22.996, 24.75]","(4.975, 17.5]","(9980.0, 20000.0]","(5.0, 10.0]","(1.1, 1.35]","(18.5, 22.0]","(22.996, 24.75]","(4.975, 17.5]","(20000.0, 30000.0]","(5.0, 10.0]","(1.1, 1.35]","(14.993, 18.5]","(26.5, 30.0]",2682.0,0.455884654711111
"(17.5, 30.0]","(15000.0, 20000.0]","(10.0, 20.0]","(1.35, 1.6]","(14.993, 18.5]","(22.996, 24.75]","(17.5, 30.0]","(9980.0, 20000.0]","(-0.01, 5.0]","(1.1, 1.35]","(18.5, 22.0]","(22.996, 24.75]","(17.5, 30.0]","(9980.0, 20000.0]","(-0.01, 5.0]","(1.35, 1.6]","(14.993, 18.5]","(22.993, 26.5]",7870.0,0.5285733694444444
"(4.975, 17.5]","(15000.0, 20000.0]","(10.0, 20.0]","(1.35, 1.6]","(14.993, 18.5]","(24.75, 26.5]","(17.5, 30.0]","(20000.0, 30000.0]","(5.0, 10.0]","(1.35, 1.6]","(18.5, 22.0]","(24.75, 26.5]","(17.5, 30.0]","(9980.0, 20000.0]","(-0.01, 5.0]","(1.35, 1.6]","(18.5, 22.0]","(22.993, 26.5]",17330.0,0.588824643377778
"(17.5, 30.0]","(15000.0, 20000.0]","(-0.02, 10.0]","(1.1, 1.35]","(14.993, 18.5]","(22.996, 24.75]","(17.5, 30.0]","(20000.0, 30000.0]","(5.0, 10.0]","(1.35, 1.6]","(14.993, 18.5]","(22.996, 24.75]","(4.975, 17.5]","(20000.0, 30000.0]","(-0.01, 5.0]","(1.1, 1.35]","(18.5, 22.0]","(26.5, 30.0]",21778.0,0.6238896626
"(17.5, 30.0]","(9990.0, 15000.0]","(10.0, 20.0]","(1.35, 1.6]","(18.5, 22.0]","(22.996, 24.75]","(4.975, 17.5]","(9980.0, 20000.0]","(-0.01, 5.0]","(1.1, 1.35]","(18.5, 22.0]","(22.996, 24.75]","(17.5, 30.0]","(20000.0, 30000.0]","(-0.01, 5.0]","(1.35, 1.6]","(14.993, 18.5]","(22.993, 26.5]",13227.0,0.5268498215777777
"(17.5, 30.0]","(9990.0, 15000.0]","(-0.02, 10.0]","(1.35, 1.6]","(14.993, 18.5]","(24.75, 26.5]","(4.975, 17.5]","(9980.0, 20000.0]","(5.0, 10.0]","(1.1, 1.35]","(14.993, 18.5]","(24.75, 26.5]","(4.975, 17.5]","(20000.0, 30000.0]","(5.0, 10.0]","(1.1, 1.35]","(18.5, 22.0]","(26.5, 30.0]",6287.0,0.5128449429555556
"(4.975, 17.5]","(9990.0, 15000.0]","(10.0, 20.0]","(1.35, 1.6]","(18.5, 22.0]","(24.75, 26.5]","(4.975, 17.5]","(9980.0, 20000.0]","(-0.01, 5.0]","(1.35, 1.6]","(18.5, 22.0]","(22.996, 24.75]","(17.5, 30.0]","(20000.0, 30000.0]","(-0.01, 5.0]","(1.1, 1.35]","(18.5, 22.0]","(26.5, 30.0]",1553.0,0.4499287987111111
"(4.975, 17.5]","(15000.0, 20000.0]","(10.0, 20.0]","(1.35, 1.6]","(18.5, 22.0]","(22.996, 24.75]","(4.975, 17.5]","(20000.0, 30000.0]","(5.0, 10.0]","(1.1, 1.35]","(18.5, 22.0]","(24.75, 26.5]","(17.5, 30.0]","(9980.0, 20000.0]","(-0.01, 5.0]","(1.35, 1.6]","(18.5, 22.0]","(22.993, 26.5]",6475.0,0.4916430587555556
"(4.975, 17.5]","(15000.0, 20000.0]","(-0.02, 10.0]","(1.35, 1.6]","(14.993, 18.5]","(24.75, 26.5]","(17.5, 30.0]","(9980.0, 20000.0]","(-0.01, 5.0]","(1.1, 1.35]","(14.993, 18.5]","(24.75, 26.5]","(17.5, 30.0]","(9980.0, 20000.0]","(-0.01, 5.0]","(1.35, 1.6]","(18.5, 22.0]","(26.5, 30.0]",9167.0,0.4734168688
"(4.975, 17.5]","(15000.0, 20000.0]","(-0.02, 10.0]","(1.1, 1.35]","(18.5, 22.0]","(22.996, 24.75]","(17.5, 30.0]","(9980.0, 20000.0]","(-0.01, 5.0]","(1.1, 1.35]","(18.5, 22.0]","(22.996, 24.75]","(4.975, 17.5]","(9980.0, 20000.0]","(-0.01, 5.0]","(1.1, 1.35]","(18.5, 22.0]","(22.993, 26.5]",4716.0,0.4200676450888889
"(4.975, 17.5]","(9990.0, 15000.0]","(-0.02, 10.0]","(1.1, 1.35]","(18.5, 22.0]","(22.996, 24.75]","(4.975, 17.5]","(20000.0, 30000.0]","(5.0, 10.0]","(1.35, 1.6]","(18.5, 22.0]","(22.996, 24.75]","(4.975, 17.5]","(20000.0, 30000.0]","(-0.01, 5.0]","(1.35, 1.6]","(14.993, 18.5]","(22.993, 26.5]",21356.0,0.508496736111111
"(17.5, 30.0]","(9990.0, 15000.0]","(10.0, 20.0]","(1.1, 1.35]","(18.5, 22.0]","(24.75, 26.5]","(17.5, 30.0]","(9980.0, 20000.0]","(5.0, 10.0]","(1.35, 1.6]","(14.993, 18.5]","(24.75, 26.5]","(4.975, 17.5]","(9980.0, 20000.0]","(-0.01, 5.0]","(1.1, 1.35]","(14.993, 18.5]","(26.5, 30.0]",4149.0,0.4546582799111111
"(4.975, 17.5]","(9990.0, 15000.0]","(-0.02, 10.0]","(1.35, 1.6]","(14.993, 18.5]","(24.75, 26.5]","(4.975, 17.5]","(9980.0, 20000.0]","(-0.01, 5.0]","(1.35, 1.6]","(18.5, 22.0]","(24.75, 26.5]","(17.5, 30.0]","(20000.0, 30000.0]","(-0.01, 5.0]","(1.1, 1.35]","(18.5, 22.0]","(26.5, 30.0]",1398.0,0.4348217356888888
"(17.5, 30.0]","(9990.0, 15000.0]","(10.0, 20.0]","(1.35, 1.6]","(14.993, 18.5]","(22.996, 24.75]","(4.975, 17.5]","(20000.0, 30000.0]","(-0.01, 5.0]","(1.35, 1.6]","(18.5, 22.0]","(22.996, 24.75]","(4.975, 17.5]","(20000.0, 30000.0]","(-0.01, 5.0]","(1.1, 1.35]","(14.993, 18.5]","(26.5, 30.0]",14555.0,0.4967697188000001
"(4.975, 17.5]","(15000.0, 20000.0]","(10.0, 20.0]","(1.35, 1.6]","(18.5, 22.0]","(22.996, 24.75]","(4.975, 17.5]","(9980.0, 20000.0]","(-0.01, 5.0]","(1.35, 1.6]","(18.5, 22.0]","(22.996, 24.75]","(17.5, 30.0]","(20000.0, 30000.0]","(5.0, 10.0]","(1.1, 1.35]","(18.5, 22.0]","(22.993, 26.5]",15878.0,0.5184121034222223
"(4.975, 17.5]","(9990.0, 15000.0]","(-0.02, 10.0]","(1.1, 1.35]","(18.5, 22.0]","(24.75, 26.5]","(17.5, 30.0]","(20000.0, 30000.0]","(-0.01, 5.0]","(1.1, 1.35]","(18.5, 22.0]","(22.996, 24.75]","(4.975, 17.5]","(9980.0, 20000.0]","(5.0, 10.0]","(1.1, 1.35]","(14.993, 18.5]","(26.5, 30.0]",17476.0,0.4969433542666667
"(4.975, 17.5]","(15000.0, 20000.0]","(-0.02, 10.0]","(1.1, 1.35]","(14.993, 18.5]","(24.75, 26.5]","(4.975, 17.5]","(9980.0, 20000.0]","(5.0, 10.0]","(1.1, 1.35]","(18.5, 22.0]","(24.75, 26.5]","(4.975, 17.5]","(9980.0, 20000.0]","(5.0, 10.0]","(1.35, 1.6]","(18.5, 22.0]","(22.993, 26.5]",3978.0,0.4449134912444445
"(17.5, 30.0]","(9990.0, 15000.0]","(-0.02, 10.0]","(1.35, 1.6]","(18.5, 22.0]","(22.996, 24.75]","(17.5, 30.0]","(20000.0, 30000.0]","(5.0, 10.0]","(1.1, 1.35]","(14.993, 18.5]","(22.996, 24.75]","(17.5, 30.0]","(9980.0, 20000.0]","(-0.01, 5.0]","(1.35, 1.6]","(14.993, 18.5]","(26.5, 30.0]",21080.0,0.5720719032
"(17.5, 30.0]","(9990.0, 15000.0]","(-0.02, 10.0]","(1.1, 1.35]","(14.993, 18.5]","(22.996, 24.75]","(4.975, 17.5]","(9980.0, 20000.0]","(5.0, 10.0]","(1.35, 1.6]","(18.5, 22.0]","(22.996, 24.75]","(4.975, 17.5]","(20000.0, 30000.0]","(-0.01, 5.0]","(1.35, 1.6]","(14.993, 18.5]","(26.5, 30.0]",16737.0,0.5082758822666666
"(4.975, 17.5]","(15000.0, 20000.0]","(10.0, 20.0]","(1.1, 1.35]","(14.993, 18.5]","(24.75, 26.5]","(4.975, 17.5]","(20000.0, 30000.0]","(-0.01, 5.0]","(1.1, 1.35]","(14.993, 18.5]","(24.75, 26.5]","(17.5, 30.0]","(20000.0, 30000.0]","(5.0, 10.0]","(1.1, 1.35]","(14.993, 18.5]","(26.5, 30.0]",16562.0,0.5810956551333333
"(4.975, 17.5]","(15000.0, 20000.0]","(-0.02, 10.0]","(1.35, 1.6]","(14.993, 18.5]","(22.996, 24.75]","(17.5, 30.0]","(20000.0, 30000.0]","(5.0, 10.0]","(1.1, 1.35]","(14.993, 18.5]","(24.75, 26.5]","(17.5, 30.0]","(20000.0, 30000.0]","(-0.01, 5.0]","(1.35, 1.6]","(14.993, 18.5]","(26.5, 30.0]",21704.0,0.601786111111111
"(17.5, 30.0]","(15000.0, 20000.0]","(-0.02, 10.0]","(1.1, 1.35]","(14.993, 18.5]","(22.996, 24.75]","(17.5, 30.0]","(9980.0, 20000.0]","(5.0, 10.0]","(1.35, 1.6]","(18.5, 22.0]","(22.996, 24.75]","(17.5, 30.0]","(9980.0, 20000.0]","(5.0, 10.0]","(1.35, 1.6]","(18.5, 22.0]","(26.5, 30.0]",2845.0,0.5224699472222223
"(4.975, 17.5]","(9990.0, 15000.0]","(-0.02, 10.0]","(1.35, 1.6]","(18.5, 22.0]","(24.75, 26.5]","(4.975, 17.5]","(9980.0, 20000.0]","(5.0, 10.0]","(1.1, 1.35]","(18.5, 22.0]","(24.75, 26.5]","(4.975, 17.5]","(20000.0, 30000.0]","(-0.01, 5.0]","(1.35, 1.6]","(14.993, 18.5]","(26.5, 30.0]",1683.0,0.4111421735111111
"(4.975, 17.5]","(9990.0, 15000.0]","(10.0, 20.0]","(1.1, 1.35]","(18.5, 22.0]","(22.996, 24.75]","(17.5, 30.0]","(9980.0, 20000.0]","(5.0, 10.0]","(1.35, 1.6]","(18.5, 22.0]","(22.996, 24.75]","(17.5, 30.0]","(20000.0, 30000.0]","(5.0, 10.0]","(1.1, 1.35]","(14.993, 18.5]","(22.993, 26.5]",10882.0,0.4903035288444445
"(4.975, 17.5]","(15000.0, 20000.0]","(-0.02, 10.0]","(1.1, 1.35]","(18.5, 22.0]","(24.75, 26.5]","(17.5, 30.0]","(9980.0, 20000.0]","(-0.01, 5.0]","(1.35, 1.6]","(18.5, 22.0]","(24.75, 26.5]","(4.975, 17.5]","(20000.0, 30000.0]","(-0.01, 5.0]","(1.1, 1.35]","(14.993, 18.5]","(26.5, 30.0]",6544.0,0.5615719884666667
"(17.5, 30.0]","(15000.0, 20000.0]","(-0.02, 10.0]","(1.1, 1.35]","(18.5, 22.0]","(24.75, 26.5]","(17.5, 30.0]","(9980.0, 20000.0]","(-0.01, 5.0]","(1.1, 1.35]","(18.5, 22.0]","(24.75, 26.5]","(4.975, 17.5]","(9980.0, 20000.0]","(-0.01, 5.0]","(1.1, 1.35]","(18.5, 22.0]","(22.993, 26.5]",10493.0,0.4715497166666666
"(4.975, 17.5]","(15000.0, 20000.0]","(10.0, 20.0]","(1.1, 1.35]","(18.5, 22.0]","(22.996, 24.75]","(4.975, 17.5]","(20000.0, 30000.0]","(5.0, 10.0]","(1.1, 1.35]","(14.993, 18.5]","(24.75, 26.5]","(4.975, 17.5]","(9980.0, 20000.0]","(5.0, 10.0]","(1.35, 1.6]","(14.993, 18.5]","(22.993, 26.5]",8648.0,0.4703895478666666
"(4.975, 17.5]","(9990.0, 15000.0]","(-0.02, 10.0]","(1.35, 1.6]","(14.993, 18.5]","(22.996, 24.75]","(17.5, 30.0]","(9980.0, 20000.0]","(-0.01, 5.0]","(1.35, 1.6]","(18.5, 22.0]","(22.996, 24.75]","(17.5, 30.0]","(20000.0, 30000.0]","(-0.01, 5.0]","(1.1, 1.35]","(14.993, 18.5]","(26.5, 30.0]",3543.0,0.4606745465777777
"(17.5, 30.0]","(15000.0, 20000.0]","(10.0, 20.0]","(1.1, 1.35]","(14.993, 18.5]","(22.996, 24.75]","(4.975, 17.5]","(9980.0, 20000.0]","(-0.01, 5.0]","(1.1, 1.35]","(18.5, 22.0]","(22.996, 24.75]","(4.975, 17.5]","(20000.0, 30000.0]","(-0.01, 5.0]","(1.1, 1.35]","(14.993, 18.5]","(26.5, 30.0]",6720.0,0.526989478
"(17.5, 30.0]","(9990.0, 15000.0]","(10.0, 20.0]","(1.1, 1.35]","(14.993, 18.5]","(22.996, 24.75]","(17.5, 30.0]","(20000.0, 30000.0]","(-0.01, 5.0]","(1.1, 1.35]","(18.5, 22.0]","(24.75, 26.5]","(4.975, 17.5]","(9980.0, 20000.0]","(5.0, 10.0]","(1.1, 1.35]","(18.5, 22.0]","(26.5, 30.0]",10485.0,0.4957431312000001
"(4.975, 17.5]","(9990.0, 15000.0]","(-0.02, 10.0]","(1.35, 1.6]","(14.993, 18.5]","(24.75, 26.5]","(17.5, 30.0]","(20000.0, 30000.0]","(5.0, 10.0]","(1.35, 1.6]","(18.5, 22.0]","(24.75, 26.5]","(17.5, 30.0]","(9980.0, 20000.0]","(-0.01, 5.0]","(1.35, 1.6]","(18.5, 22.0]","(22.993, 26.5]",13522.0,0.5103303476444445
"(4.975, 17.5]","(9990.0, 15000.0]","(-0.02, 10.0]","(1.1, 1.35]","(18.5, 22.0]","(22.996, 24.75]","(17.5, 30.0]","(20000.0, 30000.0]","(5.0, 10.0]","(1.35, 1.6]","(18.5, 22.0]","(22.996, 24.75]","(17.5, 30.0]","(20000.0, 30000.0]","(5.0, 10.0]","(1.1, 1.35]","(18.5, 22.0]","(26.5, 30.0]",16632.0,0.5541249995777778
"(17.5, 30.0]","(15000.0, 20000.0]","(-0.02, 10.0]","(1.1, 1.35]","(14.993, 18.5]","(22.996, 24.75]","(4.975, 17.5]","(9980.0, 20000.0]","(-0.01, 5.0]","(1.1, 1.35]","(18.5, 22.0]","(22.996, 24.75]","(17.5, 30.0]","(20000.0, 30000.0]","(-0.01, 5.0]","(1.1, 1.35]","(14.993, 18.5]","(26.5, 30.0]",5226.0,0.5573041562
"(4.975, 17.5]","(9990.0, 15000.0]","(10.0, 20.0]","(1.35, 1.6]","(14.993, 18.5]","(24.75, 26.5]","(4.975, 17.5]","(20000.0, 30000.0]","(5.0, 10.0]","(1.35, 1.6]","(18.5, 22.0]","(22.996, 24.75]","(17.5, 30.0]","(20000.0, 30000.0]","(5.0, 10.0]","(1.1, 1.35]","(14.993, 18.5]","(22.993, 26.5]",23205.0,0.5293973854666667
"(17.5, 30.0]","(15000.0, 20000.0]","(-0.02, 10.0]","(1.35, 1.6]","(14.993, 18.5]","(24.75, 26.5]","(4.975, 17.5]","(9980.0, 20000.0]","(-0.01, 5.0]","(1.1, 1.35]","(14.993, 18.5]","(22.996, 24.75]","(4.975, 17.5]","(9980.0, 20000.0]","(-0.01, 5.0]","(1.1, 1.35]","(18.5, 22.0]","(26.5, 30.0]",11514.0,0.4392639688
"(17.5, 30.0]","(15000.0, 20000.0]","(10.0, 20.0]","(1.35, 1.6]","(14.993, 18.5]","(22.996, 24.75]","(17.5, 30.0]","(9980.0, 20000.0]","(5.0, 10.0]","(1.35, 1.6]","(18.5, 22.0]","(24.75, 26.5]","(17.5, 30.0]","(20000.0, 30000.0]","(-0.01, 5.0]","(1.35, 1.6]","(18.5, 22.0]","(22.993, 26.5]",6627.0,0.5561382113333333
"(4.975, 17.5]","(9990.0, 15000.0]","(10.0, 20.0]","(1.1, 1.35]","(18.5, 22.0]","(22.996, 24.75]","(17.5, 30.0]","(20000.0, 30000.0]","(5.0, 10.0]","(1.1, 1.35]","(18.5, 22.0]","(22.996, 24.75]","(17.5, 30.0]","(20000.0, 30000.0]","(5.0, 10.0]","(1.1, 1.35]","(18.5, 22.0]","(26.5, 30.0]",18848.0,0.5796285290666667
"(4.975, 17.5]","(15000.0, 20000.0]","(-0.02, 10.0]","(1.1, 1.35]","(18.5, 22.0]","(22.996, 24.75]","(17.5, 30.0]","(9980.0, 20000.0]","(5.0, 10.0]","(1.1, 1.35]","(18.5, 22.0]","(24.75, 26.5]","(17.5, 30.0]","(9980.0, 20000.0]","(-0.01, 5.0]","(1.35, 1.6]","(14.993, 18.5]","(26.5, 30.0]",2463.0,0.4651925228666667
"(4.975, 17.5]","(15000.0, 20000.0]","(-0.02, 10.0]","(1.35, 1.6]","(18.5, 22.0]","(24.75, 26.5]","(4.975, 17.5]","(9980.0, 20000.0]","(5.0, 10.0]","(1.1, 1.35]","(14.993, 18.5]","(22.996, 24.75]","(4.975, 17.5]","(20000.0, 30000.0]","(-0.01, 5.0]","(1.35, 1.6]","(18.5, 22.0]","(26.5, 30.0]",11908.0,0.4671184882444445
"(17.5, 30.0]","(15000.0, 20000.0]","(10.0, 20.0]","(1.35, 1.6]","(14.993, 18.5]","(22.996, 24.75]","(4.975, 17.5]","(9980.0, 20000.0]","(5.0, 10.0]","(1.1, 1.35]","(14.993, 18.5]","(24.75, 26.5]","(17.5, 30.0]","(20000.0, 30000.0]","(-0.01, 5.0]","(1.1, 1.35]","(14.993, 18.5]","(26.5, 30.0]",14296.0,0.5191795628222223
"(17.5, 30.0]","(9990.0, 15000.0]","(-0.02, 10.0]","(1.1, 1.35]","(18.5, 22.0]","(22.996, 24.75]","(4.975, 17.5]","(20000.0, 30000.0]","(5.0, 10.0]","(1.35, 1.6]","(18.5, 22.0]","(24.75, 26.5]","(4.975, 17.5]","(20000.0, 30000.0]","(-0.01, 5.0]","(1.1, 1.35]","(14.993, 18.5]","(26.5, 30.0]",19631.0,0.5423215393111112
"(17.5, 30.0]","(15000.0, 20000.0]","(10.0, 20.0]","(1.35, 1.6]","(14.993, 18.5]","(22.996, 24.75]","(17.5, 30.0]","(20000.0, 30000.0]","(-0.01, 5.0]","(1.35, 1.6]","(14.993, 18.5]","(22.996, 24.75]","(17.5, 30.0]","(9980.0, 20000.0]","(5.0, 10.0]","(1.1, 1.35]","(18.5, 22.0]","(22.993, 26.5]",20738.0,0.5850846470000001
"(17.5, 30.0]","(9990.0, 15000.0]","(-0.02, 10.0]","(1.35, 1.6]","(14.993, 18.5]","(24.75, 26.5]","(4.975, 17.5]","(9980.0, 20000.0]","(5.0, 10.0]","(1.35, 1.6]","(18.5, 22.0]","(22.996, 24.75]","(17.5, 30.0]","(9980.0, 20000.0]","(-0.01, 5.0]","(1.1, 1.35]","(14.993, 18.5]","(22.993, 26.5]",14863.0,0.4608794615333333
"(17.5, 30.0]","(9990.0, 15000.0]","(10.0, 20.0]","(1.35, 1.6]","(14.993, 18.5]","(22.996, 24.75]","(17.5, 30.0]","(9980.0, 20000.0]","(5.0, 10.0]","(1.1, 1.35]","(18.5, 22.0]","(22.996, 24.75]","(4.975, 17.5]","(20000.0, 30000.0]","(-0.01, 5.0]","(1.1, 1.35]","(14.993, 18.5]","(22.993, 26.5]",17814.0,0.5734277301333334
"(4.975, 17.5]","(15000.0, 20000.0]","(-0.02, 10.0]","(1.35, 1.6]","(14.993, 18.5]","(24.75, 26.5]","(4.975, 17.5]","(9980.0, 20000.0]","(-0.01, 5.0]","(1.1, 1.35]","(14.993, 18.5]","(22.996, 24.75]","(17.5, 30.0]","(9980.0, 20000.0]","(-0.01, 5.0]","(1.35, 1.6]","(14.993, 18.5]","(26.5, 30.0]",16662.0,0.4727728754222222
"(17.5, 30.0]","(15000.0, 20000.0]","(10.0, 20.0]","(1.35, 1.6]","(18.5, 22.0]","(24.75, 26.5]","(4.975, 17.5]","(9980.0, 20000.0]","(5.0, 10.0]","(1.1, 1.35]","(18.5, 22.0]","(24.75, 26.5]","(17.5, 30.0]","(20000.0, 30000.0]","(-0.01, 5.0]","(1.1, 1.35]","(14.993, 18.5]","(26.5, 30.0]",2876.0,0.5082600472222223
"(4.975, 17.5]","(9990.0, 15000.0]","(-0.02, 10.0]","(1.1, 1.35]","(14.993, 18.5]","(24.75, 26.5]","(4.975, 17.5]","(9980.0, 20000.0]","(5.0, 10.0]","(1.1, 1.35]","(18.5, 22.0]","(22.996, 24.75]","(4.975, 17.5]","(20000.0, 30000.0]","(-0.01, 5.0]","(1.1, 1.35]","(14.993, 18.5]","(26.5, 30.0]",17035.0,0.4922414820444444
"(4.975, 17.5]","(15000.0, 20000.0]","(-0.02, 10.0]","(1.35, 1.6]","(14.993, 18.5]","(24.75, 26.5]","(17.5, 30.0]","(9980.0, 20000.0]","(5.0, 10.0]","(1.1, 1.35]","(14.993, 18.5]","(24.75, 26.5]","(17.5, 30.0]","(20000.0, 30000.0]","(-0.01, 5.0]","(1.1, 1.35]","(14.993, 18.5]","(22.993, 26.5]",13499.0,0.533876535888889
"(4.975, 17.5]","(15000.0, 20000.0]","(10.0, 20.0]","(1.35, 1.6]","(14.993, 18.5]","(22.996, 24.75]","(17.5, 30.0]","(9980.0, 20000.0]","(-0.01, 5.0]","(1.1, 1.35]","(14.993, 18.5]","(24.75, 26.5]","(4.975, 17.5]","(9980.0, 20000.0]","(5.0, 10.0]","(1.35, 1.6]","(14.993, 18.5]","(26.5, 30.0]",12843.0,0.4842585779999999
"(4.975, 17.5]","(9990.0, 15000.0]","(10.0, 20.0]","(1.35, 1.6]","(14.993, 18.5]","(24.75, 26.5]","(17.5, 30.0]","(20000.0, 30000.0]","(5.0, 10.0]","(1.35, 1.6]","(18.5, 22.0]","(24.75, 26.5]","(4.975, 17.5]","(9980.0, 20000.0]","(5.0, 10.0]","(1.1, 1.35]","(18.5, 22.0]","(22.993, 26.5]",11088.0,0.4326094482888889
"(17.5, 30.0]","(9990.0, 15000.0]","(-0.02, 10.0]","(1.35, 1.6]","(14.993, 18.5]","(24.75, 26.5]","(4.975, 17.5]","(20000.0, 30000.0]","(-0.01, 5.0]","(1.35, 1.6]","(18.5, 22.0]","(22.996, 24.75]","(17.5, 30.0]","(20000.0, 30000.0]","(-0.01, 5.0]","(1.35, 1.6]","(18.5, 22.0]","(26.5, 30.0]",18269.0,0.5660202656000001
"(17.5, 30.0]","(15000.0, 20000.0]","(10.0, 20.0]","(1.35, 1.6]","(14.993, 18.5]","(24.75, 26.5]","(17.5, 30.0]","(20000.0, 30000.0]","(5.0, 10.0]","(1.35, 1.6]","(14.993, 18.5]","(22.996, 24.75]","(17.5, 30.0]","(9980.0, 20000.0]","(-0.01, 5.0]","(1.1, 1.35]","(14.993, 18.5]","(26.5, 30.0]",22214.0,0.5986443070444446
"(17.5, 30.0]","(15000.0, 20000.0]","(-0.02, 10.0]","(1.1, 1.35]","(14.993, 18.5]","(24.75, 26.5]","(4.975, 17.5]","(20000.0, 30000.0]","(5.0, 10.0]","(1.1, 1.35]","(14.993, 18.5]","(22.996, 24.75]","(4.975, 17.5]","(9980.0, 20000.0]","(-0.01, 5.0]","(1.35, 1.6]","(14.993, 18.5]","(22.993, 26.5]",24153.0,0.529734423288889
"(17.5, 30.0]","(15000.0, 20000.0]","(-0.02, 10.0]","(1.1, 1.35]","(14.993, 18.5]","(24.75, 26.5]","(17.5, 30.0]","(20000.0, 30000.0]","(5.0, 10.0]","(1.35, 1.6]","(14.993, 18.5]","(22.996, 24.75]","(17.5, 30.0]","(9980.0, 20000.0]","(5.0, 10.0]","(1.35, 1.6]","(18.5, 22.0]","(26.5, 30.0]",16479.0,0.5666229899555555
"(17.5, 30.0]","(9990.0, 15000.0]","(10.0, 20.0]","(1.1, 1.35]","(14.993, 18.5]","(22.996, 24.75]","(4.975, 17.5]","(20000.0, 30000.0]","(5.0, 10.0]","(1.35, 1.6]","(18.5, 22.0]","(22.996, 24.75]","(4.975, 17.5]","(9980.0, 20000.0]","(5.0, 10.0]","(1.1, 1.35]","(14.993, 18.5]","(22.993, 26.5]",9769.0,0.4671143816222222
"(4.975, 17.5]","(15000.0, 20000.0]","(-0.02, 10.0]","(1.1, 1.35]","(14.993, 18.5]","(24.75, 26.5]","(17.5, 30.0]","(9980.0, 20000.0]","(-0.01, 5.0]","(1.1, 1.35]","(14.993, 18.5]","(22.996, 24.75]","(4.975, 17.5]","(9980.0, 20000.0]","(-0.01, 5.0]","(1.35, 1.6]","(18.5, 22.0]","(26.5, 30.0]",8268.0,0.4143409401555556
"(17.5, 30.0]","(15000.0, 20000.0]","(-0.02, 10.0]","(1.1, 1.35]","(18.5, 22.0]","(22.996, 24.75]","(4.975, 17.5]","(9980.0, 20000.0]","(-0.01, 5.0]","(1.35, 1.6]","(14.993, 18.5]","(24.75, 26.5]","(4.975, 17.5]","(9980.0, 20000.0]","(5.0, 10.0]","(1.1, 1.35]","(14.993, 18.5]","(22.993, 26.5]",17273.0,0.4643623833333332
"(17.5, 30.0]","(9990.0, 15000.0]","(10.0, 20.0]","(1.1, 1.35]","(14.993, 18.5]","(24.75, 26.5]","(17.5, 30.0]","(20000.0, 30000.0]","(-0.01, 5.0]","(1.1, 1.35]","(14.993, 18.5]","(24.75, 26.5]","(4.975, 17.5]","(9980.0, 20000.0]","(5.0, 10.0]","(1.1, 1.35]","(14.993, 18.5]","(26.5, 30.0]",16641.0,0.506368689111111
"(4.975, 17.5]","(15000.0, 20000.0]","(10.0, 20.0]","(1.1, 1.35]","(14.993, 18.5]","(22.996, 24.75]","(4.975, 17.5]","(9980.0, 20000.0]","(5.0, 10.0]","(1.1, 1.35]","(18.5, 22.0]","(22.996, 24.75]","(4.975, 17.5]","(20000.0, 30000.0]","(-0.01, 5.0]","(1.35, 1.6]","(14.993, 18.5]","(26.5, 30.0]",3199.0,0.4903957241555556
"(17.5, 30.0]","(9990.0, 15000.0]","(-0.02, 10.0]","(1.1, 1.35]","(14.993, 18.5]","(24.75, 26.5]","(17.5, 30.0]","(20000.0, 30000.0]","(-0.01, 5.0]","(1.1, 1.35]","(14.993, 18.5]","(22.996, 24.75]","(4.975, 17.5]","(20000.0, 30000.0]","(-0.01, 5.0]","(1.1, 1.35]","(14.993, 18.5]","(22.993, 26.5]",22538.0,0.5355430903777779
"(4.975, 17.5]","(9990.0, 15000.0]","(10.0, 20.0]","(1.35, 1.6]","(14.993, 18.5]","(24.75, 26.5]","(17.5, 30.0]","(9980.0, 20000.0]","(5.0, 10.0]","(1.1, 1.35]","(14.993, 18.5]","(24.75, 26.5]","(17.5, 30.0]","(20000.0, 30000.0]","(-0.01, 5.0]","(1.1, 1.35]","(14.993, 18.5]","(22.993, 26.5]",2898.0,0.4833058170888889
"(17.5, 30.0]","(9990.0, 15000.0]","(-0.02, 10.0]","(1.1, 1.35]","(18.5, 22.0]","(24.75, 26.5]","(4.975, 17.5]","(9980.0, 20000.0]","(-0.01, 5.0]","(1.1, 1.35]","(18.5, 22.0]","(22.996, 24.75]","(4.975, 17.5]","(20000.0, 30000.0]","(-0.01, 5.0]","(1.1, 1.35]","(18.5, 22.0]","(22.993, 26.5]",14142.0,0.5393815476444446
"(4.975, 17.5]","(9990.0, 15000.0]","(10.0, 20.0]","(1.35, 1.6]","(14.993, 18.5]","(22.996, 24.75]","(4.975, 17.5]","(9980.0, 20000.0]","(5.0, 10.0]","(1.1, 1.35]","(14.993, 18.5]","(24.75, 26.5]","(17.5, 30.0]","(9980.0, 20000.0]","(5.0, 10.0]","(1.35, 1.6]","(18.5, 22.0]","(26.5, 30.0]",8733.0,0.4786317899555555
"(4.975, 17.5]","(9990.0, 15000.0]","(-0.02, 10.0]","(1.1, 1.35]","(14.993, 18.5]","(24.75, 26.5]","(4.975, 17.5]","(9980.0, 20000.0]","(5.0, 10.0]","(1.1, 1.35]","(18.5, 22.0]","(22.996, 24.75]","(4.975, 17.5]","(20000.0, 30000.0]","(-0.01, 5.0]","(1.1, 1.35]","(14.993, 18.5]","(26.5, 30.0]",13807.0,0.4946129087555557
"(4.975, 17.5]","(15000.0, 20000.0]","(-0.02, 10.0]","(1.1, 1.35]","(18.5, 22.0]","(24.75, 26.5]","(4.975, 17.5]","(9980.0, 20000.0]","(5.0, 10.0]","(1.1, 1.35]","(18.5, 22.0]","(24.75, 26.5]","(17.5, 30.0]","(9980.0, 20000.0]","(-0.01, 5.0]","(1.1, 1.35]","(14.993, 18.5]","(26.5, 30.0]",639.0,0.4255719750000001
"(17.5, 30.0]","(9990.0, 15000.0]","(-0.02, 10.0]","(1.35, 1.6]","(14.993, 18.5]","(24.75, 26.5]","(17.5, 30.0]","(20000.0, 30000.0]","(-0.01, 5.0]","(1.35, 1.6]","(14.993, 18.5]","(24.75, 26.5]","(4.975, 17.5]","(9980.0, 20000.0]","(5.0, 10.0]","(1.35, 1.6]","(18.5, 22.0]","(26.5, 30.0]",15119.0,0.5224541904000001
"(4.975, 17.5]","(15000.0, 20000.0]","(10.0, 20.0]","(1.1, 1.35]","(14.993, 18.5]","(22.996, 24.75]","(17.5, 30.0]","(9980.0, 20000.0]","(-0.01, 5.0]","(1.35, 1.6]","(18.5, 22.0]","(24.75, 26.5]","(4.975, 17.5]","(20000.0, 30000.0]","(5.0, 10.0]","(1.35, 1.6]","(14.993, 18.5]","(26.5, 30.0]",9717.0,0.5577625589777778
"(4.975, 17.5]","(9990.0, 15000.0]","(-0.02, 10.0]","(1.35, 1.6]","(14.993, 18.5]","(22.996, 24.75]","(17.5, 30.0]","(9980.0, 20000.0]","(5.0, 10.0]","(1.35, 1.6]","(18.5, 22.0]","(22.996, 24.75]","(4.975, 17.5]","(20000.0, 30000.0]","(-0.01, 5.0]","(1.35, 1.6]","(14.993, 18.5]","(22.993, 26.5]",15006.0,0.4665684215777778
"(4.975, 17.5]","(15000.0, 20000.0]","(-0.02, 10.0]","(1.1, 1.35]","(14.993, 18.5]","(24.75, 26.5]","(17.5, 30.0]","(9980.0, 20000.0]","(-0.01, 5.0]","(1.1, 1.35]","(18.5, 22.0]","(24.75, 26.5]","(4.975, 17.5]","(20000.0, 30000.0]","(5.0, 10.0]","(1.1, 1.35]","(14.993, 18.5]","(22.993, 26.5]",16027.0,0.5105244068444444
"(17.5, 30.0]","(9990.0, 15000.0]","(-0.02, 10.0]","(1.35, 1.6]","(18.5, 22.0]","(24.75, 26.5]","(17.5, 30.0]","(20000.0, 30000.0]","(-0.01, 5.0]","(1.35, 1.6]","(14.993, 18.5]","(22.996, 24.75]","(4.975, 17.5]","(9980.0, 20000.0]","(5.0, 10.0]","(1.1, 1.35]","(18.5, 22.0]","(22.993, 26.5]",13072.0,0.4526098294888889
"(17.5, 30.0]","(9990.0, 15000.0]","(10.0, 20.0]","(1.1, 1.35]","(14.993, 18.5]","(22.996, 24.75]","(17.5, 30.0]","(9980.0, 20000.0]","(5.0, 10.0]","(1.35, 1.6]","(18.5, 22.0]","(22.996, 24.75]","(4.975, 17.5]","(9980.0, 20000.0]","(5.0, 10.0]","(1.1, 1.35]","(18.5, 22.0]","(26.5, 30.0]",10545.0,0.4823405149555556
"(17.5, 30.0]","(15000.0, 20000.0]","(10.0, 20.0]","(1.1, 1.35]","(14.993, 18.5]","(22.996, 24.75]","(17.5, 30.0]","(9980.0, 20000.0]","(-0.01, 5.0]","(1.35, 1.6]","(14.993, 18.5]","(22.996, 24.75]","(4.975, 17.5]","(20000.0, 30000.0]","(5.0, 10.0]","(1.1, 1.35]","(14.993, 18.5]","(26.5, 30.0]",16286.0,0.5454019038444445
"(17.5, 30.0]","(15000.0, 20000.0]","(-0.02, 10.0]","(1.1, 1.35]","(18.5, 22.0]","(24.75, 26.5]","(17.5, 30.0]","(20000.0, 30000.0]","(5.0, 10.0]","(1.1, 1.35]","(18.5, 22.0]","(24.75, 26.5]","(17.5, 30.0]","(20000.0, 30000.0]","(-0.01, 5.0]","(1.35, 1.6]","(18.5, 22.0]","(26.5, 30.0]",14177.0,0.5980268019333334
"(4.975, 17.5]","(9990.0, 15000.0]","(-0.02, 10.0]","(1.35, 1.6]","(14.993, 18.5]","(22.996, 24.75]","(4.975, 17.5]","(20000.0, 30000.0]","(5.0, 10.0]","(1.35, 1.6]","(18.5, 22.0]","(22.996, 24.75]","(4.975, 17.5]","(20000.0, 30000.0]","(-0.01, 5.0]","(1.35, 1.6]","(18.5, 22.0]","(22.993, 26.5]",3658.0,0.4963658083333335
"(4.975, 17.5]","(9990.0, 15000.0]","(10.0, 20.0]","(1.35, 1.6]","(18.5, 22.0]","(22.996, 24.75]","(4.975, 17.5]","(9980.0, 20000.0]","(-0.01, 5.0]","(1.35, 1.6]","(18.5, 22.0]","(24.75, 26.5]","(4.975, 17.5]","(9980.0, 20000.0]","(-0.01, 5.0]","(1.1, 1.35]","(14.993, 18.5]","(26.5, 30.0]",5588.0,0.4020392741333334
"(17.5, 30.0]","(9990.0, 15000.0]","(-0.02, 10.0]","(1.1, 1.35]","(14.993, 18.5]","(24.75, 26.5]","(4.975, 17.5]","(9980.0, 20000.0]","(-0.01, 5.0]","(1.35, 1.6]","(18.5, 22.0]","(24.75, 26.5]","(4.975, 17.5]","(20000.0, 30000.0]","(5.0, 10.0]","(1.35, 1.6]","(14.993, 18.5]","(22.993, 26.5]",7571.0,0.454313136111111
"(17.5, 30.0]","(9990.0, 15000.0]","(10.0, 20.0]","(1.35, 1.6]","(14.993, 18.5]","(22.996, 24.75]","(17.5, 30.0]","(9980.0, 20000.0]","(5.0, 10.0]","(1.35, 1.6]","(18.5, 22.0]","(24.75, 26.5]","(17.5, 30.0]","(20000.0, 30000.0]","(-0.01, 5.0]","(1.35, 1.6]","(14.993, 18.5]","(26.5, 30.0]",1916.0,0.5429439299111111
"(4.975, 17.5]","(15000.0, 20000.0]","(10.0, 20.0]","(1.35, 1.6]","(18.5, 22.0]","(22.996, 24.75]","(4.975, 17.5]","(9980.0, 20000.0]","(-0.01, 5.0]","(1.35, 1.6]","(18.5, 22.0]","(24.75, 26.5]","(17.5, 30.0]","(9980.0, 20000.0]","(-0.01, 5.0]","(1.35, 1.6]","(14.993, 18.5]","(26.5, 30.0]",957.0,0.3989681218
"(4.975, 17.5]","(15000.0, 20000.0]","(-0.02, 10.0]","(1.35, 1.6]","(18.5, 22.0]","(22.996, 24.75]","(4.975, 17.5]","(9980.0, 20000.0]","(-0.01, 5.0]","(1.1, 1.35]","(14.993, 18.5]","(22.996, 24.75]","(4.975, 17.5]","(20000.0, 30000.0]","(-0.01, 5.0]","(1.35, 1.6]","(14.993, 18.5]","(22.993, 26.5]",2764.0,0.4386000226444445
"(4.975, 17.5]","(9990.0, 15000.0]","(-0.02, 10.0]","(1.1, 1.35]","(14.993, 18.5]","(24.75, 26.5]","(17.5, 30.0]","(20000.0, 30000.0]","(-0.01, 5.0]","(1.35, 1.6]","(14.993, 18.5]","(24.75, 26.5]","(17.5, 30.0]","(20000.0, 30000.0]","(-0.01, 5.0]","(1.35, 1.6]","(14.993, 18.5]","(26.5, 30.0]",19703.0,0.5899751536222223
"(17.5, 30.0]","(9990.0, 15000.0]","(-0.02, 10.0]","(1.35, 1.6]","(14.993, 18.5]","(22.996, 24.75]","(4.975, 17.5]","(20000.0, 30000.0]","(-0.01, 5.0]","(1.35, 1.6]","(14.993, 18.5]","(22.996, 24.75]","(17.5, 30.0]","(9980.0, 20000.0]","(5.0, 10.0]","(1.1, 1.35]","(18.5, 22.0]","(26.5, 30.0]",18378.0,0.5193604982888889
"(17.5, 30.0]","(15000.0, 20000.0]","(10.0, 20.0]","(1.1, 1.35]","(14.993, 18.5]","(24.75, 26.5]","(17.5, 30.0]","(9980.0, 20000.0]","(-0.01, 5.0]","(1.1, 1.35]","(18.5, 22.0]","(22.996, 24.75]","(4.975, 17.5]","(9980.0, 20000.0]","(5.0, 10.0]","(1.1, 1.35]","(18.5, 22.0]","(26.5, 30.0]",942.0,0.4506373489333333
"(4.975, 17.5]","(15000.0, 20000.0]","(-0.02, 10.0]","(1.35, 1.6]","(18.5, 22.0]","(22.996, 24.75]","(4.975, 17.5]","(9980.0, 20000.0]","(-0.01, 5.0]","(1.35, 1.6]","(18.5, 22.0]","(22.996, 24.75]","(17.5, 30.0]","(9980.0, 20000.0]","(-0.01, 5.0]","(1.35, 1.6]","(18.5, 22.0]","(26.5, 30.0]",5067.0,0.4284460109111112
"(17.5, 30.0]","(9990.0, 15000.0]","(-0.02, 10.0]","(1.35, 1.6]","(18.5, 22.0]","(22.996, 24.75]","(4.975, 17.5]","(20000.0, 30000.0]","(-0.01, 5.0]","(1.1, 1.35]","(18.5, 22.0]","(22.996, 24.75]","(4.975, 17.5]","(9980.0, 20000.0]","(5.0, 10.0]","(1.1, 1.35]","(18.5, 22.0]","(22.993, 26.5]",15961.0,0.4960684499999999
"(4.975, 17.5]","(9990.0, 15000.0]","(-0.02, 10.0]","(1.1, 1.35]","(14.993, 18.5]","(22.996, 24.75]","(17.5, 30.0]","(20000.0, 30000.0]","(-0.01, 5.0]","(1.35, 1.6]","(14.993, 18.5]","(24.75, 26.5]","(4.975, 17.5]","(20000.0, 30000.0]","(-0.01, 5.0]","(1.1, 1.35]","(18.5, 22.0]","(22.993, 26.5]",20357.0,0.585223145088889
"(17.5, 30.0]","(9990.0, 15000.0]","(-0.02, 10.0]","(1.35, 1.6]","(18.5, 22.0]","(24.75, 26.5]","(4.975, 17.5]","(9980.0, 20000.0]","(5.0, 10.0]","(1.1, 1.35]","(18.5, 22.0]","(24.75, 26.5]","(4.975, 17.5]","(20000.0, 30000.0]","(-0.01, 5.0]","(1.35, 1.6]","(18.5, 22.0]","(26.5, 30.0]",3643.0,0.4616955177333333
"(4.975, 17.5]","(15000.0, 20000.0]","(-0.02, 10.0]","(1.1, 1.35]","(18.5, 22.0]","(24.75, 26.5]","(17.5, 30.0]","(20000.0, 30000.0]","(-0.01, 5.0]","(1.35, 1.6]","(14.993, 18.5]","(24.75, 26.5]","(4.975, 17.5]","(9980.0, 20000.0]","(-0.01, 5.0]","(1.1, 1.35]","(18.5, 22.0]","(26.5, 30.0]",18109.0,0.5717719156000001
"(4.975, 17.5]","(15000.0, 20000.0]","(10.0, 20.0]","(1.1, 1.35]","(18.5, 22.0]","(24.75, 26.5]","(17.5, 30.0]","(20000.0, 30000.0]","(-0.01, 5.0]","(1.35, 1.6]","(18.5, 22.0]","(24.75, 26.5]","(4.975, 17.5]","(9980.0, 20000.0]","(5.0, 10.0]","(1.35, 1.6]","(18.5, 22.0]","(22.993, 26.5]",11998.0,0.519682660688889
"(17.5, 30.0]","(9990.0, 15000.0]","(10.0, 20.0]","(1.1, 1.35]","(18.5, 22.0]","(24.75, 26.5]","(4.975, 17.5]","(20000.0, 30000.0]","(-0.01, 5.0]","(1.1, 1.35]","(18.5, 22.0]","(22.996, 24.75]","(4.975, 17.5]","(9980.0, 20000.0]","(5.0, 10.0]","(1.1, 1.35]","(14.993, 18.5]","(26.5, 30.0]",16784.0,0.5007324527777778
"(17.5, 30.0]","(9990.0, 15000.0]","(10.0, 20.0]","(1.1, 1.35]","(18.5, 22.0]","(22.996, 24.75]","(4.975, 17.5]","(20000.0, 30000.0]","(-0.01, 5.0]","(1.1, 1.35]","(14.993, 18.5]","(22.996, 24.75]","(4.975, 17.5]","(20000.0, 30000.0]","(-0.01, 5.0]","(1.1, 1.35]","(18.5, 22.0]","(26.5, 30.0]",20068.0,0.54840425
"(17.5, 30.0]","(9990.0, 15000.0]","(-0.02, 10.0]","(1.35, 1.6]","(14.993, 18.5]","(22.996, 24.75]","(4.975, 17.5]","(9980.0, 20000.0]","(-0.01, 5.0]","(1.35, 1.6]","(14.993, 18.5]","(24.75, 26.5]","(4.975, 17.5]","(9980.0, 20000.0]","(-0.01, 5.0]","(1.1, 1.35]","(18.5, 22.0]","(22.993, 26.5]",4588.0,0.3949776884666667
"(17.5, 30.0]","(15000.0, 20000.0]","(10.0, 20.0]","(1.35, 1.6]","(18.5, 22.0]","(22.996, 24.75]","(17.5, 30.0]","(9980.0, 20000.0]","(5.0, 10.0]","(1.35, 1.6]","(14.993, 18.5]","(24.75, 26.5]","(17.5, 30.0]","(20000.0, 30000.0]","(-0.01, 5.0]","(1.35, 1.6]","(14.993, 18.5]","(26.5, 30.0]",11767.0,0.6087439532
"(17.5, 30.0]","(9990.0, 15000.0]","(-0.02, 10.0]","(1.35, 1.6]","(14.993, 18.5]","(24.75, 26.5]","(17.5, 30.0]","(20000.0, 30000.0]","(-0.01, 5.0]","(1.1, 1.35]","(18.5, 22.0]","(24.75, 26.5]","(4.975, 17.5]","(9980.0, 20000.0]","(-0.01, 5.0]","(1.1, 1.35]","(18.5, 22.0]","(22.993, 26.5]",14743.0,0.5041800012888888
"(4.975, 17.5]","(9990.0, 15000.0]","(10.0, 20.0]","(1.35, 1.6]","(14.993, 18.5]","(22.996, 24.75]","(4.975, 17.5]","(9980.0, 20000.0]","(-0.01, 5.0]","(1.1, 1.35]","(18.5, 22.0]","(22.996, 24.75]","(4.975, 17.5]","(9980.0, 20000.0]","(-0.01, 5.0]","(1.35, 1.6]","(14.993, 18.5]","(22.993, 26.5]",15222.0,0.4610385301333333
"(4.975, 17.5]","(15000.0, 20000.0]","(-0.02, 10.0]","(1.35, 1.6]","(18.5, 22.0]","(24.75, 26.5]","(17.5, 30.0]","(9980.0, 20000.0]","(5.0, 10.0]","(1.1, 1.35]","(14.993, 18.5]","(22.996, 24.75]","(4.975, 17.5]","(9980.0, 20000.0]","(5.0, 10.0]","(1.1, 1.35]","(14.993, 18.5]","(26.5, 30.0]",13807.0,0.4815612649555555
"(4.975, 17.5]","(15000.0, 20000.0]","(10.0, 20.0]","(1.35, 1.6]","(18.5, 22.0]","(22.996, 24.75]","(17.5, 30.0]","(9980.0, 20000.0]","(-0.01, 5.0]","(1.1, 1.35]","(14.993, 18.5]","(24.75, 26.5]","(17.5, 30.0]","(20000.0, 30000.0]","(-0.01, 5.0]","(1.1, 1.35]","(14.993, 18.5]","(22.993, 26.5]",7811.0,0.5731751895333334
"(4.975, 17.5]","(15000.0, 20000.0]","(10.0, 20.0]","(1.35, 1.6]","(14.993, 18.5]","(22.996, 24.75]","(4.975, 17.5]","(20000.0, 30000.0]","(-0.01, 5.0]","(1.1, 1.35]","(18.5, 22.0]","(22.996, 24.75]","(4.975, 17.5]","(9980.0, 20000.0]","(5.0, 10.0]","(1.1, 1.35]","(14.993, 18.5]","(22.993, 26.5]",12941.0,0.455055617311111
"(4.975, 17.5]","(15000.0, 20000.0]","(10.0, 20.0]","(1.35, 1.6]","(14.993, 18.5]","(22.996, 24.75]","(4.975, 17.5]","(20000.0, 30000.0]","(5.0, 10.0]","(1.1, 1.35]","(18.5, 22.0]","(24.75, 26.5]","(17.5, 30.0]","(9980.0, 20000.0]","(-0.01, 5.0]","(1.1, 1.35]","(18.5, 22.0]","(22.993, 26.5]",5056.0,0.4303494339777778
"(4.975, 17.5]","(9990.0, 15000.0]","(10.0, 20.0]","(1.1, 1.35]","(18.5, 22.0]","(22.996, 24.75]","(4.975, 17.5]","(20000.0, 30000.0]","(5.0, 10.0]","(1.1, 1.35]","(18.5, 22.0]","(22.996, 24.75]","(17.5, 30.0]","(20000.0, 30000.0]","(5.0, 10.0]","(1.1, 1.35]","(14.993, 18.5]","(22.993, 26.5]",8261.0,0.5528341239333333
"(4.975, 17.5]","(9990.0, 15000.0]","(10.0, 20.0]","(1.35, 1.6]","(14.993, 18.5]","(22.996, 24.75]","(4.975, 17.5]","(20000.0, 30000.0]","(5.0, 10.0]","(1.35, 1.6]","(18.5, 22.0]","(24.75, 26.5]","(17.5, 30.0]","(9980.0, 20000.0]","(5.0, 10.0]","(1.1, 1.35]","(18.5, 22.0]","(22.993, 26.5]",13873.0,0.5128552544888888
"(4.975, 17.5]","(15000.0, 20000.0]","(-0.02, 10.0]","(1.1, 1.35]","(14.993, 18.5]","(24.75, 26.5]","(17.5, 30.0]","(20000.0, 30000.0]","(5.0, 10.0]","(1.1, 1.35]","(18.5, 22.0]","(22.996, 24.75]","(4.975, 17.5]","(9980.0, 20000.0]","(-0.01, 5.0]","(1.1, 1.35]","(18.5, 22.0]","(22.993, 26.5]",17088.0,0.4897277670888889
"(17.5, 30.0]","(15000.0, 20000.0]","(-0.02, 10.0]","(1.35, 1.6]","(18.5, 22.0]","(24.75, 26.5]","(4.975, 17.5]","(20000.0, 30000.0]","(5.0, 10.0]","(1.1, 1.35]","(18.5, 22.0]","(24.75, 26.5]","(17.5, 30.0]","(9980.0, 20000.0]","(-0.01, 5.0]","(1.1, 1.35]","(18.5, 22.0]","(22.993, 26.5]",18051.0,0.5751106916666666
"(4.975, 17.5]","(15000.0, 20000.0]","(-0.02, 10.0]","(1.1, 1.35]","(14.993, 18.5]","(24.75, 26.5]","(4.975, 17.5]","(20000.0, 30000.0]","(5.0, 10.0]","(1.1, 1.35]","(18.5, 22.0]","(22.996, 24.75]","(17.5, 30.0]","(20000.0, 30000.0]","(-0.01, 5.0]","(1.35, 1.6]","(18.5, 22.0]","(26.5, 30.0]",15972.0,0.5565972632444445
"(17.5, 30.0]","(15000.0, 20000.0]","(-0.02, 10.0]","(1.1, 1.35]","(18.5, 22.0]","(22.996, 24.75]","(17.5, 30.0]","(9980.0, 20000.0]","(-0.01, 5.0]","(1.35, 1.6]","(14.993, 18.5]","(24.75, 26.5]","(17.5, 30.0]","(9980.0, 20000.0]","(5.0, 10.0]","(1.35, 1.6]","(14.993, 18.5]","(26.5, 30.0]",1669.0,0.4600860856888888
"(4.975, 17.5]","(9990.0, 15000.0]","(-0.02, 10.0]","(1.35, 1.6]","(18.5, 22.0]","(22.996, 24.75]","(4.975, 17.5]","(20000.0, 30000.0]","(5.0, 10.0]","(1.35, 1.6]","(18.5, 22.0]","(22.996, 24.75]","(4.975, 17.5]","(20000.0, 30000.0]","(-0.01, 5.0]","(1.1, 1.35]","(18.5, 22.0]","(22.993, 26.5]",21928.0,0.5059287480666667
"(17.5, 30.0]","(9990.0, 15000.0]","(10.0, 20.0]","(1.35, 1.6]","(14.993, 18.5]","(24.75, 26.5]","(4.975, 17.5]","(20000.0, 30000.0]","(5.0, 10.0]","(1.1, 1.35]","(14.993, 18.5]","(22.996, 24.75]","(4.975, 17.5]","(9980.0, 20000.0]","(5.0, 10.0]","(1.1, 1.35]","(14.993, 18.5]","(22.993, 26.5]",23880.0,0.4931933352444443
"(4.975, 17.5]","(9990.0, 15000.0]","(-0.02, 10.0]","(1.1, 1.35]","(18.5, 22.0]","(22.996, 24.75]","(17.5, 30.0]","(20000.0, 30000.0]","(5.0, 10.0]","(1.35, 1.6]","(18.5, 22.0]","(22.996, 24.75]","(17.5, 30.0]","(9980.0, 20000.0]","(-0.01, 5.0]","(1.1, 1.35]","(14.993, 18.5]","(26.5, 30.0]",14636.0,0.5142985438000002
"(4.975, 17.5]","(15000.0, 20000.0]","(-0.02, 10.0]","(1.1, 1.35]","(14.993, 18.5]","(24.75, 26.5]","(4.975, 17.5]","(20000.0, 30000.0]","(5.0, 10.0]","(1.35, 1.6]","(18.5, 22.0]","(22.996, 24.75]","(4.975, 17.5]","(9980.0, 20000.0]","(-0.01, 5.0]","(1.35, 1.6]","(18.5, 22.0]","(26.5, 30.0]",14120.0,0.4437151737111111
"(17.5, 30.0]","(9990.0, 15000.0]","(10.0, 20.0]","(1.1, 1.35]","(14.993, 18.5]","(24.75, 26.5]","(4.975, 17.5]","(9980.0, 20000.0]","(5.0, 10.0]","(1.35, 1.6]","(14.993, 18.5]","(22.996, 24.75]","(4.975, 17.5]","(9980.0, 20000.0]","(-0.01, 5.0]","(1.1, 1.35]","(14.993, 18.5]","(26.5, 30.0]",6209.0,0.465505476711111
"(4.975, 17.5]","(15000.0, 20000.0]","(-0.02, 10.0]","(1.1, 1.35]","(18.5, 22.0]","(24.75, 26.5]","(4.975, 17.5]","(20000.0, 30000.0]","(5.0, 10.0]","(1.1, 1.35]","(14.993, 18.5]","(22.996, 24.75]","(17.5, 30.0]","(9980.0, 20000.0]","(-0.01, 5.0]","(1.1, 1.35]","(18.5, 22.0]","(26.5, 30.0]",14801.0,0.505178091888889
"(4.975, 17.5]","(15000.0, 20000.0]","(-0.02, 10.0]","(1.35, 1.6]","(14.993, 18.5]","(22.996, 24.75]","(4.975, 17.5]","(20000.0, 30000.0]","(-0.01, 5.0]","(1.35, 1.6]","(14.993, 18.5]","(24.75, 26.5]","(4.975, 17.5]","(9980.0, 20000.0]","(-0.01, 5.0]","(1.1, 1.35]","(18.5, 22.0]","(26.5, 30.0]",17590.0,0.5329889792666668
"(17.5, 30.0]","(15000.0, 20000.0]","(10.0, 20.0]","(1.35, 1.6]","(18.5, 22.0]","(22.996, 24.75]","(17.5, 30.0]","(9980.0, 20000.0]","(-0.01, 5.0]","(1.35, 1.6]","(14.993, 18.5]","(22.996, 24.75]","(17.5, 30.0]","(20000.0, 30000.0]","(-0.01, 5.0]","(1.35, 1.6]","(14.993, 18.5]","(26.5, 30.0]",5926.0,0.5206222158222221
"(4.975, 17.5]","(15000.0, 20000.0]","(-0.02, 10.0]","(1.35, 1.6]","(14.993, 18.5]","(22.996, 24.75]","(4.975, 17.5]","(9980.0, 20000.0]","(-0.01, 5.0]","(1.1, 1.35]","(14.993, 18.5]","(22.996, 24.75]","(17.5, 30.0]","(20000.0, 30000.0]","(5.0, 10.0]","(1.1, 1.35]","(14.993, 18.5]","(22.993, 26.5]",18494.0,0.5035023702888889
"(4.975, 17.5]","(15000.0, 20000.0]","(-0.02, 10.0]","(1.35, 1.6]","(14.993, 18.5]","(24.75, 26.5]","(17.5, 30.0]","(20000.0, 30000.0]","(-0.01, 5.0]","(1.35, 1.6]","(18.5, 22.0]","(22.996, 24.75]","(17.5, 30.0]","(20000.0, 30000.0]","(-0.01, 5.0]","(1.35, 1.6]","(14.993, 18.5]","(22.993, 26.5]",20180.0,0.5571003010666666
"(17.5, 30.0]","(15000.0, 20000.0]","(-0.02, 10.0]","(1.1, 1.35]","(18.5, 22.0]","(24.75, 26.5]","(4.975, 17.5]","(20000.0, 30000.0]","(5.0, 10.0]","(1.1, 1.35]","(14.993, 18.5]","(24.75, 26.5]","(4.975, 17.5]","(9980.0, 20000.0]","(-0.01, 5.0]","(1.1, 1.35]","(14.993, 18.5]","(22.993, 26.5]",2835.0,0.5060028822666668
"(17.5, 30.0]","(15000.0, 20000.0]","(10.0, 20.0]","(1.1, 1.35]","(14.993, 18.5]","(22.996, 24.75]","(4.975, 17.5]","(20000.0, 30000.0]","(5.0, 10.0]","(1.1, 1.35]","(18.5, 22.0]","(22.996, 24.75]","(4.975, 17.5]","(20000.0, 30000.0]","(-0.01, 5.0]","(1.1, 1.35]","(18.5, 22.0]","(22.993, 26.5]",20493.0,0.6137177848222222
"(17.5, 30.0]","(15000.0, 20000.0]","(10.0, 20.0]","(1.35, 1.6]","(18.5, 22.0]","(22.996, 24.75]","(4.975, 17.5]","(9980.0, 20000.0]","(-0.01, 5.0]","(1.1, 1.35]","(18.5, 22.0]","(22.996, 24.75]","(4.975, 17.5]","(9980.0, 20000.0]","(-0.01, 5.0]","(1.1, 1.35]","(14.993, 18.5]","(22.993, 26.5]",9174.0,0.4479637294888888
"(4.975, 17.5]","(9990.0, 15000.0]","(10.0, 20.0]","(1.1, 1.35]","(18.5, 22.0]","(24.75, 26.5]","(17.5, 30.0]","(20000.0, 30000.0]","(-0.01, 5.0]","(1.35, 1.6]","(18.5, 22.0]","(24.75, 26.5]","(17.5, 30.0]","(9980.0, 20000.0]","(5.0, 10.0]","(1.1, 1.35]","(18.5, 22.0]","(22.993, 26.5]",11808.0,0.523998526711111
"(17.5, 30.0]","(9990.0, 15000.0]","(10.0, 20.0]","(1.35, 1.6]","(18.5, 22.0]","(22.996, 24.75]","(4.975, 17.5]","(20000.0, 30000.0]","(5.0, 10.0]","(1.1, 1.35]","(14.993, 18.5]","(22.996, 24.75]","(4.975, 17.5]","(9980.0, 20000.0]","(5.0, 10.0]","(1.35, 1.6]","(18.5, 22.0]","(26.5, 30.0]",15360.0,0.4629406807777778
"(4.975, 17.5]","(15000.0, 20000.0]","(10.0, 20.0]","(1.1, 1.35]","(18.5, 22.0]","(22.996, 24.75]","(4.975, 17.5]","(9980.0, 20000.0]","(-0.01, 5.0]","(1.1, 1.35]","(14.993, 18.5]","(22.996, 24.75]","(4.975, 17.5]","(9980.0, 20000.0]","(5.0, 10.0]","(1.1, 1.35]","(14.993, 18.5]","(26.5, 30.0]",10930.0,0.4285818162444444
"(4.975, 17.5]","(15000.0, 20000.0]","(-0.02, 10.0]","(1.1, 1.35]","(18.5, 22.0]","(24.75, 26.5]","(4.975, 17.5]","(20000.0, 30000.0]","(5.0, 10.0]","(1.1, 1.35]","(14.993, 18.5]","(22.996, 24.75]","(4.975, 17.5]","(20000.0, 30000.0]","(5.0, 10.0]","(1.35, 1.6]","(18.5, 22.0]","(22.993, 26.5]",17715.0,0.5402114916666667
"(4.975, 17.5]","(15000.0, 20000.0]","(10.0, 20.0]","(1.1, 1.35]","(18.5, 22.0]","(22.996, 24.75]","(17.5, 30.0]","(20000.0, 30000.0]","(-0.01, 5.0]","(1.1, 1.35]","(14.993, 18.5]","(22.996, 24.75]","(4.975, 17.5]","(9980.0, 20000.0]","(5.0, 10.0]","(1.35, 1.6]","(18.5, 22.0]","(22.993, 26.5]",15230.0,0.5499238628222222
"(4.975, 17.5]","(9990.0, 15000.0]","(10.0, 20.0]","(1.35, 1.6]","(14.993, 18.5]","(24.75, 26.5]","(17.5, 30.0]","(9980.0, 20000.0]","(5.0, 10.0]","(1.1, 1.35]","(18.5, 22.0]","(22.996, 24.75]","(4.975, 17.5]","(20000.0, 30000.0]","(5.0, 10.0]","(1.35, 1.6]","(18.5, 22.0]","(22.993, 26.5]",16340.0,0.5285372476444444
"(17.5, 30.0]","(9990.0, 15000.0]","(10.0, 20.0]","(1.35, 1.6]","(14.993, 18.5]","(22.996, 24.75]","(4.975, 17.5]","(9980.0, 20000.0]","(5.0, 10.0]","(1.35, 1.6]","(14.993, 18.5]","(24.75, 26.5]","(4.975, 17.5]","(20000.0, 30000.0]","(-0.01, 5.0]","(1.1, 1.35]","(18.5, 22.0]","(26.5, 30.0]",6839.0,0.4759131856888889
"(4.975, 17.5]","(9990.0, 15000.0]","(10.0, 20.0]","(1.35, 1.6]","(14.993, 18.5]","(22.996, 24.75]","(4.975, 17.5]","(20000.0, 30000.0]","(5.0, 10.0]","(1.35, 1.6]","(18.5, 22.0]","(22.996, 24.75]","(4.975, 17.5]","(9980.0, 20000.0]","(5.0, 10.0]","(1.35, 1.6]","(18.5, 22.0]","(22.993, 26.5]",18700.0,0.4461586412444445
"(4.975, 17.5]","(15000.0, 20000.0]","(10.0, 20.0]","(1.35, 1.6]","(14.993, 18.5]","(24.75, 26.5]","(4.975, 17.5]","(20000.0, 30000.0]","(-0.01, 5.0]","(1.1, 1.35]","(14.993, 18.5]","(24.75, 26.5]","(17.5, 30.0]","(20000.0, 30000.0]","(5.0, 10.0]","(1.1, 1.35]","(14.993, 18.5]","(22.993, 26.5]",19353.0,0.5505500653777778
"(17.5, 30.0]","(15000.0, 20000.0]","(-0.02, 10.0]","(1.35, 1.6]","(18.5, 22.0]","(22.996, 24.75]","(4.975, 17.5]","(20000.0, 30000.0]","(5.0, 10.0]","(1.1, 1.35]","(18.5, 22.0]","(24.75, 26.5]","(17.5, 30.0]","(20000.0, 30000.0]","(-0.01, 5.0]","(1.35, 1.6]","(14.993, 18.5]","(26.5, 30.0]",20210.0,0.6027632010666667
"(17.5, 30.0]","(9990.0, 15000.0]","(-0.02, 10.0]","(1.1, 1.35]","(14.993, 18.5]","(24.75, 26.5]","(17.5, 30.0]","(9980.0, 20000.0]","(-0.01, 5.0]","(1.1, 1.35]","(14.993, 18.5]","(24.75, 26.5]","(17.5, 30.0]","(20000.0, 30000.0]","(-0.01, 5.0]","(1.1, 1.35]","(18.5, 22.0]","(22.993, 26.5]",7912.0,0.5339171322666666
"(17.5, 30.0]","(15000.0, 20000.0]","(-0.02, 10.0]","(1.1, 1.35]","(14.993, 18.5]","(24.75, 26.5]","(17.5, 30.0]","(9980.0, 20000.0]","(-0.01, 5.0]","(1.35, 1.6]","(18.5, 22.0]","(22.996, 24.75]","(17.5, 30.0]","(20000.0, 30000.0]","(-0.01, 5.0]","(1.1, 1.35]","(18.5, 22.0]","(26.5, 30.0]",14140.0,0.5991325555555557
"(17.5, 30.0]","(9990.0, 15000.0]","(10.0, 20.0]","(1.35, 1.6]","(18.5, 22.0]","(22.996, 24.75]","(4.975, 17.5]","(20000.0, 30000.0]","(-0.01, 5.0]","(1.35, 1.6]","(14.993, 18.5]","(24.75, 26.5]","(17.5, 30.0]","(20000.0, 30000.0]","(5.0, 10.0]","(1.1, 1.35]","(14.993, 18.5]","(22.993, 26.5]",22127.0,0.5787676102444446
"(4.975, 17.5]","(9990.0, 15000.0]","(-0.02, 10.0]","(1.1, 1.35]","(18.5, 22.0]","(22.996, 24.75]","(4.975, 17.5]","(20000.0, 30000.0]","(5.0, 10.0]","(1.1, 1.35]","(18.5, 22.0]","(22.996, 24.75]","(17.5, 30.0]","(9980.0, 20000.0]","(-0.01, 5.0]","(1.1, 1.35]","(14.993, 18.5]","(22.993, 26.5]",6020.0,0.4905717032000001
"(4.975, 17.5]","(9990.0, 15000.0]","(-0.02, 10.0]","(1.1, 1.35]","(18.5, 22.0]","(24.75, 26.5]","(4.975, 17.5]","(20000.0, 30000.0]","(5.0, 10.0]","(1.1, 1.35]","(14.993, 18.5]","(22.996, 24.75]","(17.5, 30.0]","(9980.0, 20000.0]","(5.0, 10.0]","(1.35, 1.6]","(18.5, 22.0]","(26.5, 30.0]",15126.0,0.4742277175111111
"(4.975, 17.5]","(9990.0, 15000.0]","(-0.02, 10.0]","(1.1, 1.35]","(18.5, 22.0]","(24.75, 26.5]","(4.975, 17.5]","(9980.0, 20000.0]","(5.0, 10.0]","(1.1, 1.35]","(14.993, 18.5]","(24.75, 26.5]","(4.975, 17.5]","(9980.0, 20000.0]","(-0.01, 5.0]","(1.35, 1.6]","(14.993, 18.5]","(22.993, 26.5]",10143.0,0.3984460980666667
"(4.975, 17.5]","(9990.0, 15000.0]","(10.0, 20.0]","(1.35, 1.6]","(18.5, 22.0]","(22.996, 24.75]","(4.975, 17.5]","(9980.0, 20000.0]","(5.0, 10.0]","(1.35, 1.6]","(14.993, 18.5]","(24.75, 26.5]","(4.975, 17.5]","(20000.0, 30000.0]","(-0.01, 5.0]","(1.1, 1.35]","(14.993, 18.5]","(22.993, 26.5]",14548.0,0.4489415226444445
"(4.975, 17.5]","(15000.0, 20000.0]","(10.0, 20.0]","(1.1, 1.35]","(14.993, 18.5]","(22.996, 24.75]","(17.5, 30.0]","(20000.0, 30000.0]","(-0.01, 5.0]","(1.35, 1.6]","(14.993, 18.5]","(24.75, 26.5]","(4.975, 17.5]","(9980.0, 20000.0]","(-0.01, 5.0]","(1.1, 1.35]","(18.5, 22.0]","(26.5, 30.0]",17857.0,0.574153961111111
"(4.975, 17.5]","(9990.0, 15000.0]","(-0.02, 10.0]","(1.1, 1.35]","(14.993, 18.5]","(22.996, 24.75]","(4.975, 17.5]","(20000.0, 30000.0]","(5.0, 10.0]","(1.35, 1.6]","(18.5, 22.0]","(24.75, 26.5]","(4.975, 17.5]","(9980.0, 20000.0]","(-0.01, 5.0]","(1.1, 1.35]","(14.993, 18.5]","(22.993, 26.5]",11353.0,0.3790969882444444
"(17.5, 30.0]","(9990.0, 15000.0]","(-0.02, 10.0]","(1.35, 1.6]","(14.993, 18.5]","(22.996, 24.75]","(17.5, 30.0]","(9980.0, 20000.0]","(-0.01, 5.0]","(1.35, 1.6]","(14.993, 18.5]","(22.996, 24.75]","(4.975, 17.5]","(9980.0, 20000.0]","(5.0, 10.0]","(1.35, 1.6]","(18.5, 22.0]","(22.993, 26.5]",12410.0,0.5017957788444445
"(17.5, 30.0]","(15000.0, 20000.0]","(-0.02, 10.0]","(1.35, 1.6]","(14.993, 18.5]","(22.996, 24.75]","(4.975, 17.5]","(20000.0, 30000.0]","(-0.01, 5.0]","(1.35, 1.6]","(18.5, 22.0]","(22.996, 24.75]","(4.975, 17.5]","(9980.0, 20000.0]","(5.0, 10.0]","(1.1, 1.35]","(18.5, 22.0]","(26.5, 30.0]",10705.0,0.4910654544888888
"(17.5, 30.0]","(9990.0, 15000.0]","(-0.02, 10.0]","(1.35, 1.6]","(18.5, 22.0]","(24.75, 26.5]","(17.5, 30.0]","(9980.0, 20000.0]","(-0.01, 5.0]","(1.35, 1.6]","(18.5, 22.0]","(24.75, 26.5]","(17.5, 30.0]","(20000.0, 30000.0]","(5.0, 10.0]","(1.35, 1.6]","(14.993, 18.5]","(26.5, 30.0]",9033.0,0.5515286309777778
"(17.5, 30.0]","(15000.0, 20000.0]","(10.0, 20.0]","(1.1, 1.35]","(18.5, 22.0]","(22.996, 24.75]","(17.5, 30.0]","(9980.0, 20000.0]","(5.0, 10.0]","(1.1, 1.35]","(14.993, 18.5]","(22.996, 24.75]","(4.975, 17.5]","(9980.0, 20000.0]","(-0.01, 5.0]","(1.35, 1.6]","(18.5, 22.0]","(26.5, 30.0]",5751.0,0.4720699132444445
"(4.975, 17.5]","(15000.0, 20000.0]","(-0.02, 10.0]","(1.1, 1.35]","(14.993, 18.5]","(22.996, 24.75]","(4.975, 17.5]","(9980.0, 20000.0]","(5.0, 10.0]","(1.1, 1.35]","(14.993, 18.5]","(22.996, 24.75]","(4.975, 17.5]","(9980.0, 20000.0]","(-0.01, 5.0]","(1.1, 1.35]","(14.993, 18.5]","(26.5, 30.0]",14862.0,0.4317706583333333
"(17.5, 30.0]","(9990.0, 15000.0]","(10.0, 20.0]","(1.35, 1.6]","(18.5, 22.0]","(24.75, 26.5]","(4.975, 17.5]","(20000.0, 30000.0]","(5.0, 10.0]","(1.35, 1.6]","(18.5, 22.0]","(24.75, 26.5]","(4.975, 17.5]","(20000.0, 30000.0]","(-0.01, 5.0]","(1.35, 1.6]","(14.993, 18.5]","(22.993, 26.5]",21689.0,0.5454173444444445
"(4.975, 17.5]","(15000.0, 20000.0]","(-0.02, 10.0]","(1.35, 1.6]","(14.993, 18.5]","(24.75, 26.5]","(17.5, 30.0]","(20000.0, 30000.0]","(5.0, 10.0]","(1.35, 1.6]","(18.5, 22.0]","(22.996, 24.75]","(4.975, 17.5]","(9980.0, 20000.0]","(-0.01, 5.0]","(1.35, 1.6]","(18.5, 22.0]","(22.993, 26.5]",17306.0,0.5266322282
"(17.5, 30.0]","(15000.0, 20000.0]","(-0.02, 10.0]","(1.1, 1.35]","(14.993, 18.5]","(22.996, 24.75]","(4.975, 17.5]","(20000.0, 30000.0]","(-0.01, 5.0]","(1.35, 1.6]","(14.993, 18.5]","(22.996, 24.75]","(4.975, 17.5]","(20000.0, 30000.0]","(-0.01, 5.0]","(1.35, 1.6]","(18.5, 22.0]","(22.993, 26.5]",17346.0,0.5204669602666667
"(17.5, 30.0]","(9990.0, 15000.0]","(-0.02, 10.0]","(1.35, 1.6]","(18.5, 22.0]","(24.75, 26.5]","(17.5, 30.0]","(20000.0, 30000.0]","(-0.01, 5.0]","(1.35, 1.6]","(14.993, 18.5]","(22.996, 24.75]","(4.975, 17.5]","(20000.0, 30000.0]","(5.0, 10.0]","(1.1, 1.35]","(18.5, 22.0]","(22.993, 26.5]",13537.0,0.5823258322666668
"(4.975, 17.5]","(15000.0, 20000.0]","(10.0, 20.0]","(1.1, 1.35]","(14.993, 18.5]","(22.996, 24.75]","(4.975, 17.5]","(9980.0, 20000.0]","(5.0, 10.0]","(1.35, 1.6]","(18.5, 22.0]","(22.996, 24.75]","(17.5, 30.0]","(20000.0, 30000.0]","(5.0, 10.0]","(1.35, 1.6]","(18.5, 22.0]","(22.993, 26.5]",11527.0,0.5519143549111111
"(17.5, 30.0]","(15000.0, 20000.0]","(-0.02, 10.0]","(1.35, 1.6]","(18.5, 22.0]","(22.996, 24.75]","(4.975, 17.5]","(20000.0, 30000.0]","(5.0, 10.0]","(1.35, 1.6]","(18.5, 22.0]","(24.75, 26.5]","(17.5, 30.0]","(9980.0, 20000.0]","(5.0, 10.0]","(1.1, 1.35]","(18.5, 22.0]","(26.5, 30.0]",11040.0,0.5112039002222222
"(17.5, 30.0]","(9990.0, 15000.0]","(10.0, 20.0]","(1.1, 1.35]","(18.5, 22.0]","(24.75, 26.5]","(4.975, 17.5]","(9980.0, 20000.0]","(-0.01, 5.0]","(1.35, 1.6]","(18.5, 22.0]","(22.996, 24.75]","(4.975, 17.5]","(9980.0, 20000.0]","(-0.01, 5.0]","(1.1, 1.35]","(18.5, 22.0]","(22.993, 26.5]",5021.0,0.3913487019333332
"(4.975, 17.5]","(15000.0, 20000.0]","(-0.02, 10.0]","(1.35, 1.6]","(14.993, 18.5]","(22.996, 24.75]","(17.5, 30.0]","(9980.0, 20000.0]","(5.0, 10.0]","(1.1, 1.35]","(18.5, 22.0]","(24.75, 26.5]","(4.975, 17.5]","(20000.0, 30000.0]","(-0.01, 5.0]","(1.35, 1.6]","(14.993, 18.5]","(26.5, 30.0]",12222.0,0.5015398468000001
"(4.975, 17.5]","(15000.0, 20000.0]","(-0.02, 10.0]","(1.35, 1.6]","(18.5, 22.0]","(22.996, 24.75]","(17.5, 30.0]","(9980.0, 20000.0]","(-0.01, 5.0]","(1.35, 1.6]","(18.5, 22.0]","(22.996, 24.75]","(4.975, 17.5]","(9980.0, 20000.0]","(5.0, 10.0]","(1.35, 1.6]","(18.5, 22.0]","(26.5, 30.0]",4862.0,0.4289629662444444
"(17.5, 30.0]","(9990.0, 15000.0]","(-0.02, 10.0]","(1.1, 1.35]","(14.993, 18.5]","(24.75, 26.5]","(4.975, 17.5]","(9980.0, 20000.0]","(-0.01, 5.0]","(1.1, 1.35]","(14.993, 18.5]","(22.996, 24.75]","(17.5, 30.0]","(20000.0, 30000.0]","(5.0, 10.0]","(1.1, 1.35]","(18.5, 22.0]","(26.5, 30.0]",13751.0,0.5341447987111111
"(17.5, 30.0]","(9990.0, 15000.0]","(10.0, 20.0]","(1.35, 1.6]","(18.5, 22.0]","(22.996, 24.75]","(4.975, 17.5]","(9980.0, 20000.0]","(-0.01, 5.0]","(1.35, 1.6]","(14.993, 18.5]","(24.75, 26.5]","(4.975, 17.5]","(9980.0, 20000.0]","(5.0, 10.0]","(1.35, 1.6]","(14.993, 18.5]","(22.993, 26.5]",9314.0,0.4425725053333333
"(17.5, 30.0]","(15000.0, 20000.0]","(-0.02, 10.0]","(1.1, 1.35]","(18.5, 22.0]","(22.996, 24.75]","(4.975, 17.5]","(9980.0, 20000.0]","(5.0, 10.0]","(1.1, 1.35]","(14.993, 18.5]","(24.75, 26.5]","(17.5, 30.0]","(9980.0, 20000.0]","(-0.01, 5.0]","(1.1, 1.35]","(18.5, 22.0]","(22.993, 26.5]",4842.0,0.4653957728666667
"(4.975, 17.5]","(15000.0, 20000.0]","(10.0, 20.0]","(1.1, 1.35]","(14.993, 18.5]","(22.996, 24.75]","(4.975, 17.5]","(9980.0, 20000.0]","(-0.01, 5.0]","(1.1, 1.35]","(18.5, 22.0]","(24.75, 26.5]","(17.5, 30.0]","(9980.0, 20000.0]","(-0.01, 5.0]","(1.35, 1.6]","(14.993, 18.5]","(26.5, 30.0]",2843.0,0.4617396944444445
"(17.5, 30.0]","(9990.0, 15000.0]","(-0.02, 10.0]","(1.1, 1.35]","(14.993, 18.5]","(24.75, 26.5]","(17.5, 30.0]","(9980.0, 20000.0]","(-0.01, 5.0]","(1.35, 1.6]","(14.993, 18.5]","(22.996, 24.75]","(4.975, 17.5]","(20000.0, 30000.0]","(5.0, 10.0]","(1.35, 1.6]","(18.5, 22.0]","(26.5, 30.0]",2458.0,0.4988147388888888
"(4.975, 17.5]","(9990.0, 15000.0]","(10.0, 20.0]","(1.35, 1.6]","(14.993, 18.5]","(24.75, 26.5]","(17.5, 30.0]","(9980.0, 20000.0]","(-0.01, 5.0]","(1.1, 1.35]","(18.5, 22.0]","(24.75, 26.5]","(4.975, 17.5]","(20000.0, 30000.0]","(-0.01, 5.0]","(1.1, 1.35]","(14.993, 18.5]","(22.993, 26.5]",2484.0,0.4652976281999999
"(4.975, 17.5]","(9990.0, 15000.0]","(10.0, 20.0]","(1.1, 1.35]","(14.993, 18.5]","(24.75, 26.5]","(17.5, 30.0]","(9980.0, 20000.0]","(5.0, 10.0]","(1.1, 1.35]","(18.5, 22.0]","(24.75, 26.5]","(17.5, 30.0]","(20000.0, 30000.0]","(-0.01, 5.0]","(1.1, 1.35]","(18.5, 22.0]","(22.993, 26.5]",2149.0,0.4968333592
"(4.975, 17.5]","(15000.0, 20000.0]","(-0.02, 10.0]","(1.35, 1.6]","(18.5, 22.0]","(24.75, 26.5]","(17.5, 30.0]","(9980.0, 20000.0]","(5.0, 10.0]","(1.35, 1.6]","(14.993, 18.5]","(22.996, 24.75]","(17.5, 30.0]","(20000.0, 30000.0]","(-0.01, 5.0]","(1.35, 1.6]","(14.993, 18.5]","(22.993, 26.5]",9328.0,0.5336744566222223
"(17.5, 30.0]","(15000.0, 20000.0]","(10.0, 20.0]","(1.1, 1.35]","(18.5, 22.0]","(24.75, 26.5]","(17.5, 30.0]","(9980.0, 20000.0]","(-0.01, 5.0]","(1.35, 1.6]","(14.993, 18.5]","(24.75, 26.5]","(17.5, 30.0]","(9980.0, 20000.0]","(-0.01, 5.0]","(1.1, 1.35]","(14.993, 18.5]","(26.5, 30.0]",9336.0,0.5072049273555556
"(4.975, 17.5]","(15000.0, 20000.0]","(-0.02, 10.0]","(1.35, 1.6]","(14.993, 18.5]","(24.75, 26.5]","(4.975, 17.5]","(9980.0, 20000.0]","(-0.01, 5.0]","(1.35, 1.6]","(14.993, 18.5]","(24.75, 26.5]","(17.5, 30.0]","(20000.0, 30000.0]","(-0.01, 5.0]","(1.35, 1.6]","(14.993, 18.5]","(22.993, 26.5]",4549.0,0.4424685794888889
"(17.5, 30.0]","(9990.0, 15000.0]","(-0.02, 10.0]","(1.35, 1.6]","(18.5, 22.0]","(22.996, 24.75]","(4.975, 17.5]","(9980.0, 20000.0]","(-0.01, 5.0]","(1.1, 1.35]","(14.993, 18.5]","(24.75, 26.5]","(17.5, 30.0]","(20000.0, 30000.0]","(-0.01, 5.0]","(1.35, 1.6]","(18.5, 22.0]","(26.5, 30.0]",1879.0,0.4821090544888889
"(4.975, 17.5]","(15000.0, 20000.0]","(-0.02, 10.0]","(1.1, 1.35]","(18.5, 22.0]","(24.75, 26.5]","(4.975, 17.5]","(9980.0, 20000.0]","(-0.01, 5.0]","(1.35, 1.6]","(14.993, 18.5]","(24.75, 26.5]","(4.975, 17.5]","(9980.0, 20000.0]","(5.0, 10.0]","(1.1, 1.35]","(14.993, 18.5]","(26.5, 30.0]",9011.0,0.4335879700888889
"(4.975, 17.5]","(9990.0, 15000.0]","(-0.02, 10.0]","(1.1, 1.35]","(14.993, 18.5]","(22.996, 24.75]","(17.5, 30.0]","(9980.0, 20000.0]","(5.0, 10.0]","(1.1, 1.35]","(18.5, 22.0]","(24.75, 26.5]","(4.975, 17.5]","(9980.0, 20000.0]","(-0.01, 5.0]","(1.35, 1.6]","(18.5, 22.0]","(22.993, 26.5]",10862.0,0.3991248690222223
"(4.975, 17.5]","(15000.0, 20000.0]","(-0.02, 10.0]","(1.1, 1.35]","(14.993, 18.5]","(22.996, 24.75]","(4.975, 17.5]","(20000.0, 30000.0]","(5.0, 10.0]","(1.1, 1.35]","(18.5, 22.0]","(24.75, 26.5]","(17.5, 30.0]","(20000.0, 30000.0]","(-0.01, 5.0]","(1.35, 1.6]","(14.993, 18.5]","(26.5, 30.0]",17314.0,0.5055902628222223
"(17.5, 30.0]","(9990.0, 15000.0]","(10.0, 20.0]","(1.1, 1.35]","(18.5, 22.0]","(24.75, 26.5]","(4.975, 17.5]","(20000.0, 30000.0]","(-0.01, 5.0]","(1.35, 1.6]","(14.993, 18.5]","(22.996, 24.75]","(17.5, 30.0]","(9980.0, 20000.0]","(5.0, 10.0]","(1.1, 1.35]","(18.5, 22.0]","(22.993, 26.5]",20959.0,0.5433563497777778
"(4.975, 17.5]","(9990.0, 15000.0]","(10.0, 20.0]","(1.1, 1.35]","(14.993, 18.5]","(22.996, 24.75]","(4.975, 17.5]","(20000.0, 30000.0]","(5.0, 10.0]","(1.35, 1.6]","(14.993, 18.5]","(22.996, 24.75]","(4.975, 17.5]","(20000.0, 30000.0]","(-0.01, 5.0]","(1.35, 1.6]","(14.993, 18.5]","(22.993, 26.5]",18068.0,0.4987584517111112
"(17.5, 30.0]","(9990.0, 15000.0]","(10.0, 20.0]","(1.1, 1.35]","(14.993, 18.5]","(24.75, 26.5]","(4.975, 17.5]","(20000.0, 30000.0]","(5.0, 10.0]","(1.1, 1.35]","(14.993, 18.5]","(22.996, 24.75]","(17.5, 30.0]","(9980.0, 20000.0]","(5.0, 10.0]","(1.35, 1.6]","(18.5, 22.0]","(26.5, 30.0]",15744.0,0.4965769064222222
"(4.975, 17.5]","(9990.0, 15000.0]","(-0.02, 10.0]","(1.35, 1.6]","(14.993, 18.5]","(24.75, 26.5]","(17.5, 30.0]","(9980.0, 20000.0]","(-0.01, 5.0]","(1.35, 1.6]","(18.5, 22.0]","(22.996, 24.75]","(4.975, 17.5]","(20000.0, 30000.0]","(-0.01, 5.0]","(1.1, 1.35]","(14.993, 18.5]","(22.993, 26.5]",12349.0,0.4722567549111112
"(4.975, 17.5]","(15000.0, 20000.0]","(10.0, 20.0]","(1.1, 1.35]","(18.5, 22.0]","(22.996, 24.75]","(17.5, 30.0]","(20000.0, 30000.0]","(5.0, 10.0]","(1.1, 1.35]","(14.993, 18.5]","(22.996, 24.75]","(4.975, 17.5]","(9980.0, 20000.0]","(5.0, 10.0]","(1.1, 1.35]","(18.5, 22.0]","(26.5, 30.0]",14909.0,0.4754993166666667
"(4.975, 17.5]","(9990.0, 15000.0]","(-0.02, 10.0]","(1.1, 1.35]","(18.5, 22.0]","(24.75, 26.5]","(4.975, 17.5]","(9980.0, 20000.0]","(-0.01, 5.0]","(1.1, 1.35]","(14.993, 18.5]","(22.996, 24.75]","(17.5, 30.0]","(20000.0, 30000.0]","(-0.01, 5.0]","(1.1, 1.35]","(18.5, 22.0]","(22.993, 26.5]",11292.0,0.4735015173111112
"(17.5, 30.0]","(15000.0, 20000.0]","(10.0, 20.0]","(1.1, 1.35]","(14.993, 18.5]","(24.75, 26.5]","(17.5, 30.0]","(9980.0, 20000.0]","(-0.01, 5.0]","(1.1, 1.35]","(18.5, 22.0]","(24.75, 26.5]","(17.5, 30.0]","(20000.0, 30000.0]","(-0.01, 5.0]","(1.1, 1.35]","(18.5, 22.0]","(22.993, 26.5]",10013.0,0.550855404688889
"(4.975, 17.5]","(15000.0, 20000.0]","(-0.02, 10.0]","(1.35, 1.6]","(18.5, 22.0]","(22.996, 24.75]","(17.5, 30.0]","(9980.0, 20000.0]","(5.0, 10.0]","(1.35, 1.6]","(14.993, 18.5]","(22.996, 24.75]","(4.975, 17.5]","(20000.0, 30000.0]","(-0.01, 5.0]","(1.1, 1.35]","(18.5, 22.0]","(22.993, 26.5]",12651.0,0.4915781158222221
"(17.5, 30.0]","(9990.0, 15000.0]","(-0.02, 10.0]","(1.35, 1.6]","(18.5, 22.0]","(22.996, 24.75]","(4.975, 17.5]","(20000.0, 30000.0]","(5.0, 10.0]","(1.35, 1.6]","(18.5, 22.0]","(24.75, 26.5]","(17.5, 30.0]","(20000.0, 30000.0]","(-0.01, 5.0]","(1.1, 1.35]","(14.993, 18.5]","(22.993, 26.5]",21862.0,0.5702407959333334
"(4.975, 17.5]","(9990.0, 15000.0]","(-0.02, 10.0]","(1.35, 1.6]","(18.5, 22.0]","(22.996, 24.75]","(4.975, 17.5]","(9980.0, 20000.0]","(-0.01, 5.0]","(1.1, 1.35]","(14.993, 18.5]","(22.996, 24.75]","(17.5, 30.0]","(9980.0, 20000.0]","(-0.01, 5.0]","(1.1, 1.35]","(14.993, 18.5]","(22.993, 26.5]",7707.0,0.4122339626
"(4.975, 17.5]","(9990.0, 15000.0]","(10.0, 20.0]","(1.35, 1.6]","(14.993, 18.5]","(22.996, 24.75]","(4.975, 17.5]","(9980.0, 20000.0]","(-0.01, 5.0]","(1.1, 1.35]","(14.993, 18.5]","(22.996, 24.75]","(4.975, 17.5]","(9980.0, 20000.0]","(-0.01, 5.0]","(1.35, 1.6]","(14.993, 18.5]","(26.5, 30.0]",3052.0,0.3669292444444445
"(4.975, 17.5]","(9990.0, 15000.0]","(-0.02, 10.0]","(1.1, 1.35]","(14.993, 18.5]","(22.996, 24.75]","(17.5, 30.0]","(20000.0, 30000.0]","(-0.01, 5.0]","(1.35, 1.6]","(14.993, 18.5]","(22.996, 24.75]","(4.975, 17.5]","(9980.0, 20000.0]","(5.0, 10.0]","(1.1, 1.35]","(18.5, 22.0]","(22.993, 26.5]",17861.0,0.5172038653777778
"(4.975, 17.5]","(9990.0, 15000.0]","(-0.02, 10.0]","(1.35, 1.6]","(18.5, 22.0]","(24.75, 26.5]","(4.975, 17.5]","(20000.0, 30000.0]","(5.0, 10.0]","(1.35, 1.6]","(14.993, 18.5]","(22.996, 24.75]","(17.5, 30.0]","(9980.0, 20000.0]","(5.0, 10.0]","(1.1, 1.35]","(18.5, 22.0]","(22.993, 26.5]",16671.0,0.4712562929555555
"(4.975, 17.5]","(9990.0, 15000.0]","(-0.02, 10.0]","(1.1, 1.35]","(18.5, 22.0]","(24.75, 26.5]","(17.5, 30.0]","(9980.0, 20000.0]","(5.0, 10.0]","(1.35, 1.6]","(18.5, 22.0]","(22.996, 24.75]","(17.5, 30.0]","(20000.0, 30000.0]","(-0.01, 5.0]","(1.35, 1.6]","(18.5, 22.0]","(26.5, 30.0]",9575.0,0.5301425040666667
"(4.975, 17.5]","(9990.0, 15000.0]","(10.0, 20.0]","(1.35, 1.6]","(14.993, 18.5]","(22.996, 24.75]","(17.5, 30.0]","(9980.0, 20000.0]","(5.0, 10.0]","(1.35, 1.6]","(18.5, 22.0]","(24.75, 26.5]","(4.975, 17.5]","(20000.0, 30000.0]","(-0.01, 5.0]","(1.1, 1.35]","(14.993, 18.5]","(22.993, 26.5]",16017.0,0.5617803989333332
"(4.975, 17.5]","(9990.0, 15000.0]","(-0.02, 10.0]","(1.1, 1.35]","(18.5, 22.0]","(24.75, 26.5]","(4.975, 17.5]","(20000.0, 30000.0]","(-0.01, 5.0]","(1.35, 1.6]","(18.5, 22.0]","(22.996, 24.75]","(17.5, 30.0]","(20000.0, 30000.0]","(-0.01, 5.0]","(1.35, 1.6]","(14.993, 18.5]","(22.993, 26.5]",20583.0,0.5025166380444446
"(17.5, 30.0]","(9990.0, 15000.0]","(10.0, 20.0]","(1.1, 1.35]","(18.5, 22.0]","(22.996, 24.75]","(17.5, 30.0]","(9980.0, 20000.0]","(-0.01, 5.0]","(1.35, 1.6]","(14.993, 18.5]","(22.996, 24.75]","(17.5, 30.0]","(9980.0, 20000.0]","(-0.01, 5.0]","(1.35, 1.6]","(18.5, 22.0]","(22.993, 26.5]",14141.0,0.4603372121777776
"(17.5, 30.0]","(15000.0, 20000.0]","(-0.02, 10.0]","(1.1, 1.35]","(14.993, 18.5]","(22.996, 24.75]","(4.975, 17.5]","(20000.0, 30000.0]","(5.0, 10.0]","(1.35, 1.6]","(14.993, 18.5]","(22.996, 24.75]","(17.5, 30.0]","(9980.0, 20000.0]","(5.0, 10.0]","(1.35, 1.6]","(18.5, 22.0]","(22.993, 26.5]",23045.0,0.5737759562
"(17.5, 30.0]","(15000.0, 20000.0]","(10.0, 20.0]","(1.1, 1.35]","(14.993, 18.5]","(22.996, 24.75]","(4.975, 17.5]","(9980.0, 20000.0]","(5.0, 10.0]","(1.35, 1.6]","(14.993, 18.5]","(24.75, 26.5]","(4.975, 17.5]","(9980.0, 20000.0]","(5.0, 10.0]","(1.1, 1.35]","(14.993, 18.5]","(26.5, 30.0]",2644.0,0.4098734301333333
"(17.5, 30.0]","(15000.0, 20000.0]","(10.0, 20.0]","(1.1, 1.35]","(14.993, 18.5]","(24.75, 26.5]","(4.975, 17.5]","(20000.0, 30000.0]","(-0.01, 5.0]","(1.35, 1.6]","(18.5, 22.0]","(22.996, 24.75]","(4.975, 17.5]","(20000.0, 30000.0]","(5.0, 10.0]","(1.1, 1.35]","(18.5, 22.0]","(22.993, 26.5]",16642.0,0.5292505944444444
"(17.5, 30.0]","(15000.0, 20000.0]","(-0.02, 10.0]","(1.1, 1.35]","(18.5, 22.0]","(22.996, 24.75]","(4.975, 17.5]","(9980.0, 20000.0]","(5.0, 10.0]","(1.35, 1.6]","(14.993, 18.5]","(22.996, 24.75]","(17.5, 30.0]","(20000.0, 30000.0]","(-0.01, 5.0]","(1.1, 1.35]","(18.5, 22.0]","(22.993, 26.5]",9233.0,0.5258170656000001
"(17.5, 30.0]","(15000.0, 20000.0]","(-0.02, 10.0]","(1.35, 1.6]","(14.993, 18.5]","(22.996, 24.75]","(4.975, 17.5]","(20000.0, 30000.0]","(5.0, 10.0]","(1.1, 1.35]","(14.993, 18.5]","(24.75, 26.5]","(17.5, 30.0]","(20000.0, 30000.0]","(-0.01, 5.0]","(1.35, 1.6]","(14.993, 18.5]","(22.993, 26.5]",4736.0,0.5707859183777778
"(17.5, 30.0]","(15000.0, 20000.0]","(-0.02, 10.0]","(1.35, 1.6]","(14.993, 18.5]","(24.75, 26.5]","(17.5, 30.0]","(20000.0, 30000.0]","(-0.01, 5.0]","(1.35, 1.6]","(18.5, 22.0]","(24.75, 26.5]","(4.975, 17.5]","(9980.0, 20000.0]","(-0.01, 5.0]","(1.35, 1.6]","(14.993, 18.5]","(26.5, 30.0]",15401.0,0.5415151076888889
"(4.975, 17.5]","(15000.0, 20000.0]","(10.0, 20.0]","(1.1, 1.35]","(18.5, 22.0]","(24.75, 26.5]","(17.5, 30.0]","(9980.0, 20000.0]","(-0.01, 5.0]","(1.35, 1.6]","(14.993, 18.5]","(22.996, 24.75]","(17.5, 30.0]","(20000.0, 30000.0]","(-0.01, 5.0]","(1.1, 1.35]","(18.5, 22.0]","(26.5, 30.0]",1194.0,0.5047554350444444
"(17.5, 30.0]","(9990.0, 15000.0]","(10.0, 20.0]","(1.1, 1.35]","(18.5, 22.0]","(22.996, 24.75]","(4.975, 17.5]","(9980.0, 20000.0]","(-0.01, 5.0]","(1.35, 1.6]","(14.993, 18.5]","(22.996, 24.75]","(4.975, 17.5]","(20000.0, 30000.0]","(-0.01, 5.0]","(1.1, 1.35]","(18.5, 22.0]","(22.993, 26.5]",15113.0,0.5153252681555555
"(17.5, 30.0]","(9990.0, 15000.0]","(10.0, 20.0]","(1.1, 1.35]","(14.993, 18.5]","(24.75, 26.5]","(4.975, 17.5]","(20000.0, 30000.0]","(-0.01, 5.0]","(1.1, 1.35]","(14.993, 18.5]","(24.75, 26.5]","(4.975, 17.5]","(9980.0, 20000.0]","(5.0, 10.0]","(1.35, 1.6]","(14.993, 18.5]","(22.993, 26.5]",17889.0,0.4517948085555555
"(4.975, 17.5]","(15000.0, 20000.0]","(-0.02, 10.0]","(1.35, 1.6]","(18.5, 22.0]","(24.75, 26.5]","(4.975, 17.5]","(20000.0, 30000.0]","(-0.01, 5.0]","(1.1, 1.35]","(14.993, 18.5]","(24.75, 26.5]","(17.5, 30.0]","(20000.0, 30000.0]","(-0.01, 5.0]","(1.1, 1.35]","(14.993, 18.5]","(22.993, 26.5]",22735.0,0.5883919848222224
"(4.975, 17.5]","(9990.0, 15000.0]","(-0.02, 10.0]","(1.35, 1.6]","(18.5, 22.0]","(24.75, 26.5]","(17.5, 30.0]","(9980.0, 20000.0]","(-0.01, 5.0]","(1.1, 1.35]","(14.993, 18.5]","(24.75, 26.5]","(17.5, 30.0]","(20000.0, 30000.0]","(-0.01, 5.0]","(1.35, 1.6]","(14.993, 18.5]","(26.5, 30.0]",15211.0,0.5237949121777777
"(4.975, 17.5]","(9990.0, 15000.0]","(-0.02, 10.0]","(1.35, 1.6]","(14.993, 18.5]","(24.75, 26.5]","(4.975, 17.5]","(9980.0, 20000.0]","(5.0, 10.0]","(1.35, 1.6]","(14.993, 18.5]","(22.996, 24.75]","(4.975, 17.5]","(9980.0, 20000.0]","(-0.01, 5.0]","(1.35, 1.6]","(18.5, 22.0]","(26.5, 30.0]",12421.0,0.4078307126
"(17.5, 30.0]","(9990.0, 15000.0]","(-0.02, 10.0]","(1.35, 1.6]","(18.5, 22.0]","(22.996, 24.75]","(17.5, 30.0]","(20000.0, 30000.0]","(-0.01, 5.0]","(1.35, 1.6]","(14.993, 18.5]","(24.75, 26.5]","(4.975, 17.5]","(20000.0, 30000.0]","(5.0, 10.0]","(1.1, 1.35]","(18.5, 22.0]","(22.993, 26.5]",22732.0,0.6182889805555556
"(4.975, 17.5]","(9990.0, 15000.0]","(-0.02, 10.0]","(1.35, 1.6]","(14.993, 18.5]","(22.996, 24.75]","(4.975, 17.5]","(9980.0, 20000.0]","(5.0, 10.0]","(1.1, 1.35]","(18.5, 22.0]","(22.996, 24.75]","(17.5, 30.0]","(20000.0, 30000.0]","(-0.01, 5.0]","(1.1, 1.35]","(14.993, 18.5]","(26.5, 30.0]",2994.0,0.4913005194444445
"(17.5, 30.0]","(15000.0, 20000.0]","(-0.02, 10.0]","(1.1, 1.35]","(18.5, 22.0]","(22.996, 24.75]","(17.5, 30.0]","(9980.0, 20000.0]","(-0.01, 5.0]","(1.1, 1.35]","(14.993, 18.5]","(22.996, 24.75]","(4.975, 17.5]","(9980.0, 20000.0]","(5.0, 10.0]","(1.1, 1.35]","(14.993, 18.5]","(26.5, 30.0]",1463.0,0.3953683128222221
"(4.975, 17.5]","(9990.0, 15000.0]","(10.0, 20.0]","(1.1, 1.35]","(18.5, 22.0]","(22.996, 24.75]","(4.975, 17.5]","(9980.0, 20000.0]","(-0.01, 5.0]","(1.1, 1.35]","(18.5, 22.0]","(24.75, 26.5]","(17.5, 30.0]","(9980.0, 20000.0]","(5.0, 10.0]","(1.1, 1.35]","(18.5, 22.0]","(26.5, 30.0]",1363.0,0.4155937861111111
"(4.975, 17.5]","(9990.0, 15000.0]","(-0.02, 10.0]","(1.1, 1.35]","(14.993, 18.5]","(22.996, 24.75]","(17.5, 30.0]","(20000.0, 30000.0]","(-0.01, 5.0]","(1.1, 1.35]","(18.5, 22.0]","(22.996, 24.75]","(4.975, 17.5]","(9980.0, 20000.0]","(-0.01, 5.0]","(1.1, 1.35]","(14.993, 18.5]","(22.993, 26.5]",17950.0,0.4693930211555556
"(4.975, 17.5]","(15000.0, 20000.0]","(-0.02, 10.0]","(1.35, 1.6]","(18.5, 22.0]","(22.996, 24.75]","(17.5, 30.0]","(9980.0, 20000.0]","(5.0, 10.0]","(1.35, 1.6]","(14.993, 18.5]","(24.75, 26.5]","(17.5, 30.0]","(20000.0, 30000.0]","(5.0, 10.0]","(1.35, 1.6]","(14.993, 18.5]","(26.5, 30.0]",3851.0,0.5201152416666667
"(4.975, 17.5]","(9990.0, 15000.0]","(-0.02, 10.0]","(1.35, 1.6]","(14.993, 18.5]","(24.75, 26.5]","(4.975, 17.5]","(20000.0, 30000.0]","(-0.01, 5.0]","(1.1, 1.35]","(14.993, 18.5]","(22.996, 24.75]","(17.5, 30.0]","(20000.0, 30000.0]","(5.0, 10.0]","(1.35, 1.6]","(18.5, 22.0]","(26.5, 30.0]",21207.0,0.5575107961555557
"(4.975, 17.5]","(9990.0, 15000.0]","(-0.02, 10.0]","(1.1, 1.35]","(18.5, 22.0]","(24.75, 26.5]","(4.975, 17.5]","(9980.0, 20000.0]","(5.0, 10.0]","(1.35, 1.6]","(18.5, 22.0]","(24.75, 26.5]","(4.975, 17.5]","(20000.0, 30000.0]","(-0.01, 5.0]","(1.1, 1.35]","(14.993, 18.5]","(22.993, 26.5]",9674.0,0.4193390260666667
"(17.5, 30.0]","(9990.0, 15000.0]","(-0.02, 10.0]","(1.1, 1.35]","(14.993, 18.5]","(22.996, 24.75]","(17.5, 30.0]","(20000.0, 30000.0]","(5.0, 10.0]","(1.1, 1.35]","(14.993, 18.5]","(22.996, 24.75]","(17.5, 30.0]","(20000.0, 30000.0]","(5.0, 10.0]","(1.1, 1.35]","(14.993, 18.5]","(26.5, 30.0]",18621.0,0.5859106814222225
"(17.5, 30.0]","(15000.0, 20000.0]","(10.0, 20.0]","(1.1, 1.35]","(14.993, 18.5]","(24.75, 26.5]","(4.975, 17.5]","(9980.0, 20000.0]","(5.0, 10.0]","(1.1, 1.35]","(14.993, 18.5]","(24.75, 26.5]","(17.5, 30.0]","(20000.0, 30000.0]","(-0.01, 5.0]","(1.35, 1.6]","(14.993, 18.5]","(26.5, 30.0]",12180.0,0.5417014455111111
"(4.975, 17.5]","(15000.0, 20000.0]","(10.0, 20.0]","(1.35, 1.6]","(18.5, 22.0]","(24.75, 26.5]","(4.975, 17.5]","(9980.0, 20000.0]","(-0.01, 5.0]","(1.35, 1.6]","(18.5, 22.0]","(24.75, 26.5]","(4.975, 17.5]","(9980.0, 20000.0]","(-0.01, 5.0]","(1.1, 1.35]","(14.993, 18.5]","(26.5, 30.0]",5419.0,0.4146781773555556
"(17.5, 30.0]","(9990.0, 15000.0]","(10.0, 20.0]","(1.1, 1.35]","(18.5, 22.0]","(24.75, 26.5]","(4.975, 17.5]","(9980.0, 20000.0]","(-0.01, 5.0]","(1.1, 1.35]","(14.993, 18.5]","(22.996, 24.75]","(17.5, 30.0]","(9980.0, 20000.0]","(-0.01, 5.0]","(1.35, 1.6]","(14.993, 18.5]","(26.5, 30.0]",15110.0,0.5050448961555556
"(4.975, 17.5]","(15000.0, 20000.0]","(10.0, 20.0]","(1.1, 1.35]","(18.5, 22.0]","(24.75, 26.5]","(17.5, 30.0]","(20000.0, 30000.0]","(-0.01, 5.0]","(1.35, 1.6]","(18.5, 22.0]","(22.996, 24.75]","(17.5, 30.0]","(20000.0, 30000.0]","(5.0, 10.0]","(1.35, 1.6]","(18.5, 22.0]","(22.993, 26.5]",12745.0,0.5885771801333334
"(17.5, 30.0]","(15000.0, 20000.0]","(-0.02, 10.0]","(1.1, 1.35]","(14.993, 18.5]","(22.996, 24.75]","(4.975, 17.5]","(9980.0, 20000.0]","(5.0, 10.0]","(1.1, 1.35]","(14.993, 18.5]","(24.75, 26.5]","(4.975, 17.5]","(20000.0, 30000.0]","(5.0, 10.0]","(1.1, 1.35]","(14.993, 18.5]","(26.5, 30.0]",6310.0,0.5238586382444445
"(4.975, 17.5]","(9990.0, 15000.0]","(10.0, 20.0]","(1.35, 1.6]","(14.993, 18.5]","(24.75, 26.5]","(4.975, 17.5]","(20000.0, 30000.0]","(-0.01, 5.0]","(1.1, 1.35]","(18.5, 22.0]","(22.996, 24.75]","(4.975, 17.5]","(20000.0, 30000.0]","(-0.01, 5.0]","(1.1, 1.35]","(18.5, 22.0]","(22.993, 26.5]",16122.0,0.4668898472222222
"(17.5, 30.0]","(15000.0, 20000.0]","(-0.02, 10.0]","(1.35, 1.6]","(18.5, 22.0]","(24.75, 26.5]","(17.5, 30.0]","(9980.0, 20000.0]","(-0.01, 5.0]","(1.35, 1.6]","(14.993, 18.5]","(24.75, 26.5]","(17.5, 30.0]","(20000.0, 30000.0]","(5.0, 10.0]","(1.35, 1.6]","(18.5, 22.0]","(22.993, 26.5]",12212.0,0.5853030382444445
"(4.975, 17.5]","(15000.0, 20000.0]","(10.0, 20.0]","(1.1, 1.35]","(14.993, 18.5]","(22.996, 24.75]","(17.5, 30.0]","(9980.0, 20000.0]","(-0.01, 5.0]","(1.35, 1.6]","(18.5, 22.0]","(22.996, 24.75]","(4.975, 17.5]","(20000.0, 30000.0]","(-0.01, 5.0]","(1.35, 1.6]","(14.993, 18.5]","(22.993, 26.5]",2653.0,0.4470408888888889
"(17.5, 30.0]","(9990.0, 15000.0]","(10.0, 20.0]","(1.1, 1.35]","(18.5, 22.0]","(22.996, 24.75]","(4.975, 17.5]","(20000.0, 30000.0]","(5.0, 10.0]","(1.1, 1.35]","(14.993, 18.5]","(24.75, 26.5]","(4.975, 17.5]","(20000.0, 30000.0]","(5.0, 10.0]","(1.1, 1.35]","(14.993, 18.5]","(26.5, 30.0]",20383.0,0.5270379098222223
"(17.5, 30.0]","(9990.0, 15000.0]","(10.0, 20.0]","(1.35, 1.6]","(14.993, 18.5]","(22.996, 24.75]","(17.5, 30.0]","(9980.0, 20000.0]","(-0.01, 5.0]","(1.1, 1.35]","(18.5, 22.0]","(24.75, 26.5]","(17.5, 30.0]","(20000.0, 30000.0]","(5.0, 10.0]","(1.35, 1.6]","(18.5, 22.0]","(26.5, 30.0]",1137.0,0.5302239170888888
"(17.5, 30.0]","(9990.0, 15000.0]","(10.0, 20.0]","(1.1, 1.35]","(18.5, 22.0]","(24.75, 26.5]","(4.975, 17.5]","(9980.0, 20000.0]","(5.0, 10.0]","(1.35, 1.6]","(18.5, 22.0]","(24.75, 26.5]","(4.975, 17.5]","(20000.0, 30000.0]","(-0.01, 5.0]","(1.1, 1.35]","(14.993, 18.5]","(22.993, 26.5]",2150.0,0.4602702589777778
"(4.975, 17.5]","(15000.0, 20000.0]","(-0.02, 10.0]","(1.1, 1.35]","(14.993, 18.5]","(24.75, 26.5]","(17.5, 30.0]","(20000.0, 30000.0]","(5.0, 10.0]","(1.1, 1.35]","(14.993, 18.5]","(24.75, 26.5]","(17.5, 30.0]","(20000.0, 30000.0]","(5.0, 10.0]","(1.35, 1.6]","(18.5, 22.0]","(26.5, 30.0]",15070.0,0.5971792463777778
"(4.975, 17.5]","(15000.0, 20000.0]","(10.0, 20.0]","(1.1, 1.35]","(14.993, 18.5]","(24.75, 26.5]","(17.5, 30.0]","(9980.0, 20000.0]","(5.0, 10.0]","(1.35, 1.6]","(18.5, 22.0]","(24.75, 26.5]","(17.5, 30.0]","(9980.0, 20000.0]","(-0.01, 5.0]","(1.1, 1.35]","(14.993, 18.5]","(22.993, 26.5]",1953.0,0.4891184826888889
"(4.975, 17.5]","(9990.0, 15000.0]","(-0.02, 10.0]","(1.1, 1.35]","(18.5, 22.0]","(22.996, 24.75]","(4.975, 17.5]","(20000.0, 30000.0]","(5.0, 10.0]","(1.1, 1.35]","(14.993, 18.5]","(24.75, 26.5]","(4.975, 17.5]","(20000.0, 30000.0]","(-0.01, 5.0]","(1.1, 1.35]","(18.5, 22.0]","(26.5, 30.0]",13936.0,0.5009954854666667
"(4.975, 17.5]","(9990.0, 15000.0]","(10.0, 20.0]","(1.35, 1.6]","(18.5, 22.0]","(24.75, 26.5]","(4.975, 17.5]","(9980.0, 20000.0]","(5.0, 10.0]","(1.1, 1.35]","(14.993, 18.5]","(24.75, 26.5]","(17.5, 30.0]","(9980.0, 20000.0]","(5.0, 10.0]","(1.1, 1.35]","(14.993, 18.5]","(26.5, 30.0]",6025.0,0.4583943350444444
"(17.5, 30.0]","(15000.0, 20000.0]","(10.0, 20.0]","(1.1, 1.35]","(14.993, 18.5]","(22.996, 24.75]","(17.5, 30.0]","(20000.0, 30000.0]","(-0.01, 5.0]","(1.1, 1.35]","(14.993, 18.5]","(22.996, 24.75]","(4.975, 17.5]","(20000.0, 30000.0]","(5.0, 10.0]","(1.1, 1.35]","(18.5, 22.0]","(22.993, 26.5]",20857.0,0.5611614942222222
"(17.5, 30.0]","(9990.0, 15000.0]","(-0.02, 10.0]","(1.35, 1.6]","(18.5, 22.0]","(22.996, 24.75]","(17.5, 30.0]","(9980.0, 20000.0]","(-0.01, 5.0]","(1.35, 1.6]","(14.993, 18.5]","(22.996, 24.75]","(4.975, 17.5]","(9980.0, 20000.0]","(-0.01, 5.0]","(1.35, 1.6]","(18.5, 22.0]","(22.993, 26.5]",11747.0,0.4547910378222222
"(17.5, 30.0]","(9990.0, 15000.0]","(10.0, 20.0]","(1.1, 1.35]","(18.5, 22.0]","(24.75, 26.5]","(4.975, 17.5]","(20000.0, 30000.0]","(-0.01, 5.0]","(1.35, 1.6]","(18.5, 22.0]","(24.75, 26.5]","(4.975, 17.5]","(20000.0, 30000.0]","(-0.01, 5.0]","(1.35, 1.6]","(14.993, 18.5]","(26.5, 30.0]",16265.0,0.5034545156000001
"(4.975, 17.5]","(9990.0, 15000.0]","(10.0, 20.0]","(1.35, 1.6]","(18.5, 22.0]","(22.996, 24.75]","(4.975, 17.5]","(9980.0, 20000.0]","(5.0, 10.0]","(1.1, 1.35]","(18.5, 22.0]","(22.996, 24.75]","(17.5, 30.0]","(20000.0, 30000.0]","(5.0, 10.0]","(1.1, 1.35]","(14.993, 18.5]","(26.5, 30.0]",906.0,0.4636934017111112
"(4.975, 17.5]","(15000.0, 20000.0]","(-0.02, 10.0]","(1.1, 1.35]","(14.993, 18.5]","(24.75, 26.5]","(17.5, 30.0]","(9980.0, 20000.0]","(-0.01, 5.0]","(1.35, 1.6]","(18.5, 22.0]","(22.996, 24.75]","(4.975, 17.5]","(9980.0, 20000.0]","(5.0, 10.0]","(1.35, 1.6]","(14.993, 18.5]","(26.5, 30.0]",6248.0,0.3971886848222222
"(17.5, 30.0]","(15000.0, 20000.0]","(10.0, 20.0]","(1.1, 1.35]","(18.5, 22.0]","(22.996, 24.75]","(4.975, 17.5]","(20000.0, 30000.0]","(-0.01, 5.0]","(1.35, 1.6]","(18.5, 22.0]","(24.75, 26.5]","(4.975, 17.5]","(20000.0, 30000.0]","(-0.01, 5.0]","(1.35, 1.6]","(18.5, 22.0]","(22.993, 26.5]",20740.0,0.5973687839777778
"(17.5, 30.0]","(15000.0, 20000.0]","(-0.02, 10.0]","(1.1, 1.35]","(18.5, 22.0]","(24.75, 26.5]","(4.975, 17.5]","(20000.0, 30000.0]","(-0.01, 5.0]","(1.35, 1.6]","(18.5, 22.0]","(24.75, 26.5]","(17.5, 30.0]","(20000.0, 30000.0]","(-0.01, 5.0]","(1.1, 1.35]","(18.5, 22.0]","(26.5, 30.0]",16633.0,0.5865726205111111
"(17.5, 30.0]","(9990.0, 15000.0]","(10.0, 20.0]","(1.1, 1.35]","(14.993, 18.5]","(22.996, 24.75]","(4.975, 17.5]","(9980.0, 20000.0]","(5.0, 10.0]","(1.35, 1.6]","(18.5, 22.0]","(24.75, 26.5]","(17.5, 30.0]","(9980.0, 20000.0]","(-0.01, 5.0]","(1.35, 1.6]","(18.5, 22.0]","(22.993, 26.5]",4699.0,0.4048944993555556
"(17.5, 30.0]","(9990.0, 15000.0]","(-0.02, 10.0]","(1.1, 1.35]","(18.5, 22.0]","(24.75, 26.5]","(4.975, 17.5]","(9980.0, 20000.0]","(5.0, 10.0]","(1.1, 1.35]","(14.993, 18.5]","(22.996, 24.75]","(4.975, 17.5]","(20000.0, 30000.0]","(-0.01, 5.0]","(1.1, 1.35]","(14.993, 18.5]","(22.993, 26.5]",16794.0,0.5126992739333335
"(17.5, 30.0]","(15000.0, 20000.0]","(-0.02, 10.0]","(1.1, 1.35]","(14.993, 18.5]","(22.996, 24.75]","(17.5, 30.0]","(9980.0, 20000.0]","(-0.01, 5.0]","(1.35, 1.6]","(18.5, 22.0]","(24.75, 26.5]","(17.5, 30.0]","(20000.0, 30000.0]","(-0.01, 5.0]","(1.1, 1.35]","(18.5, 22.0]","(22.993, 26.5]",11675.0,0.584722479911111
"(17.5, 30.0]","(9990.0, 15000.0]","(-0.02, 10.0]","(1.35, 1.6]","(18.5, 22.0]","(22.996, 24.75]","(4.975, 17.5]","(9980.0, 20000.0]","(5.0, 10.0]","(1.35, 1.6]","(18.5, 22.0]","(24.75, 26.5]","(4.975, 17.5]","(20000.0, 30000.0]","(-0.01, 5.0]","(1.35, 1.6]","(14.993, 18.5]","(22.993, 26.5]",3065.0,0.4785868305555556
"(17.5, 30.0]","(9990.0, 15000.0]","(-0.02, 10.0]","(1.1, 1.35]","(14.993, 18.5]","(22.996, 24.75]","(17.5, 30.0]","(9980.0, 20000.0]","(5.0, 10.0]","(1.1, 1.35]","(18.5, 22.0]","(22.996, 24.75]","(4.975, 17.5]","(9980.0, 20000.0]","(-0.01, 5.0]","(1.35, 1.6]","(18.5, 22.0]","(22.993, 26.5]",9273.0,0.4329223083333333
"(17.5, 30.0]","(15000.0, 20000.0]","(10.0, 20.0]","(1.1, 1.35]","(14.993, 18.5]","(24.75, 26.5]","(4.975, 17.5]","(9980.0, 20000.0]","(5.0, 10.0]","(1.1, 1.35]","(18.5, 22.0]","(22.996, 24.75]","(4.975, 17.5]","(9980.0, 20000.0]","(5.0, 10.0]","(1.35, 1.6]","(18.5, 22.0]","(22.993, 26.5]",7553.0,0.4708228730666667
"(4.975, 17.5]","(15000.0, 20000.0]","(-0.02, 10.0]","(1.1, 1.35]","(18.5, 22.0]","(22.996, 24.75]","(4.975, 17.5]","(20000.0, 30000.0]","(-0.01, 5.0]","(1.35, 1.6]","(14.993, 18.5]","(22.996, 24.75]","(4.975, 17.5]","(9980.0, 20000.0]","(5.0, 10.0]","(1.1, 1.35]","(18.5, 22.0]","(22.993, 26.5]",18775.0,0.4838478068444444
"(17.5, 30.0]","(15000.0, 20000.0]","(10.0, 20.0]","(1.1, 1.35]","(14.993, 18.5]","(24.75, 26.5]","(4.975, 17.5]","(9980.0, 20000.0]","(5.0, 10.0]","(1.1, 1.35]","(14.993, 18.5]","(22.996, 24.75]","(4.975, 17.5]","(20000.0, 30000.0]","(5.0, 10.0]","(1.35, 1.6]","(14.993, 18.5]","(26.5, 30.0]",9615.0,0.5446334320444445
