binned_RP1,binned_IP1,binned_WP1,binned_VAP1,binned_TPMIN1,binned_TPMAX1,binned_RP2,binned_IP2,binned_WP2,binned_VAP2,binned_TPMIN2,binned_TPMAX2,binned_RP3,binned_IP3,binned_WP3,binned_VAP3,binned_TPMIN3,binned_TPMAX3,Yield_max,TWP,Cost
"(4.975, 17.5]","(12000.0, 23000.0]","(10.0, 20.0]","(1.35, 1.6]","(10.0, 20.0]","(20.0, 30.0]","(4.975, 17.5]","(12000.0, 23000.0]","(10.0, 20.0]","(1.1, 1.35]","(-0.02, 10.0]","(9.98, 20.0]","(17.5, 30.0]","(12000.0, 23000.0]","(10.0, 20.0]","(1.35, 1.6]","(-0.02, 10.0]","(20.0, 30.0]",12297.0,6781.0,0.522220638888889
"(17.5, 30.0]","(12000.0, 23000.0]","(10.0, 20.0]","(1.1, 1.35]","(10.0, 20.0]","(20.0, 30.0]","(4.975, 17.5]","(12000.0, 23000.0]","(10.0, 20.0]","(1.1, 1.35]","(10.0, 20.0]","(9.98, 20.0]","(17.5, 30.0]","(978.0, 12000.0]","(-0.02, 10.0]","(1.1, 1.35]","(10.0, 20.0]","(20.0, 30.0]",11749.0,8753.0,0.4893685068444444
"(4.975, 17.5]","(12000.0, 23000.0]","(-0.02, 10.0]","(1.35, 1.6]","(10.0, 20.0]","(20.0, 30.0]","(4.975, 17.5]","(12000.0, 23000.0]","(10.0, 20.0]","(1.35, 1.6]","(-0.02, 10.0]","(9.98, 20.0]","(17.5, 30.0]","(12000.0, 23000.0]","(10.0, 20.0]","(1.35, 1.6]","(10.0, 20.0]","(20.0, 30.0]",15151.0,13328.0,0.4761376350444443
"(4.975, 17.5]","(978.0, 12000.0]","(-0.02, 10.0]","(1.35, 1.6]","(-0.02, 10.0]","(9.98, 20.0]","(17.5, 30.0]","(978.0, 12000.0]","(10.0, 20.0]","(1.1, 1.35]","(10.0, 20.0]","(20.0, 30.0]","(4.975, 17.5]","(978.0, 12000.0]","(-0.02, 10.0]","(1.1, 1.35]","(-0.02, 10.0]","(9.98, 20.0]",37.0,15.0,0.2283991670888888
"(17.5, 30.0]","(12000.0, 23000.0]","(10.0, 20.0]","(1.35, 1.6]","(10.0, 20.0]","(20.0, 30.0]","(17.5, 30.0]","(12000.0, 23000.0]","(10.0, 20.0]","(1.1, 1.35]","(-0.02, 10.0]","(9.98, 20.0]","(4.975, 17.5]","(12000.0, 23000.0]","(-0.02, 10.0]","(1.35, 1.6]","(-0.02, 10.0]","(9.98, 20.0]",20098.0,11583.0,0.5023075959333334
"(17.5, 30.0]","(978.0, 12000.0]","(10.0, 20.0]","(1.35, 1.6]","(10.0, 20.0]","(9.98, 20.0]","(17.5, 30.0]","(12000.0, 23000.0]","(10.0, 20.0]","(1.35, 1.6]","(10.0, 20.0]","(9.98, 20.0]","(17.5, 30.0]","(12000.0, 23000.0]","(-0.02, 10.0]","(1.1, 1.35]","(-0.02, 10.0]","(20.0, 30.0]",15993.0,2889.0,0.4308799344000001
"(17.5, 30.0]","(978.0, 12000.0]","(10.0, 20.0]","(1.1, 1.35]","(10.0, 20.0]","(20.0, 30.0]","(17.5, 30.0]","(978.0, 12000.0]","(-0.02, 10.0]","(1.1, 1.35]","(10.0, 20.0]","(20.0, 30.0]","(4.975, 17.5]","(978.0, 12000.0]","(-0.02, 10.0]","(1.35, 1.6]","(-0.02, 10.0]","(9.98, 20.0]",4414.0,759.0,0.3488689374000001
"(4.975, 17.5]","(12000.0, 23000.0]","(10.0, 20.0]","(1.1, 1.35]","(-0.02, 10.0]","(9.98, 20.0]","(17.5, 30.0]","(12000.0, 23000.0]","(-0.02, 10.0]","(1.1, 1.35]","(-0.02, 10.0]","(9.98, 20.0]","(17.5, 30.0]","(978.0, 12000.0]","(-0.02, 10.0]","(1.35, 1.6]","(10.0, 20.0]","(20.0, 30.0]",1869.0,8802.0,0.3853504611111111
"(4.975, 17.5]","(978.0, 12000.0]","(10.0, 20.0]","(1.35, 1.6]","(10.0, 20.0]","(20.0, 30.0]","(17.5, 30.0]","(978.0, 12000.0]","(10.0, 20.0]","(1.35, 1.6]","(10.0, 20.0]","(9.98, 20.0]","(17.5, 30.0]","(12000.0, 23000.0]","(-0.02, 10.0]","(1.35, 1.6]","(10.0, 20.0]","(20.0, 30.0]",138.0,24.0,0.3894991012888889
"(17.5, 30.0]","(12000.0, 23000.0]","(10.0, 20.0]","(1.35, 1.6]","(10.0, 20.0]","(9.98, 20.0]","(17.5, 30.0]","(978.0, 12000.0]","(-0.02, 10.0]","(1.35, 1.6]","(-0.02, 10.0]","(9.98, 20.0]","(4.975, 17.5]","(12000.0, 23000.0]","(-0.02, 10.0]","(1.1, 1.35]","(10.0, 20.0]","(20.0, 30.0]",2751.0,496.0,0.3979035472222222
"(17.5, 30.0]","(978.0, 12000.0]","(-0.02, 10.0]","(1.1, 1.35]","(-0.02, 10.0]","(9.98, 20.0]","(4.975, 17.5]","(12000.0, 23000.0]","(-0.02, 10.0]","(1.1, 1.35]","(10.0, 20.0]","(20.0, 30.0]","(17.5, 30.0]","(978.0, 12000.0]","(10.0, 20.0]","(1.35, 1.6]","(-0.02, 10.0]","(20.0, 30.0]",7005.0,2384.0,0.3084542536222222
"(17.5, 30.0]","(12000.0, 23000.0]","(-0.02, 10.0]","(1.1, 1.35]","(-0.02, 10.0]","(20.0, 30.0]","(17.5, 30.0]","(978.0, 12000.0]","(10.0, 20.0]","(1.35, 1.6]","(-0.02, 10.0]","(20.0, 30.0]","(4.975, 17.5]","(978.0, 12000.0]","(10.0, 20.0]","(1.1, 1.35]","(-0.02, 10.0]","(20.0, 30.0]",0.0,1.0,0.3440340715777778
"(4.975, 17.5]","(12000.0, 23000.0]","(10.0, 20.0]","(1.35, 1.6]","(10.0, 20.0]","(9.98, 20.0]","(4.975, 17.5]","(12000.0, 23000.0]","(10.0, 20.0]","(1.35, 1.6]","(-0.02, 10.0]","(9.98, 20.0]","(17.5, 30.0]","(978.0, 12000.0]","(-0.02, 10.0]","(1.1, 1.35]","(10.0, 20.0]","(9.98, 20.0]",9154.0,10007.0,0.4389229534222221
"(17.5, 30.0]","(978.0, 12000.0]","(10.0, 20.0]","(1.35, 1.6]","(-0.02, 10.0]","(9.98, 20.0]","(4.975, 17.5]","(978.0, 12000.0]","(-0.02, 10.0]","(1.1, 1.35]","(-0.02, 10.0]","(20.0, 30.0]","(4.975, 17.5]","(12000.0, 23000.0]","(-0.02, 10.0]","(1.35, 1.6]","(-0.02, 10.0]","(20.0, 30.0]",0.0,1.0,0.3436570790666666
"(17.5, 30.0]","(12000.0, 23000.0]","(10.0, 20.0]","(1.35, 1.6]","(-0.02, 10.0]","(20.0, 30.0]","(4.975, 17.5]","(12000.0, 23000.0]","(10.0, 20.0]","(1.1, 1.35]","(-0.02, 10.0]","(9.98, 20.0]","(17.5, 30.0]","(12000.0, 23000.0]","(-0.02, 10.0]","(1.1, 1.35]","(10.0, 20.0]","(9.98, 20.0]",9644.0,12430.0,0.4355297446444444
"(4.975, 17.5]","(12000.0, 23000.0]","(-0.02, 10.0]","(1.1, 1.35]","(-0.02, 10.0]","(9.98, 20.0]","(4.975, 17.5]","(978.0, 12000.0]","(10.0, 20.0]","(1.35, 1.6]","(10.0, 20.0]","(20.0, 30.0]","(4.975, 17.5]","(978.0, 12000.0]","(10.0, 20.0]","(1.1, 1.35]","(10.0, 20.0]","(9.98, 20.0]",1.0,1.0,0.3053825899555556
"(17.5, 30.0]","(978.0, 12000.0]","(-0.02, 10.0]","(1.35, 1.6]","(-0.02, 10.0]","(9.98, 20.0]","(4.975, 17.5]","(978.0, 12000.0]","(10.0, 20.0]","(1.35, 1.6]","(-0.02, 10.0]","(20.0, 30.0]","(4.975, 17.5]","(978.0, 12000.0]","(-0.02, 10.0]","(1.1, 1.35]","(-0.02, 10.0]","(9.98, 20.0]",0.0,1.0,0.3305024401777778
"(4.975, 17.5]","(978.0, 12000.0]","(-0.02, 10.0]","(1.35, 1.6]","(10.0, 20.0]","(20.0, 30.0]","(4.975, 17.5]","(978.0, 12000.0]","(10.0, 20.0]","(1.35, 1.6]","(10.0, 20.0]","(9.98, 20.0]","(17.5, 30.0]","(12000.0, 23000.0]","(10.0, 20.0]","(1.35, 1.6]","(-0.02, 10.0]","(9.98, 20.0]",19830.0,5242.0,0.3838548844
"(17.5, 30.0]","(12000.0, 23000.0]","(-0.02, 10.0]","(1.35, 1.6]","(-0.02, 10.0]","(20.0, 30.0]","(4.975, 17.5]","(12000.0, 23000.0]","(10.0, 20.0]","(1.1, 1.35]","(-0.02, 10.0]","(9.98, 20.0]","(17.5, 30.0]","(12000.0, 23000.0]","(10.0, 20.0]","(1.1, 1.35]","(-0.02, 10.0]","(20.0, 30.0]",6205.0,9098.0,0.4857449670888889
"(17.5, 30.0]","(978.0, 12000.0]","(-0.02, 10.0]","(1.35, 1.6]","(-0.02, 10.0]","(9.98, 20.0]","(4.975, 17.5]","(12000.0, 23000.0]","(-0.02, 10.0]","(1.1, 1.35]","(-0.02, 10.0]","(20.0, 30.0]","(17.5, 30.0]","(12000.0, 23000.0]","(10.0, 20.0]","(1.35, 1.6]","(-0.02, 10.0]","(9.98, 20.0]",25119.0,6457.0,0.4322106312
"(4.975, 17.5]","(978.0, 12000.0]","(10.0, 20.0]","(1.1, 1.35]","(10.0, 20.0]","(20.0, 30.0]","(17.5, 30.0]","(12000.0, 23000.0]","(-0.02, 10.0]","(1.1, 1.35]","(10.0, 20.0]","(20.0, 30.0]","(17.5, 30.0]","(12000.0, 23000.0]","(-0.02, 10.0]","(1.35, 1.6]","(-0.02, 10.0]","(20.0, 30.0]",17439.0,2877.0,0.410711128
"(4.975, 17.5]","(978.0, 12000.0]","(-0.02, 10.0]","(1.35, 1.6]","(-0.02, 10.0]","(9.98, 20.0]","(4.975, 17.5]","(12000.0, 23000.0]","(10.0, 20.0]","(1.35, 1.6]","(-0.02, 10.0]","(9.98, 20.0]","(17.5, 30.0]","(12000.0, 23000.0]","(10.0, 20.0]","(1.35, 1.6]","(-0.02, 10.0]","(9.98, 20.0]",1747.0,4890.0,0.3750309459333333
"(17.5, 30.0]","(12000.0, 23000.0]","(10.0, 20.0]","(1.1, 1.35]","(10.0, 20.0]","(20.0, 30.0]","(17.5, 30.0]","(978.0, 12000.0]","(10.0, 20.0]","(1.35, 1.6]","(10.0, 20.0]","(9.98, 20.0]","(4.975, 17.5]","(12000.0, 23000.0]","(-0.02, 10.0]","(1.35, 1.6]","(-0.02, 10.0]","(20.0, 30.0]",457.0,108.0,0.4316943542666666
"(4.975, 17.5]","(12000.0, 23000.0]","(10.0, 20.0]","(1.35, 1.6]","(10.0, 20.0]","(20.0, 30.0]","(4.975, 17.5]","(978.0, 12000.0]","(10.0, 20.0]","(1.35, 1.6]","(10.0, 20.0]","(9.98, 20.0]","(17.5, 30.0]","(12000.0, 23000.0]","(10.0, 20.0]","(1.1, 1.35]","(-0.02, 10.0]","(9.98, 20.0]",3437.0,731.0,0.4129676920888889
"(17.5, 30.0]","(978.0, 12000.0]","(10.0, 20.0]","(1.1, 1.35]","(-0.02, 10.0]","(9.98, 20.0]","(17.5, 30.0]","(12000.0, 23000.0]","(10.0, 20.0]","(1.1, 1.35]","(-0.02, 10.0]","(20.0, 30.0]","(17.5, 30.0]","(12000.0, 23000.0]","(-0.02, 10.0]","(1.1, 1.35]","(-0.02, 10.0]","(20.0, 30.0]",20884.0,9418.0,0.4647600170888888
"(4.975, 17.5]","(12000.0, 23000.0]","(10.0, 20.0]","(1.35, 1.6]","(10.0, 20.0]","(20.0, 30.0]","(17.5, 30.0]","(978.0, 12000.0]","(10.0, 20.0]","(1.1, 1.35]","(-0.02, 10.0]","(20.0, 30.0]","(17.5, 30.0]","(978.0, 12000.0]","(-0.02, 10.0]","(1.35, 1.6]","(-0.02, 10.0]","(20.0, 30.0]",692.0,217.0,0.4035727017111112
"(17.5, 30.0]","(12000.0, 23000.0]","(-0.02, 10.0]","(1.35, 1.6]","(10.0, 20.0]","(9.98, 20.0]","(4.975, 17.5]","(12000.0, 23000.0]","(-0.02, 10.0]","(1.35, 1.6]","(-0.02, 10.0]","(9.98, 20.0]","(4.975, 17.5]","(978.0, 12000.0]","(-0.02, 10.0]","(1.1, 1.35]","(10.0, 20.0]","(20.0, 30.0]",7042.0,7394.0,0.4067880023555557
"(17.5, 30.0]","(12000.0, 23000.0]","(-0.02, 10.0]","(1.35, 1.6]","(-0.02, 10.0]","(20.0, 30.0]","(17.5, 30.0]","(978.0, 12000.0]","(10.0, 20.0]","(1.1, 1.35]","(10.0, 20.0]","(9.98, 20.0]","(4.975, 17.5]","(12000.0, 23000.0]","(-0.02, 10.0]","(1.35, 1.6]","(10.0, 20.0]","(9.98, 20.0]",14480.0,2802.0,0.4790909074888889
"(4.975, 17.5]","(12000.0, 23000.0]","(-0.02, 10.0]","(1.1, 1.35]","(-0.02, 10.0]","(20.0, 30.0]","(4.975, 17.5]","(12000.0, 23000.0]","(-0.02, 10.0]","(1.35, 1.6]","(10.0, 20.0]","(9.98, 20.0]","(17.5, 30.0]","(978.0, 12000.0]","(-0.02, 10.0]","(1.1, 1.35]","(-0.02, 10.0]","(20.0, 30.0]",14772.0,11238.0,0.4241334955111113
"(4.975, 17.5]","(12000.0, 23000.0]","(10.0, 20.0]","(1.35, 1.6]","(10.0, 20.0]","(9.98, 20.0]","(17.5, 30.0]","(978.0, 12000.0]","(-0.02, 10.0]","(1.1, 1.35]","(-0.02, 10.0]","(9.98, 20.0]","(4.975, 17.5]","(12000.0, 23000.0]","(-0.02, 10.0]","(1.35, 1.6]","(-0.02, 10.0]","(20.0, 30.0]",4789.0,1201.0,0.3688562448666667
"(17.5, 30.0]","(978.0, 12000.0]","(-0.02, 10.0]","(1.1, 1.35]","(10.0, 20.0]","(9.98, 20.0]","(4.975, 17.5]","(978.0, 12000.0]","(-0.02, 10.0]","(1.1, 1.35]","(10.0, 20.0]","(9.98, 20.0]","(17.5, 30.0]","(12000.0, 23000.0]","(-0.02, 10.0]","(1.1, 1.35]","(10.0, 20.0]","(9.98, 20.0]",344.0,56.0,0.32817065
"(4.975, 17.5]","(12000.0, 23000.0]","(-0.02, 10.0]","(1.35, 1.6]","(10.0, 20.0]","(9.98, 20.0]","(4.975, 17.5]","(978.0, 12000.0]","(10.0, 20.0]","(1.35, 1.6]","(10.0, 20.0]","(9.98, 20.0]","(4.975, 17.5]","(12000.0, 23000.0]","(-0.02, 10.0]","(1.1, 1.35]","(-0.02, 10.0]","(20.0, 30.0]",2037.0,333.0,0.3963016305555555
"(17.5, 30.0]","(12000.0, 23000.0]","(-0.02, 10.0]","(1.35, 1.6]","(-0.02, 10.0]","(20.0, 30.0]","(17.5, 30.0]","(978.0, 12000.0]","(10.0, 20.0]","(1.1, 1.35]","(10.0, 20.0]","(20.0, 30.0]","(17.5, 30.0]","(978.0, 12000.0]","(-0.02, 10.0]","(1.35, 1.6]","(-0.02, 10.0]","(9.98, 20.0]",588.0,120.0,0.4230025869777778
"(17.5, 30.0]","(978.0, 12000.0]","(-0.02, 10.0]","(1.1, 1.35]","(-0.02, 10.0]","(9.98, 20.0]","(4.975, 17.5]","(978.0, 12000.0]","(10.0, 20.0]","(1.1, 1.35]","(-0.02, 10.0]","(20.0, 30.0]","(4.975, 17.5]","(978.0, 12000.0]","(10.0, 20.0]","(1.35, 1.6]","(10.0, 20.0]","(20.0, 30.0]",159.0,38.0,0.2978333309777777
"(4.975, 17.5]","(978.0, 12000.0]","(-0.02, 10.0]","(1.35, 1.6]","(10.0, 20.0]","(9.98, 20.0]","(17.5, 30.0]","(978.0, 12000.0]","(-0.02, 10.0]","(1.35, 1.6]","(10.0, 20.0]","(20.0, 30.0]","(4.975, 17.5]","(12000.0, 23000.0]","(10.0, 20.0]","(1.1, 1.35]","(-0.02, 10.0]","(20.0, 30.0]",7748.0,1328.0,0.3221682476444444
"(4.975, 17.5]","(12000.0, 23000.0]","(-0.02, 10.0]","(1.35, 1.6]","(-0.02, 10.0]","(20.0, 30.0]","(4.975, 17.5]","(12000.0, 23000.0]","(-0.02, 10.0]","(1.1, 1.35]","(-0.02, 10.0]","(20.0, 30.0]","(17.5, 30.0]","(12000.0, 23000.0]","(10.0, 20.0]","(1.35, 1.6]","(10.0, 20.0]","(9.98, 20.0]",27014.0,6642.0,0.5240111908222223
"(17.5, 30.0]","(978.0, 12000.0]","(-0.02, 10.0]","(1.35, 1.6]","(10.0, 20.0]","(20.0, 30.0]","(17.5, 30.0]","(978.0, 12000.0]","(-0.02, 10.0]","(1.1, 1.35]","(10.0, 20.0]","(20.0, 30.0]","(4.975, 17.5]","(978.0, 12000.0]","(10.0, 20.0]","(1.35, 1.6]","(10.0, 20.0]","(9.98, 20.0]",72.0,23.0,0.2976786611111111
"(4.975, 17.5]","(12000.0, 23000.0]","(-0.02, 10.0]","(1.35, 1.6]","(-0.02, 10.0]","(20.0, 30.0]","(17.5, 30.0]","(12000.0, 23000.0]","(10.0, 20.0]","(1.1, 1.35]","(10.0, 20.0]","(9.98, 20.0]","(17.5, 30.0]","(12000.0, 23000.0]","(-0.02, 10.0]","(1.35, 1.6]","(10.0, 20.0]","(9.98, 20.0]",28244.0,8912.0,0.5205170675333334
"(17.5, 30.0]","(978.0, 12000.0]","(10.0, 20.0]","(1.1, 1.35]","(-0.02, 10.0]","(9.98, 20.0]","(4.975, 17.5]","(12000.0, 23000.0]","(-0.02, 10.0]","(1.1, 1.35]","(10.0, 20.0]","(20.0, 30.0]","(17.5, 30.0]","(12000.0, 23000.0]","(-0.02, 10.0]","(1.35, 1.6]","(10.0, 20.0]","(9.98, 20.0]",19211.0,3217.0,0.4806855440222221
"(4.975, 17.5]","(12000.0, 23000.0]","(-0.02, 10.0]","(1.35, 1.6]","(10.0, 20.0]","(9.98, 20.0]","(4.975, 17.5]","(978.0, 12000.0]","(10.0, 20.0]","(1.1, 1.35]","(10.0, 20.0]","(20.0, 30.0]","(4.975, 17.5]","(12000.0, 23000.0]","(-0.02, 10.0]","(1.1, 1.35]","(-0.02, 10.0]","(9.98, 20.0]",17.0,22.0,0.3743815403777779
"(4.975, 17.5]","(978.0, 12000.0]","(10.0, 20.0]","(1.35, 1.6]","(-0.02, 10.0]","(20.0, 30.0]","(17.5, 30.0]","(978.0, 12000.0]","(-0.02, 10.0]","(1.1, 1.35]","(-0.02, 10.0]","(20.0, 30.0]","(4.975, 17.5]","(978.0, 12000.0]","(-0.02, 10.0]","(1.1, 1.35]","(-0.02, 10.0]","(9.98, 20.0]",1.0,2.0,0.1997257115333333
"(17.5, 30.0]","(12000.0, 23000.0]","(10.0, 20.0]","(1.1, 1.35]","(10.0, 20.0]","(20.0, 30.0]","(17.5, 30.0]","(978.0, 12000.0]","(10.0, 20.0]","(1.1, 1.35]","(-0.02, 10.0]","(20.0, 30.0]","(17.5, 30.0]","(978.0, 12000.0]","(-0.02, 10.0]","(1.35, 1.6]","(10.0, 20.0]","(9.98, 20.0]",0.0,1.0,0.3396858226444445
"(4.975, 17.5]","(978.0, 12000.0]","(10.0, 20.0]","(1.35, 1.6]","(10.0, 20.0]","(20.0, 30.0]","(17.5, 30.0]","(978.0, 12000.0]","(10.0, 20.0]","(1.1, 1.35]","(10.0, 20.0]","(9.98, 20.0]","(17.5, 30.0]","(12000.0, 23000.0]","(-0.02, 10.0]","(1.1, 1.35]","(-0.02, 10.0]","(9.98, 20.0]",594.0,133.0,0.3871203886666666
"(4.975, 17.5]","(12000.0, 23000.0]","(-0.02, 10.0]","(1.1, 1.35]","(10.0, 20.0]","(9.98, 20.0]","(17.5, 30.0]","(12000.0, 23000.0]","(10.0, 20.0]","(1.35, 1.6]","(-0.02, 10.0]","(20.0, 30.0]","(17.5, 30.0]","(12000.0, 23000.0]","(10.0, 20.0]","(1.1, 1.35]","(10.0, 20.0]","(20.0, 30.0]",16744.0,4185.0,0.5528301162444446
"(4.975, 17.5]","(12000.0, 23000.0]","(10.0, 20.0]","(1.1, 1.35]","(10.0, 20.0]","(9.98, 20.0]","(17.5, 30.0]","(12000.0, 23000.0]","(-0.02, 10.0]","(1.1, 1.35]","(10.0, 20.0]","(9.98, 20.0]","(4.975, 17.5]","(978.0, 12000.0]","(10.0, 20.0]","(1.35, 1.6]","(-0.02, 10.0]","(20.0, 30.0]",17443.0,9542.0,0.4735891489333332
"(17.5, 30.0]","(978.0, 12000.0]","(-0.02, 10.0]","(1.1, 1.35]","(10.0, 20.0]","(9.98, 20.0]","(17.5, 30.0]","(12000.0, 23000.0]","(-0.02, 10.0]","(1.1, 1.35]","(10.0, 20.0]","(20.0, 30.0]","(4.975, 17.5]","(12000.0, 23000.0]","(10.0, 20.0]","(1.1, 1.35]","(-0.02, 10.0]","(9.98, 20.0]",13913.0,2367.0,0.4189272598222222
"(17.5, 30.0]","(12000.0, 23000.0]","(-0.02, 10.0]","(1.35, 1.6]","(-0.02, 10.0]","(9.98, 20.0]","(17.5, 30.0]","(978.0, 12000.0]","(10.0, 20.0]","(1.1, 1.35]","(-0.02, 10.0]","(9.98, 20.0]","(4.975, 17.5]","(978.0, 12000.0]","(10.0, 20.0]","(1.1, 1.35]","(-0.02, 10.0]","(20.0, 30.0]",25.0,13.0,0.3542630688000001
"(17.5, 30.0]","(978.0, 12000.0]","(-0.02, 10.0]","(1.35, 1.6]","(10.0, 20.0]","(20.0, 30.0]","(4.975, 17.5]","(978.0, 12000.0]","(-0.02, 10.0]","(1.1, 1.35]","(-0.02, 10.0]","(20.0, 30.0]","(4.975, 17.5]","(978.0, 12000.0]","(-0.02, 10.0]","(1.1, 1.35]","(-0.02, 10.0]","(9.98, 20.0]",1850.0,1679.0,0.2570896807777778
"(4.975, 17.5]","(12000.0, 23000.0]","(10.0, 20.0]","(1.1, 1.35]","(-0.02, 10.0]","(9.98, 20.0]","(17.5, 30.0]","(978.0, 12000.0]","(-0.02, 10.0]","(1.1, 1.35]","(10.0, 20.0]","(9.98, 20.0]","(4.975, 17.5]","(978.0, 12000.0]","(10.0, 20.0]","(1.1, 1.35]","(10.0, 20.0]","(20.0, 30.0]",5945.0,1964.0,0.3599278433777778
"(17.5, 30.0]","(12000.0, 23000.0]","(10.0, 20.0]","(1.1, 1.35]","(10.0, 20.0]","(20.0, 30.0]","(17.5, 30.0]","(978.0, 12000.0]","(10.0, 20.0]","(1.1, 1.35]","(-0.02, 10.0]","(9.98, 20.0]","(17.5, 30.0]","(978.0, 12000.0]","(-0.02, 10.0]","(1.35, 1.6]","(-0.02, 10.0]","(9.98, 20.0]",5398.0,1531.0,0.4056472350444444
"(17.5, 30.0]","(12000.0, 23000.0]","(10.0, 20.0]","(1.1, 1.35]","(10.0, 20.0]","(20.0, 30.0]","(4.975, 17.5]","(978.0, 12000.0]","(-0.02, 10.0]","(1.1, 1.35]","(10.0, 20.0]","(9.98, 20.0]","(4.975, 17.5]","(978.0, 12000.0]","(10.0, 20.0]","(1.35, 1.6]","(-0.02, 10.0]","(20.0, 30.0]",144.0,65.0,0.3044272869555555
"(17.5, 30.0]","(12000.0, 23000.0]","(-0.02, 10.0]","(1.35, 1.6]","(-0.02, 10.0]","(9.98, 20.0]","(17.5, 30.0]","(978.0, 12000.0]","(-0.02, 10.0]","(1.35, 1.6]","(-0.02, 10.0]","(20.0, 30.0]","(4.975, 17.5]","(12000.0, 23000.0]","(-0.02, 10.0]","(1.35, 1.6]","(-0.02, 10.0]","(9.98, 20.0]",98.0,78.0,0.4610062604666666
"(17.5, 30.0]","(12000.0, 23000.0]","(-0.02, 10.0]","(1.1, 1.35]","(-0.02, 10.0]","(9.98, 20.0]","(4.975, 17.5]","(978.0, 12000.0]","(10.0, 20.0]","(1.35, 1.6]","(-0.02, 10.0]","(20.0, 30.0]","(17.5, 30.0]","(978.0, 12000.0]","(-0.02, 10.0]","(1.35, 1.6]","(-0.02, 10.0]","(20.0, 30.0]",2070.0,460.0,0.3898589177333333
"(4.975, 17.5]","(978.0, 12000.0]","(-0.02, 10.0]","(1.35, 1.6]","(10.0, 20.0]","(9.98, 20.0]","(17.5, 30.0]","(12000.0, 23000.0]","(10.0, 20.0]","(1.1, 1.35]","(10.0, 20.0]","(9.98, 20.0]","(4.975, 17.5]","(978.0, 12000.0]","(-0.02, 10.0]","(1.35, 1.6]","(10.0, 20.0]","(9.98, 20.0]",5829.0,9856.0,0.3157375816222222
"(4.975, 17.5]","(12000.0, 23000.0]","(-0.02, 10.0]","(1.1, 1.35]","(-0.02, 10.0]","(20.0, 30.0]","(4.975, 17.5]","(12000.0, 23000.0]","(-0.02, 10.0]","(1.1, 1.35]","(10.0, 20.0]","(9.98, 20.0]","(4.975, 17.5]","(978.0, 12000.0]","(-0.02, 10.0]","(1.35, 1.6]","(-0.02, 10.0]","(20.0, 30.0]",19973.0,9962.0,0.4432729111111111
"(17.5, 30.0]","(12000.0, 23000.0]","(-0.02, 10.0]","(1.1, 1.35]","(-0.02, 10.0]","(20.0, 30.0]","(17.5, 30.0]","(978.0, 12000.0]","(10.0, 20.0]","(1.35, 1.6]","(10.0, 20.0]","(9.98, 20.0]","(17.5, 30.0]","(978.0, 12000.0]","(-0.02, 10.0]","(1.35, 1.6]","(-0.02, 10.0]","(20.0, 30.0]",4014.0,2139.0,0.4554537111111111
"(17.5, 30.0]","(978.0, 12000.0]","(-0.02, 10.0]","(1.35, 1.6]","(-0.02, 10.0]","(9.98, 20.0]","(17.5, 30.0]","(12000.0, 23000.0]","(-0.02, 10.0]","(1.1, 1.35]","(-0.02, 10.0]","(20.0, 30.0]","(4.975, 17.5]","(978.0, 12000.0]","(10.0, 20.0]","(1.1, 1.35]","(10.0, 20.0]","(9.98, 20.0]",5348.0,3856.0,0.2556299632444445
"(17.5, 30.0]","(12000.0, 23000.0]","(-0.02, 10.0]","(1.35, 1.6]","(-0.02, 10.0]","(9.98, 20.0]","(17.5, 30.0]","(12000.0, 23000.0]","(-0.02, 10.0]","(1.1, 1.35]","(-0.02, 10.0]","(20.0, 30.0]","(4.975, 17.5]","(978.0, 12000.0]","(10.0, 20.0]","(1.1, 1.35]","(-0.02, 10.0]","(9.98, 20.0]",7568.0,8698.0,0.4290642318444445
"(17.5, 30.0]","(978.0, 12000.0]","(-0.02, 10.0]","(1.35, 1.6]","(-0.02, 10.0]","(9.98, 20.0]","(17.5, 30.0]","(978.0, 12000.0]","(-0.02, 10.0]","(1.1, 1.35]","(10.0, 20.0]","(9.98, 20.0]","(17.5, 30.0]","(978.0, 12000.0]","(-0.02, 10.0]","(1.35, 1.6]","(10.0, 20.0]","(9.98, 20.0]",403.0,94.0,0.2634543202888889
"(17.5, 30.0]","(978.0, 12000.0]","(-0.02, 10.0]","(1.1, 1.35]","(-0.02, 10.0]","(20.0, 30.0]","(4.975, 17.5]","(978.0, 12000.0]","(-0.02, 10.0]","(1.35, 1.6]","(-0.02, 10.0]","(9.98, 20.0]","(4.975, 17.5]","(978.0, 12000.0]","(10.0, 20.0]","(1.35, 1.6]","(-0.02, 10.0]","(9.98, 20.0]",56.0,101.0,0.1992562775555555
"(4.975, 17.5]","(978.0, 12000.0]","(-0.02, 10.0]","(1.35, 1.6]","(-0.02, 10.0]","(20.0, 30.0]","(4.975, 17.5]","(978.0, 12000.0]","(-0.02, 10.0]","(1.35, 1.6]","(-0.02, 10.0]","(9.98, 20.0]","(17.5, 30.0]","(978.0, 12000.0]","(-0.02, 10.0]","(1.1, 1.35]","(-0.02, 10.0]","(9.98, 20.0]",9813.0,5333.0,0.2527923025555556
"(4.975, 17.5]","(978.0, 12000.0]","(-0.02, 10.0]","(1.35, 1.6]","(10.0, 20.0]","(20.0, 30.0]","(17.5, 30.0]","(978.0, 12000.0]","(-0.02, 10.0]","(1.1, 1.35]","(-0.02, 10.0]","(20.0, 30.0]","(4.975, 17.5]","(12000.0, 23000.0]","(-0.02, 10.0]","(1.35, 1.6]","(-0.02, 10.0]","(20.0, 30.0]",12.0,3.0,0.3559142450888889
"(4.975, 17.5]","(12000.0, 23000.0]","(10.0, 20.0]","(1.1, 1.35]","(10.0, 20.0]","(20.0, 30.0]","(4.975, 17.5]","(978.0, 12000.0]","(10.0, 20.0]","(1.1, 1.35]","(10.0, 20.0]","(9.98, 20.0]","(4.975, 17.5]","(978.0, 12000.0]","(10.0, 20.0]","(1.35, 1.6]","(-0.02, 10.0]","(9.98, 20.0]",95.0,22.0,0.3042228440222221
"(17.5, 30.0]","(978.0, 12000.0]","(10.0, 20.0]","(1.35, 1.6]","(10.0, 20.0]","(9.98, 20.0]","(17.5, 30.0]","(12000.0, 23000.0]","(-0.02, 10.0]","(1.1, 1.35]","(-0.02, 10.0]","(20.0, 30.0]","(4.975, 17.5]","(978.0, 12000.0]","(-0.02, 10.0]","(1.1, 1.35]","(-0.02, 10.0]","(9.98, 20.0]",8335.0,2572.0,0.3819848314222223
"(17.5, 30.0]","(12000.0, 23000.0]","(-0.02, 10.0]","(1.35, 1.6]","(-0.02, 10.0]","(20.0, 30.0]","(17.5, 30.0]","(978.0, 12000.0]","(10.0, 20.0]","(1.35, 1.6]","(-0.02, 10.0]","(9.98, 20.0]","(17.5, 30.0]","(12000.0, 23000.0]","(10.0, 20.0]","(1.1, 1.35]","(10.0, 20.0]","(20.0, 30.0]",179.0,38.0,0.4491802523555555
"(17.5, 30.0]","(12000.0, 23000.0]","(-0.02, 10.0]","(1.1, 1.35]","(-0.02, 10.0]","(9.98, 20.0]","(17.5, 30.0]","(978.0, 12000.0]","(-0.02, 10.0]","(1.1, 1.35]","(10.0, 20.0]","(9.98, 20.0]","(4.975, 17.5]","(12000.0, 23000.0]","(10.0, 20.0]","(1.1, 1.35]","(10.0, 20.0]","(9.98, 20.0]",6681.0,1447.0,0.4131117489333333
"(17.5, 30.0]","(12000.0, 23000.0]","(10.0, 20.0]","(1.1, 1.35]","(-0.02, 10.0]","(9.98, 20.0]","(4.975, 17.5]","(12000.0, 23000.0]","(-0.02, 10.0]","(1.1, 1.35]","(-0.02, 10.0]","(20.0, 30.0]","(4.975, 17.5]","(978.0, 12000.0]","(-0.02, 10.0]","(1.35, 1.6]","(10.0, 20.0]","(9.98, 20.0]",776.0,202.0,0.4373166927333332
"(4.975, 17.5]","(978.0, 12000.0]","(-0.02, 10.0]","(1.1, 1.35]","(10.0, 20.0]","(20.0, 30.0]","(17.5, 30.0]","(978.0, 12000.0]","(-0.02, 10.0]","(1.35, 1.6]","(-0.02, 10.0]","(20.0, 30.0]","(17.5, 30.0]","(978.0, 12000.0]","(10.0, 20.0]","(1.1, 1.35]","(-0.02, 10.0]","(20.0, 30.0]",604.0,138.0,0.3554331425333333
"(4.975, 17.5]","(978.0, 12000.0]","(10.0, 20.0]","(1.1, 1.35]","(10.0, 20.0]","(20.0, 30.0]","(17.5, 30.0]","(12000.0, 23000.0]","(-0.02, 10.0]","(1.1, 1.35]","(-0.02, 10.0]","(9.98, 20.0]","(4.975, 17.5]","(12000.0, 23000.0]","(-0.02, 10.0]","(1.1, 1.35]","(-0.02, 10.0]","(9.98, 20.0]",7920.0,13420.0,0.3818254021333334
"(17.5, 30.0]","(978.0, 12000.0]","(-0.02, 10.0]","(1.35, 1.6]","(10.0, 20.0]","(9.98, 20.0]","(17.5, 30.0]","(978.0, 12000.0]","(-0.02, 10.0]","(1.35, 1.6]","(-0.02, 10.0]","(20.0, 30.0]","(4.975, 17.5]","(12000.0, 23000.0]","(10.0, 20.0]","(1.1, 1.35]","(-0.02, 10.0]","(20.0, 30.0]",7276.0,1225.0,0.4168262010666667
"(4.975, 17.5]","(12000.0, 23000.0]","(-0.02, 10.0]","(1.35, 1.6]","(10.0, 20.0]","(20.0, 30.0]","(4.975, 17.5]","(978.0, 12000.0]","(10.0, 20.0]","(1.35, 1.6]","(-0.02, 10.0]","(9.98, 20.0]","(17.5, 30.0]","(978.0, 12000.0]","(-0.02, 10.0]","(1.1, 1.35]","(10.0, 20.0]","(20.0, 30.0]",2695.0,6138.0,0.3394929448666666
"(17.5, 30.0]","(12000.0, 23000.0]","(10.0, 20.0]","(1.1, 1.35]","(-0.02, 10.0]","(9.98, 20.0]","(4.975, 17.5]","(12000.0, 23000.0]","(10.0, 20.0]","(1.35, 1.6]","(10.0, 20.0]","(20.0, 30.0]","(4.975, 17.5]","(978.0, 12000.0]","(-0.02, 10.0]","(1.1, 1.35]","(-0.02, 10.0]","(20.0, 30.0]",15610.0,3296.0,0.4564652816222223
"(4.975, 17.5]","(12000.0, 23000.0]","(-0.02, 10.0]","(1.1, 1.35]","(-0.02, 10.0]","(9.98, 20.0]","(17.5, 30.0]","(978.0, 12000.0]","(-0.02, 10.0]","(1.35, 1.6]","(10.0, 20.0]","(20.0, 30.0]","(17.5, 30.0]","(978.0, 12000.0]","(-0.02, 10.0]","(1.1, 1.35]","(-0.02, 10.0]","(9.98, 20.0]",47.0,16.0,0.3382218854666666
"(4.975, 17.5]","(978.0, 12000.0]","(-0.02, 10.0]","(1.1, 1.35]","(-0.02, 10.0]","(9.98, 20.0]","(17.5, 30.0]","(12000.0, 23000.0]","(-0.02, 10.0]","(1.35, 1.6]","(10.0, 20.0]","(20.0, 30.0]","(4.975, 17.5]","(978.0, 12000.0]","(-0.02, 10.0]","(1.35, 1.6]","(-0.02, 10.0]","(20.0, 30.0]",18916.0,6236.0,0.3967524235111111
"(4.975, 17.5]","(978.0, 12000.0]","(-0.02, 10.0]","(1.1, 1.35]","(-0.02, 10.0]","(9.98, 20.0]","(4.975, 17.5]","(12000.0, 23000.0]","(10.0, 20.0]","(1.1, 1.35]","(10.0, 20.0]","(9.98, 20.0]","(4.975, 17.5]","(978.0, 12000.0]","(-0.02, 10.0]","(1.35, 1.6]","(-0.02, 10.0]","(9.98, 20.0]",14772.0,9483.0,0.348948225
"(4.975, 17.5]","(978.0, 12000.0]","(-0.02, 10.0]","(1.35, 1.6]","(10.0, 20.0]","(20.0, 30.0]","(17.5, 30.0]","(978.0, 12000.0]","(-0.02, 10.0]","(1.35, 1.6]","(10.0, 20.0]","(20.0, 30.0]","(17.5, 30.0]","(12000.0, 23000.0]","(10.0, 20.0]","(1.1, 1.35]","(-0.02, 10.0]","(9.98, 20.0]",14.0,10.0,0.3277383843999999
"(4.975, 17.5]","(978.0, 12000.0]","(-0.02, 10.0]","(1.35, 1.6]","(-0.02, 10.0]","(20.0, 30.0]","(4.975, 17.5]","(978.0, 12000.0]","(10.0, 20.0]","(1.35, 1.6]","(-0.02, 10.0]","(9.98, 20.0]","(17.5, 30.0]","(978.0, 12000.0]","(-0.02, 10.0]","(1.1, 1.35]","(-0.02, 10.0]","(9.98, 20.0]",1.0,3.0,0.2776648867555556
"(4.975, 17.5]","(12000.0, 23000.0]","(10.0, 20.0]","(1.35, 1.6]","(-0.02, 10.0]","(9.98, 20.0]","(17.5, 30.0]","(12000.0, 23000.0]","(10.0, 20.0]","(1.35, 1.6]","(10.0, 20.0]","(20.0, 30.0]","(17.5, 30.0]","(12000.0, 23000.0]","(10.0, 20.0]","(1.1, 1.35]","(10.0, 20.0]","(9.98, 20.0]",24893.0,5849.0,0.5291082739333334
"(4.975, 17.5]","(978.0, 12000.0]","(-0.02, 10.0]","(1.35, 1.6]","(10.0, 20.0]","(9.98, 20.0]","(17.5, 30.0]","(978.0, 12000.0]","(10.0, 20.0]","(1.35, 1.6]","(-0.02, 10.0]","(9.98, 20.0]","(4.975, 17.5]","(978.0, 12000.0]","(10.0, 20.0]","(1.1, 1.35]","(10.0, 20.0]","(9.98, 20.0]",9200.0,7985.0,0.361416951711111
"(4.975, 17.5]","(12000.0, 23000.0]","(10.0, 20.0]","(1.35, 1.6]","(-0.02, 10.0]","(20.0, 30.0]","(17.5, 30.0]","(978.0, 12000.0]","(10.0, 20.0]","(1.35, 1.6]","(-0.02, 10.0]","(9.98, 20.0]","(4.975, 17.5]","(978.0, 12000.0]","(-0.02, 10.0]","(1.35, 1.6]","(-0.02, 10.0]","(20.0, 30.0]",382.0,890.0,0.2881819931555555
"(17.5, 30.0]","(978.0, 12000.0]","(-0.02, 10.0]","(1.1, 1.35]","(-0.02, 10.0]","(9.98, 20.0]","(4.975, 17.5]","(978.0, 12000.0]","(10.0, 20.0]","(1.1, 1.35]","(10.0, 20.0]","(20.0, 30.0]","(4.975, 17.5]","(12000.0, 23000.0]","(10.0, 20.0]","(1.35, 1.6]","(-0.02, 10.0]","(9.98, 20.0]",35.0,20.0,0.321666373711111
"(4.975, 17.5]","(978.0, 12000.0]","(-0.02, 10.0]","(1.35, 1.6]","(10.0, 20.0]","(20.0, 30.0]","(4.975, 17.5]","(12000.0, 23000.0]","(10.0, 20.0]","(1.1, 1.35]","(10.0, 20.0]","(20.0, 30.0]","(4.975, 17.5]","(978.0, 12000.0]","(-0.02, 10.0]","(1.35, 1.6]","(10.0, 20.0]","(9.98, 20.0]",22525.0,5817.0,0.3407427621777778
"(17.5, 30.0]","(978.0, 12000.0]","(10.0, 20.0]","(1.1, 1.35]","(-0.02, 10.0]","(9.98, 20.0]","(4.975, 17.5]","(12000.0, 23000.0]","(-0.02, 10.0]","(1.1, 1.35]","(10.0, 20.0]","(9.98, 20.0]","(17.5, 30.0]","(978.0, 12000.0]","(-0.02, 10.0]","(1.1, 1.35]","(-0.02, 10.0]","(9.98, 20.0]",11968.0,5108.0,0.3398122931555555
"(4.975, 17.5]","(978.0, 12000.0]","(-0.02, 10.0]","(1.35, 1.6]","(-0.02, 10.0]","(20.0, 30.0]","(17.5, 30.0]","(12000.0, 23000.0]","(-0.02, 10.0]","(1.1, 1.35]","(-0.02, 10.0]","(9.98, 20.0]","(17.5, 30.0]","(12000.0, 23000.0]","(10.0, 20.0]","(1.35, 1.6]","(10.0, 20.0]","(9.98, 20.0]",7588.0,9945.0,0.4279428062000001
"(17.5, 30.0]","(978.0, 12000.0]","(10.0, 20.0]","(1.1, 1.35]","(-0.02, 10.0]","(9.98, 20.0]","(4.975, 17.5]","(12000.0, 23000.0]","(-0.02, 10.0]","(1.35, 1.6]","(-0.02, 10.0]","(9.98, 20.0]","(17.5, 30.0]","(978.0, 12000.0]","(-0.02, 10.0]","(1.35, 1.6]","(-0.02, 10.0]","(20.0, 30.0]",0.0,3226.0,0.2764092281999999
"(17.5, 30.0]","(12000.0, 23000.0]","(-0.02, 10.0]","(1.1, 1.35]","(-0.02, 10.0]","(9.98, 20.0]","(4.975, 17.5]","(12000.0, 23000.0]","(-0.02, 10.0]","(1.1, 1.35]","(10.0, 20.0]","(20.0, 30.0]","(4.975, 17.5]","(12000.0, 23000.0]","(10.0, 20.0]","(1.35, 1.6]","(10.0, 20.0]","(20.0, 30.0]",12740.0,3444.0,0.4634021709333334
"(17.5, 30.0]","(978.0, 12000.0]","(10.0, 20.0]","(1.35, 1.6]","(10.0, 20.0]","(9.98, 20.0]","(4.975, 17.5]","(978.0, 12000.0]","(-0.02, 10.0]","(1.1, 1.35]","(10.0, 20.0]","(20.0, 30.0]","(4.975, 17.5]","(978.0, 12000.0]","(-0.02, 10.0]","(1.1, 1.35]","(10.0, 20.0]","(20.0, 30.0]",71.0,29.0,0.2611621553333333
"(17.5, 30.0]","(12000.0, 23000.0]","(-0.02, 10.0]","(1.1, 1.35]","(-0.02, 10.0]","(9.98, 20.0]","(4.975, 17.5]","(12000.0, 23000.0]","(10.0, 20.0]","(1.1, 1.35]","(10.0, 20.0]","(20.0, 30.0]","(17.5, 30.0]","(978.0, 12000.0]","(10.0, 20.0]","(1.1, 1.35]","(10.0, 20.0]","(9.98, 20.0]",8132.0,2536.0,0.4181118252222222
"(4.975, 17.5]","(978.0, 12000.0]","(-0.02, 10.0]","(1.35, 1.6]","(-0.02, 10.0]","(9.98, 20.0]","(4.975, 17.5]","(12000.0, 23000.0]","(10.0, 20.0]","(1.1, 1.35]","(10.0, 20.0]","(20.0, 30.0]","(17.5, 30.0]","(12000.0, 23000.0]","(10.0, 20.0]","(1.1, 1.35]","(10.0, 20.0]","(20.0, 30.0]",1853.0,443.0,0.3664044517111112
"(17.5, 30.0]","(978.0, 12000.0]","(-0.02, 10.0]","(1.1, 1.35]","(10.0, 20.0]","(9.98, 20.0]","(17.5, 30.0]","(978.0, 12000.0]","(10.0, 20.0]","(1.35, 1.6]","(-0.02, 10.0]","(20.0, 30.0]","(4.975, 17.5]","(978.0, 12000.0]","(10.0, 20.0]","(1.1, 1.35]","(-0.02, 10.0]","(9.98, 20.0]",9.0,3.0,0.3278333322666666
"(17.5, 30.0]","(12000.0, 23000.0]","(-0.02, 10.0]","(1.35, 1.6]","(-0.02, 10.0]","(20.0, 30.0]","(17.5, 30.0]","(978.0, 12000.0]","(-0.02, 10.0]","(1.35, 1.6]","(10.0, 20.0]","(9.98, 20.0]","(4.975, 17.5]","(978.0, 12000.0]","(10.0, 20.0]","(1.1, 1.35]","(10.0, 20.0]","(20.0, 30.0]",10536.0,3850.0,0.3641111923111111
"(4.975, 17.5]","(12000.0, 23000.0]","(-0.02, 10.0]","(1.1, 1.35]","(-0.02, 10.0]","(20.0, 30.0]","(17.5, 30.0]","(12000.0, 23000.0]","(-0.02, 10.0]","(1.1, 1.35]","(10.0, 20.0]","(9.98, 20.0]","(17.5, 30.0]","(12000.0, 23000.0]","(10.0, 20.0]","(1.1, 1.35]","(10.0, 20.0]","(20.0, 30.0]",15842.0,10599.0,0.4804469115333333
"(17.5, 30.0]","(12000.0, 23000.0]","(-0.02, 10.0]","(1.35, 1.6]","(10.0, 20.0]","(20.0, 30.0]","(17.5, 30.0]","(12000.0, 23000.0]","(10.0, 20.0]","(1.1, 1.35]","(-0.02, 10.0]","(20.0, 30.0]","(4.975, 17.5]","(12000.0, 23000.0]","(-0.02, 10.0]","(1.1, 1.35]","(-0.02, 10.0]","(20.0, 30.0]",14691.0,2714.0,0.492218592088889
"(17.5, 30.0]","(12000.0, 23000.0]","(-0.02, 10.0]","(1.35, 1.6]","(-0.02, 10.0]","(20.0, 30.0]","(17.5, 30.0]","(12000.0, 23000.0]","(10.0, 20.0]","(1.35, 1.6]","(10.0, 20.0]","(9.98, 20.0]","(17.5, 30.0]","(12000.0, 23000.0]","(-0.02, 10.0]","(1.1, 1.35]","(-0.02, 10.0]","(9.98, 20.0]",11918.0,11252.0,0.5079871433777778
"(17.5, 30.0]","(12000.0, 23000.0]","(-0.02, 10.0]","(1.1, 1.35]","(-0.02, 10.0]","(9.98, 20.0]","(4.975, 17.5]","(978.0, 12000.0]","(-0.02, 10.0]","(1.1, 1.35]","(10.0, 20.0]","(9.98, 20.0]","(17.5, 30.0]","(12000.0, 23000.0]","(10.0, 20.0]","(1.35, 1.6]","(10.0, 20.0]","(20.0, 30.0]",9.0,2.0,0.3498863487111111
"(4.975, 17.5]","(978.0, 12000.0]","(10.0, 20.0]","(1.1, 1.35]","(-0.02, 10.0]","(9.98, 20.0]","(4.975, 17.5]","(12000.0, 23000.0]","(10.0, 20.0]","(1.1, 1.35]","(10.0, 20.0]","(20.0, 30.0]","(17.5, 30.0]","(978.0, 12000.0]","(10.0, 20.0]","(1.35, 1.6]","(10.0, 20.0]","(9.98, 20.0]",19011.0,4190.0,0.3985647335555555
"(4.975, 17.5]","(12000.0, 23000.0]","(-0.02, 10.0]","(1.35, 1.6]","(-0.02, 10.0]","(9.98, 20.0]","(4.975, 17.5]","(978.0, 12000.0]","(-0.02, 10.0]","(1.35, 1.6]","(-0.02, 10.0]","(9.98, 20.0]","(4.975, 17.5]","(978.0, 12000.0]","(10.0, 20.0]","(1.1, 1.35]","(-0.02, 10.0]","(20.0, 30.0]",1350.0,2371.0,0.2975484200888889
"(17.5, 30.0]","(978.0, 12000.0]","(-0.02, 10.0]","(1.35, 1.6]","(10.0, 20.0]","(9.98, 20.0]","(4.975, 17.5]","(978.0, 12000.0]","(-0.02, 10.0]","(1.1, 1.35]","(10.0, 20.0]","(9.98, 20.0]","(4.975, 17.5]","(12000.0, 23000.0]","(10.0, 20.0]","(1.1, 1.35]","(10.0, 20.0]","(9.98, 20.0]",17197.0,3284.0,0.3731802645333332
"(4.975, 17.5]","(978.0, 12000.0]","(10.0, 20.0]","(1.35, 1.6]","(10.0, 20.0]","(9.98, 20.0]","(17.5, 30.0]","(978.0, 12000.0]","(-0.02, 10.0]","(1.1, 1.35]","(10.0, 20.0]","(9.98, 20.0]","(4.975, 17.5]","(978.0, 12000.0]","(-0.02, 10.0]","(1.1, 1.35]","(10.0, 20.0]","(9.98, 20.0]",331.0,139.0,0.2852167410222222
"(17.5, 30.0]","(978.0, 12000.0]","(-0.02, 10.0]","(1.35, 1.6]","(-0.02, 10.0]","(20.0, 30.0]","(4.975, 17.5]","(12000.0, 23000.0]","(-0.02, 10.0]","(1.1, 1.35]","(-0.02, 10.0]","(9.98, 20.0]","(17.5, 30.0]","(978.0, 12000.0]","(10.0, 20.0]","(1.1, 1.35]","(10.0, 20.0]","(20.0, 30.0]",7714.0,8045.0,0.4370425506444443
"(4.975, 17.5]","(978.0, 12000.0]","(-0.02, 10.0]","(1.35, 1.6]","(-0.02, 10.0]","(20.0, 30.0]","(17.5, 30.0]","(12000.0, 23000.0]","(10.0, 20.0]","(1.35, 1.6]","(10.0, 20.0]","(20.0, 30.0]","(4.975, 17.5]","(978.0, 12000.0]","(10.0, 20.0]","(1.1, 1.35]","(10.0, 20.0]","(9.98, 20.0]",5274.0,925.0,0.3155658111111111
"(17.5, 30.0]","(12000.0, 23000.0]","(-0.02, 10.0]","(1.1, 1.35]","(-0.02, 10.0]","(20.0, 30.0]","(4.975, 17.5]","(978.0, 12000.0]","(10.0, 20.0]","(1.1, 1.35]","(-0.02, 10.0]","(20.0, 30.0]","(4.975, 17.5]","(12000.0, 23000.0]","(10.0, 20.0]","(1.35, 1.6]","(10.0, 20.0]","(9.98, 20.0]",2589.0,484.0,0.3952108615333332
"(4.975, 17.5]","(978.0, 12000.0]","(-0.02, 10.0]","(1.35, 1.6]","(-0.02, 10.0]","(20.0, 30.0]","(17.5, 30.0]","(12000.0, 23000.0]","(-0.02, 10.0]","(1.1, 1.35]","(-0.02, 10.0]","(20.0, 30.0]","(4.975, 17.5]","(12000.0, 23000.0]","(10.0, 20.0]","(1.1, 1.35]","(10.0, 20.0]","(9.98, 20.0]",25257.0,7011.0,0.3918636273555555
"(17.5, 30.0]","(978.0, 12000.0]","(-0.02, 10.0]","(1.35, 1.6]","(10.0, 20.0]","(20.0, 30.0]","(4.975, 17.5]","(978.0, 12000.0]","(10.0, 20.0]","(1.35, 1.6]","(-0.02, 10.0]","(9.98, 20.0]","(4.975, 17.5]","(12000.0, 23000.0]","(-0.02, 10.0]","(1.35, 1.6]","(10.0, 20.0]","(20.0, 30.0]",187.0,38.0,0.2969095976444444
"(4.975, 17.5]","(12000.0, 23000.0]","(-0.02, 10.0]","(1.1, 1.35]","(10.0, 20.0]","(20.0, 30.0]","(4.975, 17.5]","(978.0, 12000.0]","(-0.02, 10.0]","(1.1, 1.35]","(10.0, 20.0]","(20.0, 30.0]","(4.975, 17.5]","(12000.0, 23000.0]","(-0.02, 10.0]","(1.35, 1.6]","(10.0, 20.0]","(9.98, 20.0]",9.0,5.0,0.2995866226444444
"(4.975, 17.5]","(978.0, 12000.0]","(-0.02, 10.0]","(1.35, 1.6]","(-0.02, 10.0]","(9.98, 20.0]","(17.5, 30.0]","(12000.0, 23000.0]","(10.0, 20.0]","(1.35, 1.6]","(10.0, 20.0]","(9.98, 20.0]","(17.5, 30.0]","(978.0, 12000.0]","(10.0, 20.0]","(1.35, 1.6]","(-0.02, 10.0]","(9.98, 20.0]",5444.0,11494.0,0.4096834006444445
"(17.5, 30.0]","(12000.0, 23000.0]","(-0.02, 10.0]","(1.1, 1.35]","(-0.02, 10.0]","(20.0, 30.0]","(4.975, 17.5]","(978.0, 12000.0]","(-0.02, 10.0]","(1.1, 1.35]","(-0.02, 10.0]","(9.98, 20.0]","(17.5, 30.0]","(12000.0, 23000.0]","(10.0, 20.0]","(1.1, 1.35]","(10.0, 20.0]","(20.0, 30.0]",11853.0,5308.0,0.4288018608888889
"(17.5, 30.0]","(978.0, 12000.0]","(10.0, 20.0]","(1.1, 1.35]","(10.0, 20.0]","(20.0, 30.0]","(17.5, 30.0]","(978.0, 12000.0]","(-0.02, 10.0]","(1.35, 1.6]","(10.0, 20.0]","(9.98, 20.0]","(17.5, 30.0]","(978.0, 12000.0]","(10.0, 20.0]","(1.1, 1.35]","(-0.02, 10.0]","(20.0, 30.0]",2532.0,1584.0,0.3201245198666666
"(4.975, 17.5]","(12000.0, 23000.0]","(-0.02, 10.0]","(1.1, 1.35]","(-0.02, 10.0]","(9.98, 20.0]","(17.5, 30.0]","(978.0, 12000.0]","(-0.02, 10.0]","(1.1, 1.35]","(-0.02, 10.0]","(20.0, 30.0]","(17.5, 30.0]","(978.0, 12000.0]","(-0.02, 10.0]","(1.1, 1.35]","(10.0, 20.0]","(20.0, 30.0]",23.0,10.0,0.3436386106888888
"(17.5, 30.0]","(12000.0, 23000.0]","(-0.02, 10.0]","(1.1, 1.35]","(-0.02, 10.0]","(9.98, 20.0]","(17.5, 30.0]","(978.0, 12000.0]","(-0.02, 10.0]","(1.1, 1.35]","(10.0, 20.0]","(9.98, 20.0]","(4.975, 17.5]","(978.0, 12000.0]","(10.0, 20.0]","(1.1, 1.35]","(-0.02, 10.0]","(9.98, 20.0]",5053.0,1181.0,0.3672131164444445
"(4.975, 17.5]","(12000.0, 23000.0]","(10.0, 20.0]","(1.1, 1.35]","(10.0, 20.0]","(9.98, 20.0]","(17.5, 30.0]","(978.0, 12000.0]","(10.0, 20.0]","(1.1, 1.35]","(10.0, 20.0]","(9.98, 20.0]","(4.975, 17.5]","(978.0, 12000.0]","(-0.02, 10.0]","(1.35, 1.6]","(10.0, 20.0]","(20.0, 30.0]",3697.0,1128.0,0.4035328510666667
"(17.5, 30.0]","(978.0, 12000.0]","(-0.02, 10.0]","(1.35, 1.6]","(-0.02, 10.0]","(9.98, 20.0]","(4.975, 17.5]","(978.0, 12000.0]","(10.0, 20.0]","(1.1, 1.35]","(10.0, 20.0]","(20.0, 30.0]","(4.975, 17.5]","(978.0, 12000.0]","(-0.02, 10.0]","(1.35, 1.6]","(-0.02, 10.0]","(20.0, 30.0]",0.0,1.0,0.2538462375999999
"(17.5, 30.0]","(978.0, 12000.0]","(-0.02, 10.0]","(1.1, 1.35]","(-0.02, 10.0]","(20.0, 30.0]","(4.975, 17.5]","(978.0, 12000.0]","(-0.02, 10.0]","(1.1, 1.35]","(10.0, 20.0]","(20.0, 30.0]","(17.5, 30.0]","(978.0, 12000.0]","(10.0, 20.0]","(1.35, 1.6]","(-0.02, 10.0]","(9.98, 20.0]",3122.0,537.0,0.3463550982888889
"(17.5, 30.0]","(978.0, 12000.0]","(-0.02, 10.0]","(1.35, 1.6]","(-0.02, 10.0]","(9.98, 20.0]","(4.975, 17.5]","(978.0, 12000.0]","(10.0, 20.0]","(1.35, 1.6]","(-0.02, 10.0]","(20.0, 30.0]","(4.975, 17.5]","(12000.0, 23000.0]","(-0.02, 10.0]","(1.35, 1.6]","(10.0, 20.0]","(9.98, 20.0]",16868.0,3525.0,0.3211105044888889
"(4.975, 17.5]","(12000.0, 23000.0]","(-0.02, 10.0]","(1.1, 1.35]","(-0.02, 10.0]","(9.98, 20.0]","(17.5, 30.0]","(12000.0, 23000.0]","(10.0, 20.0]","(1.1, 1.35]","(10.0, 20.0]","(9.98, 20.0]","(4.975, 17.5]","(978.0, 12000.0]","(10.0, 20.0]","(1.35, 1.6]","(-0.02, 10.0]","(20.0, 30.0]",12648.0,10411.0,0.4304006769333334
"(17.5, 30.0]","(12000.0, 23000.0]","(-0.02, 10.0]","(1.1, 1.35]","(-0.02, 10.0]","(20.0, 30.0]","(4.975, 17.5]","(978.0, 12000.0]","(10.0, 20.0]","(1.35, 1.6]","(10.0, 20.0]","(9.98, 20.0]","(4.975, 17.5]","(12000.0, 23000.0]","(10.0, 20.0]","(1.1, 1.35]","(-0.02, 10.0]","(9.98, 20.0]",1390.0,257.0,0.4003686698666666
"(4.975, 17.5]","(978.0, 12000.0]","(-0.02, 10.0]","(1.1, 1.35]","(-0.02, 10.0]","(9.98, 20.0]","(17.5, 30.0]","(978.0, 12000.0]","(-0.02, 10.0]","(1.1, 1.35]","(-0.02, 10.0]","(9.98, 20.0]","(4.975, 17.5]","(12000.0, 23000.0]","(10.0, 20.0]","(1.1, 1.35]","(-0.02, 10.0]","(20.0, 30.0]",0.0,88.0,0.2852507893111111
"(4.975, 17.5]","(978.0, 12000.0]","(-0.02, 10.0]","(1.1, 1.35]","(10.0, 20.0]","(9.98, 20.0]","(17.5, 30.0]","(12000.0, 23000.0]","(-0.02, 10.0]","(1.1, 1.35]","(10.0, 20.0]","(9.98, 20.0]","(4.975, 17.5]","(12000.0, 23000.0]","(-0.02, 10.0]","(1.35, 1.6]","(-0.02, 10.0]","(9.98, 20.0]",16722.0,12380.0,0.3533685801333333
"(4.975, 17.5]","(978.0, 12000.0]","(10.0, 20.0]","(1.35, 1.6]","(10.0, 20.0]","(9.98, 20.0]","(4.975, 17.5]","(978.0, 12000.0]","(10.0, 20.0]","(1.1, 1.35]","(-0.02, 10.0]","(9.98, 20.0]","(4.975, 17.5]","(978.0, 12000.0]","(10.0, 20.0]","(1.35, 1.6]","(-0.02, 10.0]","(20.0, 30.0]",6.0,793.0,0.2211572230666666
"(17.5, 30.0]","(978.0, 12000.0]","(-0.02, 10.0]","(1.1, 1.35]","(10.0, 20.0]","(9.98, 20.0]","(4.975, 17.5]","(12000.0, 23000.0]","(10.0, 20.0]","(1.1, 1.35]","(-0.02, 10.0]","(9.98, 20.0]","(4.975, 17.5]","(12000.0, 23000.0]","(10.0, 20.0]","(1.35, 1.6]","(10.0, 20.0]","(9.98, 20.0]",17428.0,13346.0,0.4087309183777778
"(4.975, 17.5]","(978.0, 12000.0]","(10.0, 20.0]","(1.1, 1.35]","(-0.02, 10.0]","(20.0, 30.0]","(4.975, 17.5]","(978.0, 12000.0]","(10.0, 20.0]","(1.35, 1.6]","(10.0, 20.0]","(9.98, 20.0]","(4.975, 17.5]","(12000.0, 23000.0]","(-0.02, 10.0]","(1.35, 1.6]","(10.0, 20.0]","(9.98, 20.0]",14917.0,3788.0,0.3384645944444445
"(4.975, 17.5]","(12000.0, 23000.0]","(10.0, 20.0]","(1.1, 1.35]","(-0.02, 10.0]","(20.0, 30.0]","(17.5, 30.0]","(978.0, 12000.0]","(10.0, 20.0]","(1.1, 1.35]","(-0.02, 10.0]","(9.98, 20.0]","(4.975, 17.5]","(12000.0, 23000.0]","(-0.02, 10.0]","(1.35, 1.6]","(-0.02, 10.0]","(20.0, 30.0]",9095.0,2177.0,0.4307057089777777
"(4.975, 17.5]","(978.0, 12000.0]","(-0.02, 10.0]","(1.1, 1.35]","(10.0, 20.0]","(20.0, 30.0]","(17.5, 30.0]","(12000.0, 23000.0]","(-0.02, 10.0]","(1.35, 1.6]","(10.0, 20.0]","(20.0, 30.0]","(17.5, 30.0]","(12000.0, 23000.0]","(10.0, 20.0]","(1.35, 1.6]","(10.0, 20.0]","(20.0, 30.0]",16218.0,3017.0,0.4309316579111111
"(17.5, 30.0]","(12000.0, 23000.0]","(-0.02, 10.0]","(1.35, 1.6]","(10.0, 20.0]","(9.98, 20.0]","(4.975, 17.5]","(978.0, 12000.0]","(10.0, 20.0]","(1.35, 1.6]","(10.0, 20.0]","(9.98, 20.0]","(17.5, 30.0]","(12000.0, 23000.0]","(-0.02, 10.0]","(1.35, 1.6]","(-0.02, 10.0]","(9.98, 20.0]",14018.0,2361.0,0.4173681987111111
"(4.975, 17.5]","(12000.0, 23000.0]","(-0.02, 10.0]","(1.1, 1.35]","(-0.02, 10.0]","(9.98, 20.0]","(4.975, 17.5]","(978.0, 12000.0]","(-0.02, 10.0]","(1.35, 1.6]","(10.0, 20.0]","(9.98, 20.0]","(4.975, 17.5]","(12000.0, 23000.0]","(-0.02, 10.0]","(1.1, 1.35]","(10.0, 20.0]","(9.98, 20.0]",293.0,47.0,0.3781529194444444
"(17.5, 30.0]","(12000.0, 23000.0]","(-0.02, 10.0]","(1.1, 1.35]","(-0.02, 10.0]","(20.0, 30.0]","(4.975, 17.5]","(12000.0, 23000.0]","(-0.02, 10.0]","(1.1, 1.35]","(10.0, 20.0]","(20.0, 30.0]","(4.975, 17.5]","(978.0, 12000.0]","(-0.02, 10.0]","(1.35, 1.6]","(10.0, 20.0]","(20.0, 30.0]",16683.0,3921.0,0.4182786621777778
"(17.5, 30.0]","(12000.0, 23000.0]","(10.0, 20.0]","(1.1, 1.35]","(-0.02, 10.0]","(20.0, 30.0]","(4.975, 17.5]","(978.0, 12000.0]","(10.0, 20.0]","(1.1, 1.35]","(10.0, 20.0]","(20.0, 30.0]","(17.5, 30.0]","(978.0, 12000.0]","(10.0, 20.0]","(1.1, 1.35]","(10.0, 20.0]","(9.98, 20.0]",75.0,18.0,0.3868869882444444
"(4.975, 17.5]","(978.0, 12000.0]","(10.0, 20.0]","(1.35, 1.6]","(10.0, 20.0]","(9.98, 20.0]","(17.5, 30.0]","(12000.0, 23000.0]","(10.0, 20.0]","(1.1, 1.35]","(-0.02, 10.0]","(20.0, 30.0]","(4.975, 17.5]","(978.0, 12000.0]","(10.0, 20.0]","(1.1, 1.35]","(-0.02, 10.0]","(9.98, 20.0]",0.0,1.0,0.3358752788444445
"(4.975, 17.5]","(12000.0, 23000.0]","(10.0, 20.0]","(1.35, 1.6]","(-0.02, 10.0]","(9.98, 20.0]","(4.975, 17.5]","(978.0, 12000.0]","(10.0, 20.0]","(1.35, 1.6]","(10.0, 20.0]","(9.98, 20.0]","(17.5, 30.0]","(978.0, 12000.0]","(10.0, 20.0]","(1.1, 1.35]","(-0.02, 10.0]","(9.98, 20.0]",3030.0,743.0,0.3539535739333332
"(4.975, 17.5]","(12000.0, 23000.0]","(-0.02, 10.0]","(1.35, 1.6]","(-0.02, 10.0]","(20.0, 30.0]","(4.975, 17.5]","(12000.0, 23000.0]","(-0.02, 10.0]","(1.1, 1.35]","(-0.02, 10.0]","(9.98, 20.0]","(4.975, 17.5]","(978.0, 12000.0]","(10.0, 20.0]","(1.1, 1.35]","(-0.02, 10.0]","(9.98, 20.0]",3292.0,9713.0,0.4250100277777779
"(17.5, 30.0]","(978.0, 12000.0]","(10.0, 20.0]","(1.1, 1.35]","(-0.02, 10.0]","(9.98, 20.0]","(4.975, 17.5]","(12000.0, 23000.0]","(-0.02, 10.0]","(1.35, 1.6]","(10.0, 20.0]","(20.0, 30.0]","(4.975, 17.5]","(978.0, 12000.0]","(10.0, 20.0]","(1.1, 1.35]","(10.0, 20.0]","(9.98, 20.0]",3094.0,715.0,0.3492271450888889
"(17.5, 30.0]","(12000.0, 23000.0]","(10.0, 20.0]","(1.35, 1.6]","(10.0, 20.0]","(20.0, 30.0]","(4.975, 17.5]","(12000.0, 23000.0]","(-0.02, 10.0]","(1.35, 1.6]","(10.0, 20.0]","(9.98, 20.0]","(17.5, 30.0]","(12000.0, 23000.0]","(-0.02, 10.0]","(1.1, 1.35]","(-0.02, 10.0]","(9.98, 20.0]",21070.0,12838.0,0.5181250388888888
"(17.5, 30.0]","(12000.0, 23000.0]","(-0.02, 10.0]","(1.1, 1.35]","(10.0, 20.0]","(9.98, 20.0]","(4.975, 17.5]","(12000.0, 23000.0]","(10.0, 20.0]","(1.1, 1.35]","(10.0, 20.0]","(9.98, 20.0]","(4.975, 17.5]","(978.0, 12000.0]","(10.0, 20.0]","(1.1, 1.35]","(-0.02, 10.0]","(20.0, 30.0]",7352.0,2429.0,0.3686682183777779
"(4.975, 17.5]","(978.0, 12000.0]","(-0.02, 10.0]","(1.35, 1.6]","(-0.02, 10.0]","(20.0, 30.0]","(17.5, 30.0]","(978.0, 12000.0]","(10.0, 20.0]","(1.1, 1.35]","(-0.02, 10.0]","(20.0, 30.0]","(4.975, 17.5]","(12000.0, 23000.0]","(-0.02, 10.0]","(1.35, 1.6]","(10.0, 20.0]","(9.98, 20.0]",15514.0,3667.0,0.3149265726444444
"(17.5, 30.0]","(978.0, 12000.0]","(10.0, 20.0]","(1.1, 1.35]","(-0.02, 10.0]","(20.0, 30.0]","(4.975, 17.5]","(978.0, 12000.0]","(-0.02, 10.0]","(1.35, 1.6]","(-0.02, 10.0]","(20.0, 30.0]","(4.975, 17.5]","(978.0, 12000.0]","(-0.02, 10.0]","(1.1, 1.35]","(-0.02, 10.0]","(20.0, 30.0]",1166.0,586.0,0.2552852083333333
"(4.975, 17.5]","(12000.0, 23000.0]","(10.0, 20.0]","(1.1, 1.35]","(10.0, 20.0]","(9.98, 20.0]","(17.5, 30.0]","(12000.0, 23000.0]","(-0.02, 10.0]","(1.35, 1.6]","(10.0, 20.0]","(20.0, 30.0]","(4.975, 17.5]","(12000.0, 23000.0]","(-0.02, 10.0]","(1.35, 1.6]","(10.0, 20.0]","(9.98, 20.0]",20079.0,3874.0,0.4681239948666666
"(4.975, 17.5]","(978.0, 12000.0]","(-0.02, 10.0]","(1.1, 1.35]","(-0.02, 10.0]","(20.0, 30.0]","(17.5, 30.0]","(978.0, 12000.0]","(10.0, 20.0]","(1.1, 1.35]","(10.0, 20.0]","(20.0, 30.0]","(4.975, 17.5]","(978.0, 12000.0]","(-0.02, 10.0]","(1.35, 1.6]","(-0.02, 10.0]","(20.0, 30.0]",1090.0,302.0,0.2908265882444444
"(4.975, 17.5]","(978.0, 12000.0]","(-0.02, 10.0]","(1.1, 1.35]","(-0.02, 10.0]","(9.98, 20.0]","(4.975, 17.5]","(12000.0, 23000.0]","(-0.02, 10.0]","(1.1, 1.35]","(-0.02, 10.0]","(9.98, 20.0]","(17.5, 30.0]","(978.0, 12000.0]","(10.0, 20.0]","(1.1, 1.35]","(-0.02, 10.0]","(9.98, 20.0]",3213.0,7471.0,0.2852138965777778
"(17.5, 30.0]","(978.0, 12000.0]","(-0.02, 10.0]","(1.1, 1.35]","(10.0, 20.0]","(9.98, 20.0]","(4.975, 17.5]","(12000.0, 23000.0]","(-0.02, 10.0]","(1.1, 1.35]","(10.0, 20.0]","(9.98, 20.0]","(17.5, 30.0]","(12000.0, 23000.0]","(10.0, 20.0]","(1.35, 1.6]","(-0.02, 10.0]","(9.98, 20.0]",5681.0,3477.0,0.3919299027777778
"(17.5, 30.0]","(12000.0, 23000.0]","(-0.02, 10.0]","(1.35, 1.6]","(-0.02, 10.0]","(9.98, 20.0]","(4.975, 17.5]","(978.0, 12000.0]","(10.0, 20.0]","(1.35, 1.6]","(-0.02, 10.0]","(20.0, 30.0]","(17.5, 30.0]","(978.0, 12000.0]","(-0.02, 10.0]","(1.35, 1.6]","(-0.02, 10.0]","(20.0, 30.0]",0.0,1.0,0.2837261882444444
"(4.975, 17.5]","(978.0, 12000.0]","(10.0, 20.0]","(1.1, 1.35]","(10.0, 20.0]","(20.0, 30.0]","(4.975, 17.5]","(978.0, 12000.0]","(10.0, 20.0]","(1.1, 1.35]","(-0.02, 10.0]","(9.98, 20.0]","(4.975, 17.5]","(978.0, 12000.0]","(-0.02, 10.0]","(1.35, 1.6]","(10.0, 20.0]","(20.0, 30.0]",11510.0,5658.0,0.2763950121777777
"(4.975, 17.5]","(12000.0, 23000.0]","(-0.02, 10.0]","(1.1, 1.35]","(-0.02, 10.0]","(9.98, 20.0]","(4.975, 17.5]","(978.0, 12000.0]","(-0.02, 10.0]","(1.35, 1.6]","(-0.02, 10.0]","(20.0, 30.0]","(4.975, 17.5]","(978.0, 12000.0]","(-0.02, 10.0]","(1.1, 1.35]","(-0.02, 10.0]","(9.98, 20.0]",312.0,170.0,0.2214321553333333
"(17.5, 30.0]","(12000.0, 23000.0]","(10.0, 20.0]","(1.1, 1.35]","(10.0, 20.0]","(20.0, 30.0]","(4.975, 17.5]","(978.0, 12000.0]","(-0.02, 10.0]","(1.1, 1.35]","(-0.02, 10.0]","(20.0, 30.0]","(4.975, 17.5]","(978.0, 12000.0]","(-0.02, 10.0]","(1.1, 1.35]","(10.0, 20.0]","(9.98, 20.0]",18.0,25.0,0.3255184361111111
"(4.975, 17.5]","(12000.0, 23000.0]","(-0.02, 10.0]","(1.35, 1.6]","(10.0, 20.0]","(20.0, 30.0]","(17.5, 30.0]","(978.0, 12000.0]","(10.0, 20.0]","(1.1, 1.35]","(-0.02, 10.0]","(9.98, 20.0]","(17.5, 30.0]","(978.0, 12000.0]","(-0.02, 10.0]","(1.35, 1.6]","(-0.02, 10.0]","(9.98, 20.0]",212.0,1248.0,0.2790589125999999
"(4.975, 17.5]","(12000.0, 23000.0]","(-0.02, 10.0]","(1.35, 1.6]","(10.0, 20.0]","(9.98, 20.0]","(4.975, 17.5]","(978.0, 12000.0]","(-0.02, 10.0]","(1.1, 1.35]","(-0.02, 10.0]","(20.0, 30.0]","(4.975, 17.5]","(978.0, 12000.0]","(10.0, 20.0]","(1.35, 1.6]","(-0.02, 10.0]","(20.0, 30.0]",619.0,168.0,0.2716092546888889
"(4.975, 17.5]","(978.0, 12000.0]","(-0.02, 10.0]","(1.35, 1.6]","(-0.02, 10.0]","(9.98, 20.0]","(17.5, 30.0]","(12000.0, 23000.0]","(-0.02, 10.0]","(1.35, 1.6]","(-0.02, 10.0]","(9.98, 20.0]","(4.975, 17.5]","(978.0, 12000.0]","(-0.02, 10.0]","(1.35, 1.6]","(-0.02, 10.0]","(20.0, 30.0]",8004.0,4737.0,0.3446752566222222
"(17.5, 30.0]","(978.0, 12000.0]","(-0.02, 10.0]","(1.1, 1.35]","(10.0, 20.0]","(9.98, 20.0]","(4.975, 17.5]","(978.0, 12000.0]","(-0.02, 10.0]","(1.35, 1.6]","(-0.02, 10.0]","(20.0, 30.0]","(4.975, 17.5]","(978.0, 12000.0]","(-0.02, 10.0]","(1.35, 1.6]","(-0.02, 10.0]","(9.98, 20.0]",1502.0,291.0,0.2707552735111111
"(4.975, 17.5]","(12000.0, 23000.0]","(10.0, 20.0]","(1.1, 1.35]","(10.0, 20.0]","(20.0, 30.0]","(17.5, 30.0]","(12000.0, 23000.0]","(-0.02, 10.0]","(1.35, 1.6]","(-0.02, 10.0]","(9.98, 20.0]","(17.5, 30.0]","(12000.0, 23000.0]","(-0.02, 10.0]","(1.35, 1.6]","(10.0, 20.0]","(9.98, 20.0]",1046.0,210.0,0.4520687799111111
"(4.975, 17.5]","(12000.0, 23000.0]","(10.0, 20.0]","(1.1, 1.35]","(-0.02, 10.0]","(9.98, 20.0]","(17.5, 30.0]","(12000.0, 23000.0]","(-0.02, 10.0]","(1.35, 1.6]","(-0.02, 10.0]","(20.0, 30.0]","(17.5, 30.0]","(978.0, 12000.0]","(-0.02, 10.0]","(1.35, 1.6]","(-0.02, 10.0]","(9.98, 20.0]",19432.0,5715.0,0.3921066587555555
"(4.975, 17.5]","(978.0, 12000.0]","(10.0, 20.0]","(1.35, 1.6]","(-0.02, 10.0]","(9.98, 20.0]","(4.975, 17.5]","(978.0, 12000.0]","(-0.02, 10.0]","(1.35, 1.6]","(10.0, 20.0]","(20.0, 30.0]","(17.5, 30.0]","(12000.0, 23000.0]","(-0.02, 10.0]","(1.1, 1.35]","(10.0, 20.0]","(20.0, 30.0]",10455.0,2365.0,0.3554059747777778
"(4.975, 17.5]","(978.0, 12000.0]","(-0.02, 10.0]","(1.1, 1.35]","(10.0, 20.0]","(9.98, 20.0]","(17.5, 30.0]","(978.0, 12000.0]","(10.0, 20.0]","(1.1, 1.35]","(-0.02, 10.0]","(9.98, 20.0]","(4.975, 17.5]","(978.0, 12000.0]","(10.0, 20.0]","(1.35, 1.6]","(-0.02, 10.0]","(20.0, 30.0]",56.0,36.0,0.2339151544888888
"(4.975, 17.5]","(978.0, 12000.0]","(10.0, 20.0]","(1.1, 1.35]","(10.0, 20.0]","(20.0, 30.0]","(4.975, 17.5]","(12000.0, 23000.0]","(10.0, 20.0]","(1.1, 1.35]","(-0.02, 10.0]","(20.0, 30.0]","(4.975, 17.5]","(12000.0, 23000.0]","(-0.02, 10.0]","(1.35, 1.6]","(-0.02, 10.0]","(9.98, 20.0]",563.0,1635.0,0.4124872658222223
"(17.5, 30.0]","(12000.0, 23000.0]","(10.0, 20.0]","(1.35, 1.6]","(10.0, 20.0]","(9.98, 20.0]","(4.975, 17.5]","(978.0, 12000.0]","(-0.02, 10.0]","(1.35, 1.6]","(-0.02, 10.0]","(9.98, 20.0]","(17.5, 30.0]","(12000.0, 23000.0]","(-0.02, 10.0]","(1.35, 1.6]","(-0.02, 10.0]","(20.0, 30.0]",2524.0,1794.0,0.4264183256444445
"(4.975, 17.5]","(12000.0, 23000.0]","(-0.02, 10.0]","(1.1, 1.35]","(-0.02, 10.0]","(9.98, 20.0]","(4.975, 17.5]","(12000.0, 23000.0]","(-0.02, 10.0]","(1.1, 1.35]","(-0.02, 10.0]","(20.0, 30.0]","(4.975, 17.5]","(978.0, 12000.0]","(10.0, 20.0]","(1.1, 1.35]","(-0.02, 10.0]","(9.98, 20.0]",16151.0,11536.0,0.3907731342
"(4.975, 17.5]","(12000.0, 23000.0]","(-0.02, 10.0]","(1.1, 1.35]","(-0.02, 10.0]","(9.98, 20.0]","(4.975, 17.5]","(12000.0, 23000.0]","(10.0, 20.0]","(1.35, 1.6]","(10.0, 20.0]","(20.0, 30.0]","(17.5, 30.0]","(978.0, 12000.0]","(-0.02, 10.0]","(1.35, 1.6]","(-0.02, 10.0]","(20.0, 30.0]",6534.0,1983.0,0.3658695944444444
"(4.975, 17.5]","(978.0, 12000.0]","(10.0, 20.0]","(1.1, 1.35]","(-0.02, 10.0]","(20.0, 30.0]","(17.5, 30.0]","(978.0, 12000.0]","(-0.02, 10.0]","(1.1, 1.35]","(10.0, 20.0]","(9.98, 20.0]","(4.975, 17.5]","(12000.0, 23000.0]","(10.0, 20.0]","(1.35, 1.6]","(-0.02, 10.0]","(20.0, 30.0]",4679.0,849.0,0.3618963581111111
"(4.975, 17.5]","(12000.0, 23000.0]","(10.0, 20.0]","(1.1, 1.35]","(10.0, 20.0]","(20.0, 30.0]","(17.5, 30.0]","(978.0, 12000.0]","(-0.02, 10.0]","(1.35, 1.6]","(10.0, 20.0]","(9.98, 20.0]","(17.5, 30.0]","(12000.0, 23000.0]","(-0.02, 10.0]","(1.1, 1.35]","(10.0, 20.0]","(20.0, 30.0]",13759.0,4255.0,0.4329482053333333
"(17.5, 30.0]","(12000.0, 23000.0]","(10.0, 20.0]","(1.35, 1.6]","(10.0, 20.0]","(9.98, 20.0]","(4.975, 17.5]","(12000.0, 23000.0]","(-0.02, 10.0]","(1.35, 1.6]","(-0.02, 10.0]","(20.0, 30.0]","(4.975, 17.5]","(978.0, 12000.0]","(-0.02, 10.0]","(1.1, 1.35]","(10.0, 20.0]","(20.0, 30.0]",15238.0,5669.0,0.3892346660222223
"(4.975, 17.5]","(12000.0, 23000.0]","(10.0, 20.0]","(1.1, 1.35]","(-0.02, 10.0]","(9.98, 20.0]","(4.975, 17.5]","(978.0, 12000.0]","(10.0, 20.0]","(1.1, 1.35]","(10.0, 20.0]","(9.98, 20.0]","(4.975, 17.5]","(12000.0, 23000.0]","(-0.02, 10.0]","(1.1, 1.35]","(-0.02, 10.0]","(9.98, 20.0]",459.0,78.0,0.3681552752222222
"(4.975, 17.5]","(978.0, 12000.0]","(-0.02, 10.0]","(1.35, 1.6]","(10.0, 20.0]","(9.98, 20.0]","(17.5, 30.0]","(978.0, 12000.0]","(-0.02, 10.0]","(1.35, 1.6]","(-0.02, 10.0]","(9.98, 20.0]","(4.975, 17.5]","(978.0, 12000.0]","(10.0, 20.0]","(1.1, 1.35]","(10.0, 20.0]","(20.0, 30.0]",1585.0,970.0,0.2748082570444444
"(4.975, 17.5]","(978.0, 12000.0]","(10.0, 20.0]","(1.1, 1.35]","(10.0, 20.0]","(9.98, 20.0]","(4.975, 17.5]","(12000.0, 23000.0]","(-0.02, 10.0]","(1.1, 1.35]","(-0.02, 10.0]","(9.98, 20.0]","(17.5, 30.0]","(978.0, 12000.0]","(-0.02, 10.0]","(1.1, 1.35]","(-0.02, 10.0]","(9.98, 20.0]",5875.0,10250.0,0.3145248593999999
"(17.5, 30.0]","(12000.0, 23000.0]","(10.0, 20.0]","(1.35, 1.6]","(-0.02, 10.0]","(20.0, 30.0]","(17.5, 30.0]","(978.0, 12000.0]","(-0.02, 10.0]","(1.1, 1.35]","(-0.02, 10.0]","(9.98, 20.0]","(17.5, 30.0]","(978.0, 12000.0]","(-0.02, 10.0]","(1.1, 1.35]","(-0.02, 10.0]","(9.98, 20.0]",17137.0,6364.0,0.432863669022222
"(4.975, 17.5]","(12000.0, 23000.0]","(-0.02, 10.0]","(1.35, 1.6]","(-0.02, 10.0]","(9.98, 20.0]","(17.5, 30.0]","(978.0, 12000.0]","(-0.02, 10.0]","(1.1, 1.35]","(-0.02, 10.0]","(20.0, 30.0]","(4.975, 17.5]","(12000.0, 23000.0]","(10.0, 20.0]","(1.35, 1.6]","(10.0, 20.0]","(9.98, 20.0]",3613.0,634.0,0.4220529925111111
"(4.975, 17.5]","(12000.0, 23000.0]","(-0.02, 10.0]","(1.35, 1.6]","(10.0, 20.0]","(20.0, 30.0]","(17.5, 30.0]","(12000.0, 23000.0]","(-0.02, 10.0]","(1.1, 1.35]","(-0.02, 10.0]","(9.98, 20.0]","(4.975, 17.5]","(12000.0, 23000.0]","(10.0, 20.0]","(1.35, 1.6]","(-0.02, 10.0]","(20.0, 30.0]",20109.0,13706.0,0.5170247436000001
"(4.975, 17.5]","(978.0, 12000.0]","(10.0, 20.0]","(1.35, 1.6]","(-0.02, 10.0]","(9.98, 20.0]","(4.975, 17.5]","(12000.0, 23000.0]","(-0.02, 10.0]","(1.1, 1.35]","(-0.02, 10.0]","(20.0, 30.0]","(17.5, 30.0]","(12000.0, 23000.0]","(-0.02, 10.0]","(1.35, 1.6]","(-0.02, 10.0]","(20.0, 30.0]",15135.0,7902.0,0.4592183485111111
"(17.5, 30.0]","(12000.0, 23000.0]","(-0.02, 10.0]","(1.1, 1.35]","(-0.02, 10.0]","(9.98, 20.0]","(4.975, 17.5]","(978.0, 12000.0]","(-0.02, 10.0]","(1.35, 1.6]","(10.0, 20.0]","(20.0, 30.0]","(4.975, 17.5]","(12000.0, 23000.0]","(10.0, 20.0]","(1.35, 1.6]","(10.0, 20.0]","(20.0, 30.0]",366.0,80.0,0.3802362179333333
"(4.975, 17.5]","(978.0, 12000.0]","(10.0, 20.0]","(1.1, 1.35]","(-0.02, 10.0]","(20.0, 30.0]","(4.975, 17.5]","(978.0, 12000.0]","(10.0, 20.0]","(1.35, 1.6]","(10.0, 20.0]","(20.0, 30.0]","(17.5, 30.0]","(12000.0, 23000.0]","(10.0, 20.0]","(1.35, 1.6]","(10.0, 20.0]","(20.0, 30.0]",78.0,17.0,0.3807032698666667
"(4.975, 17.5]","(12000.0, 23000.0]","(10.0, 20.0]","(1.35, 1.6]","(10.0, 20.0]","(9.98, 20.0]","(17.5, 30.0]","(12000.0, 23000.0]","(10.0, 20.0]","(1.1, 1.35]","(-0.02, 10.0]","(9.98, 20.0]","(4.975, 17.5]","(12000.0, 23000.0]","(10.0, 20.0]","(1.1, 1.35]","(-0.02, 10.0]","(9.98, 20.0]",17868.0,14398.0,0.4601769653777778
"(4.975, 17.5]","(978.0, 12000.0]","(-0.02, 10.0]","(1.1, 1.35]","(10.0, 20.0]","(9.98, 20.0]","(17.5, 30.0]","(12000.0, 23000.0]","(-0.02, 10.0]","(1.1, 1.35]","(-0.02, 10.0]","(9.98, 20.0]","(4.975, 17.5]","(12000.0, 23000.0]","(-0.02, 10.0]","(1.1, 1.35]","(10.0, 20.0]","(20.0, 30.0]",13350.0,11770.0,0.3990356726444444
"(4.975, 17.5]","(12000.0, 23000.0]","(-0.02, 10.0]","(1.35, 1.6]","(-0.02, 10.0]","(20.0, 30.0]","(17.5, 30.0]","(978.0, 12000.0]","(10.0, 20.0]","(1.35, 1.6]","(10.0, 20.0]","(9.98, 20.0]","(4.975, 17.5]","(12000.0, 23000.0]","(10.0, 20.0]","(1.35, 1.6]","(10.0, 20.0]","(9.98, 20.0]",9129.0,1557.0,0.4628604863333332
"(4.975, 17.5]","(978.0, 12000.0]","(10.0, 20.0]","(1.35, 1.6]","(10.0, 20.0]","(9.98, 20.0]","(17.5, 30.0]","(978.0, 12000.0]","(-0.02, 10.0]","(1.35, 1.6]","(-0.02, 10.0]","(9.98, 20.0]","(4.975, 17.5]","(978.0, 12000.0]","(-0.02, 10.0]","(1.1, 1.35]","(10.0, 20.0]","(9.98, 20.0]",729.0,178.0,0.2451807576888889
"(17.5, 30.0]","(12000.0, 23000.0]","(-0.02, 10.0]","(1.1, 1.35]","(10.0, 20.0]","(20.0, 30.0]","(4.975, 17.5]","(978.0, 12000.0]","(10.0, 20.0]","(1.35, 1.6]","(10.0, 20.0]","(9.98, 20.0]","(4.975, 17.5]","(12000.0, 23000.0]","(-0.02, 10.0]","(1.1, 1.35]","(-0.02, 10.0]","(9.98, 20.0]",0.0,1.0,0.3926046884666667
"(17.5, 30.0]","(12000.0, 23000.0]","(10.0, 20.0]","(1.1, 1.35]","(-0.02, 10.0]","(9.98, 20.0]","(17.5, 30.0]","(12000.0, 23000.0]","(-0.02, 10.0]","(1.35, 1.6]","(10.0, 20.0]","(9.98, 20.0]","(4.975, 17.5]","(978.0, 12000.0]","(10.0, 20.0]","(1.35, 1.6]","(-0.02, 10.0]","(9.98, 20.0]",7793.0,6166.0,0.4111291068444445
"(4.975, 17.5]","(978.0, 12000.0]","(-0.02, 10.0]","(1.35, 1.6]","(10.0, 20.0]","(9.98, 20.0]","(4.975, 17.5]","(12000.0, 23000.0]","(10.0, 20.0]","(1.1, 1.35]","(10.0, 20.0]","(20.0, 30.0]","(17.5, 30.0]","(978.0, 12000.0]","(10.0, 20.0]","(1.1, 1.35]","(-0.02, 10.0]","(9.98, 20.0]",19081.0,3871.0,0.4011368899555556
"(17.5, 30.0]","(12000.0, 23000.0]","(10.0, 20.0]","(1.1, 1.35]","(-0.02, 10.0]","(9.98, 20.0]","(17.5, 30.0]","(978.0, 12000.0]","(10.0, 20.0]","(1.1, 1.35]","(-0.02, 10.0]","(20.0, 30.0]","(17.5, 30.0]","(978.0, 12000.0]","(-0.02, 10.0]","(1.1, 1.35]","(10.0, 20.0]","(9.98, 20.0]",19.0,5.0,0.4739278478666667
"(4.975, 17.5]","(978.0, 12000.0]","(-0.02, 10.0]","(1.35, 1.6]","(-0.02, 10.0]","(20.0, 30.0]","(17.5, 30.0]","(978.0, 12000.0]","(10.0, 20.0]","(1.1, 1.35]","(10.0, 20.0]","(9.98, 20.0]","(4.975, 17.5]","(12000.0, 23000.0]","(10.0, 20.0]","(1.35, 1.6]","(-0.02, 10.0]","(9.98, 20.0]",18233.0,9644.0,0.3889954468000001
"(4.975, 17.5]","(978.0, 12000.0]","(-0.02, 10.0]","(1.35, 1.6]","(10.0, 20.0]","(9.98, 20.0]","(17.5, 30.0]","(978.0, 12000.0]","(10.0, 20.0]","(1.1, 1.35]","(-0.02, 10.0]","(9.98, 20.0]","(17.5, 30.0]","(12000.0, 23000.0]","(-0.02, 10.0]","(1.35, 1.6]","(10.0, 20.0]","(9.98, 20.0]",18075.0,4683.0,0.3999753384666666
"(4.975, 17.5]","(978.0, 12000.0]","(-0.02, 10.0]","(1.35, 1.6]","(10.0, 20.0]","(9.98, 20.0]","(17.5, 30.0]","(12000.0, 23000.0]","(-0.02, 10.0]","(1.35, 1.6]","(-0.02, 10.0]","(20.0, 30.0]","(17.5, 30.0]","(12000.0, 23000.0]","(10.0, 20.0]","(1.1, 1.35]","(10.0, 20.0]","(9.98, 20.0]",13558.0,3137.0,0.4764254186
"(17.5, 30.0]","(978.0, 12000.0]","(-0.02, 10.0]","(1.1, 1.35]","(10.0, 20.0]","(20.0, 30.0]","(4.975, 17.5]","(978.0, 12000.0]","(-0.02, 10.0]","(1.35, 1.6]","(10.0, 20.0]","(20.0, 30.0]","(17.5, 30.0]","(978.0, 12000.0]","(-0.02, 10.0]","(1.1, 1.35]","(10.0, 20.0]","(9.98, 20.0]",151.0,58.0,0.3203449566222222
"(17.5, 30.0]","(978.0, 12000.0]","(10.0, 20.0]","(1.1, 1.35]","(-0.02, 10.0]","(9.98, 20.0]","(4.975, 17.5]","(978.0, 12000.0]","(-0.02, 10.0]","(1.1, 1.35]","(-0.02, 10.0]","(20.0, 30.0]","(17.5, 30.0]","(12000.0, 23000.0]","(10.0, 20.0]","(1.35, 1.6]","(-0.02, 10.0]","(9.98, 20.0]",2435.0,613.0,0.3107158555555556
"(4.975, 17.5]","(978.0, 12000.0]","(-0.02, 10.0]","(1.1, 1.35]","(-0.02, 10.0]","(20.0, 30.0]","(17.5, 30.0]","(978.0, 12000.0]","(10.0, 20.0]","(1.35, 1.6]","(-0.02, 10.0]","(9.98, 20.0]","(4.975, 17.5]","(978.0, 12000.0]","(-0.02, 10.0]","(1.1, 1.35]","(-0.02, 10.0]","(20.0, 30.0]",5442.0,5279.0,0.2855198098222222
"(17.5, 30.0]","(12000.0, 23000.0]","(10.0, 20.0]","(1.1, 1.35]","(10.0, 20.0]","(9.98, 20.0]","(17.5, 30.0]","(978.0, 12000.0]","(10.0, 20.0]","(1.1, 1.35]","(10.0, 20.0]","(9.98, 20.0]","(17.5, 30.0]","(12000.0, 23000.0]","(10.0, 20.0]","(1.35, 1.6]","(10.0, 20.0]","(9.98, 20.0]",15988.0,4252.0,0.4409755863333333
"(17.5, 30.0]","(978.0, 12000.0]","(10.0, 20.0]","(1.1, 1.35]","(-0.02, 10.0]","(20.0, 30.0]","(17.5, 30.0]","(12000.0, 23000.0]","(10.0, 20.0]","(1.35, 1.6]","(10.0, 20.0]","(9.98, 20.0]","(17.5, 30.0]","(978.0, 12000.0]","(-0.02, 10.0]","(1.35, 1.6]","(10.0, 20.0]","(20.0, 30.0]",2608.0,7900.0,0.3360254136666666
"(4.975, 17.5]","(978.0, 12000.0]","(10.0, 20.0]","(1.35, 1.6]","(-0.02, 10.0]","(9.98, 20.0]","(17.5, 30.0]","(12000.0, 23000.0]","(10.0, 20.0]","(1.1, 1.35]","(-0.02, 10.0]","(9.98, 20.0]","(17.5, 30.0]","(12000.0, 23000.0]","(10.0, 20.0]","(1.35, 1.6]","(-0.02, 10.0]","(9.98, 20.0]",16240.0,13087.0,0.4370027923111111
"(17.5, 30.0]","(978.0, 12000.0]","(-0.02, 10.0]","(1.35, 1.6]","(-0.02, 10.0]","(9.98, 20.0]","(4.975, 17.5]","(12000.0, 23000.0]","(10.0, 20.0]","(1.1, 1.35]","(10.0, 20.0]","(9.98, 20.0]","(17.5, 30.0]","(978.0, 12000.0]","(10.0, 20.0]","(1.35, 1.6]","(10.0, 20.0]","(20.0, 30.0]",6384.0,3264.0,0.3162630965777778
"(4.975, 17.5]","(12000.0, 23000.0]","(10.0, 20.0]","(1.1, 1.35]","(-0.02, 10.0]","(9.98, 20.0]","(4.975, 17.5]","(978.0, 12000.0]","(10.0, 20.0]","(1.35, 1.6]","(-0.02, 10.0]","(9.98, 20.0]","(17.5, 30.0]","(12000.0, 23000.0]","(10.0, 20.0]","(1.1, 1.35]","(-0.02, 10.0]","(9.98, 20.0]",5918.0,1329.0,0.375058522
"(17.5, 30.0]","(978.0, 12000.0]","(-0.02, 10.0]","(1.1, 1.35]","(-0.02, 10.0]","(9.98, 20.0]","(4.975, 17.5]","(978.0, 12000.0]","(10.0, 20.0]","(1.35, 1.6]","(10.0, 20.0]","(9.98, 20.0]","(17.5, 30.0]","(12000.0, 23000.0]","(-0.02, 10.0]","(1.1, 1.35]","(10.0, 20.0]","(9.98, 20.0]",3755.0,655.0,0.3357572096
"(4.975, 17.5]","(978.0, 12000.0]","(-0.02, 10.0]","(1.35, 1.6]","(10.0, 20.0]","(20.0, 30.0]","(17.5, 30.0]","(978.0, 12000.0]","(-0.02, 10.0]","(1.1, 1.35]","(10.0, 20.0]","(20.0, 30.0]","(4.975, 17.5]","(12000.0, 23000.0]","(10.0, 20.0]","(1.35, 1.6]","(10.0, 20.0]","(20.0, 30.0]",175.0,31.0,0.3305341143111111
"(17.5, 30.0]","(978.0, 12000.0]","(-0.02, 10.0]","(1.1, 1.35]","(-0.02, 10.0]","(20.0, 30.0]","(17.5, 30.0]","(12000.0, 23000.0]","(10.0, 20.0]","(1.1, 1.35]","(10.0, 20.0]","(9.98, 20.0]","(17.5, 30.0]","(12000.0, 23000.0]","(-0.02, 10.0]","(1.35, 1.6]","(10.0, 20.0]","(9.98, 20.0]",25874.0,8669.0,0.4522133423111111
"(17.5, 30.0]","(12000.0, 23000.0]","(10.0, 20.0]","(1.35, 1.6]","(10.0, 20.0]","(9.98, 20.0]","(17.5, 30.0]","(12000.0, 23000.0]","(-0.02, 10.0]","(1.1, 1.35]","(-0.02, 10.0]","(9.98, 20.0]","(4.975, 17.5]","(12000.0, 23000.0]","(-0.02, 10.0]","(1.1, 1.35]","(10.0, 20.0]","(20.0, 30.0]",13443.0,10171.0,0.5311340235111112
"(17.5, 30.0]","(978.0, 12000.0]","(-0.02, 10.0]","(1.1, 1.35]","(10.0, 20.0]","(20.0, 30.0]","(4.975, 17.5]","(978.0, 12000.0]","(10.0, 20.0]","(1.1, 1.35]","(10.0, 20.0]","(9.98, 20.0]","(4.975, 17.5]","(12000.0, 23000.0]","(-0.02, 10.0]","(1.1, 1.35]","(10.0, 20.0]","(20.0, 30.0]",10009.0,1931.0,0.3976082207333333
"(4.975, 17.5]","(12000.0, 23000.0]","(10.0, 20.0]","(1.1, 1.35]","(10.0, 20.0]","(9.98, 20.0]","(4.975, 17.5]","(12000.0, 23000.0]","(10.0, 20.0]","(1.1, 1.35]","(-0.02, 10.0]","(9.98, 20.0]","(4.975, 17.5]","(12000.0, 23000.0]","(10.0, 20.0]","(1.1, 1.35]","(-0.02, 10.0]","(9.98, 20.0]",22143.0,14137.0,0.4871114207333335
"(17.5, 30.0]","(978.0, 12000.0]","(10.0, 20.0]","(1.35, 1.6]","(-0.02, 10.0]","(9.98, 20.0]","(4.975, 17.5]","(978.0, 12000.0]","(-0.02, 10.0]","(1.1, 1.35]","(-0.02, 10.0]","(20.0, 30.0]","(4.975, 17.5]","(12000.0, 23000.0]","(10.0, 20.0]","(1.35, 1.6]","(-0.02, 10.0]","(9.98, 20.0]",792.0,149.0,0.3503287303333334
"(4.975, 17.5]","(978.0, 12000.0]","(-0.02, 10.0]","(1.1, 1.35]","(10.0, 20.0]","(20.0, 30.0]","(4.975, 17.5]","(12000.0, 23000.0]","(-0.02, 10.0]","(1.35, 1.6]","(10.0, 20.0]","(9.98, 20.0]","(17.5, 30.0]","(12000.0, 23000.0]","(10.0, 20.0]","(1.35, 1.6]","(10.0, 20.0]","(20.0, 30.0]",16344.0,9028.0,0.3955475032
"(17.5, 30.0]","(978.0, 12000.0]","(-0.02, 10.0]","(1.35, 1.6]","(-0.02, 10.0]","(9.98, 20.0]","(17.5, 30.0]","(978.0, 12000.0]","(-0.02, 10.0]","(1.35, 1.6]","(10.0, 20.0]","(9.98, 20.0]","(17.5, 30.0]","(12000.0, 23000.0]","(10.0, 20.0]","(1.1, 1.35]","(-0.02, 10.0]","(9.98, 20.0]",20861.0,4920.0,0.4009803829111112
"(17.5, 30.0]","(978.0, 12000.0]","(10.0, 20.0]","(1.35, 1.6]","(-0.02, 10.0]","(20.0, 30.0]","(4.975, 17.5]","(978.0, 12000.0]","(10.0, 20.0]","(1.35, 1.6]","(-0.02, 10.0]","(20.0, 30.0]","(4.975, 17.5]","(978.0, 12000.0]","(10.0, 20.0]","(1.35, 1.6]","(-0.02, 10.0]","(20.0, 30.0]",1186.0,387.0,0.3210370989333334
"(17.5, 30.0]","(978.0, 12000.0]","(-0.02, 10.0]","(1.1, 1.35]","(10.0, 20.0]","(9.98, 20.0]","(17.5, 30.0]","(12000.0, 23000.0]","(10.0, 20.0]","(1.35, 1.6]","(-0.02, 10.0]","(20.0, 30.0]","(4.975, 17.5]","(978.0, 12000.0]","(-0.02, 10.0]","(1.1, 1.35]","(10.0, 20.0]","(20.0, 30.0]",8176.0,7660.0,0.3122311628222222
"(17.5, 30.0]","(12000.0, 23000.0]","(-0.02, 10.0]","(1.1, 1.35]","(-0.02, 10.0]","(9.98, 20.0]","(4.975, 17.5]","(978.0, 12000.0]","(10.0, 20.0]","(1.35, 1.6]","(-0.02, 10.0]","(9.98, 20.0]","(4.975, 17.5]","(12000.0, 23000.0]","(-0.02, 10.0]","(1.35, 1.6]","(10.0, 20.0]","(9.98, 20.0]",20467.0,7238.0,0.3598762876
"(17.5, 30.0]","(12000.0, 23000.0]","(-0.02, 10.0]","(1.35, 1.6]","(10.0, 20.0]","(20.0, 30.0]","(17.5, 30.0]","(12000.0, 23000.0]","(10.0, 20.0]","(1.1, 1.35]","(-0.02, 10.0]","(20.0, 30.0]","(17.5, 30.0]","(12000.0, 23000.0]","(-0.02, 10.0]","(1.35, 1.6]","(-0.02, 10.0]","(9.98, 20.0]",19572.0,8434.0,0.5891626322666668
"(17.5, 30.0]","(12000.0, 23000.0]","(10.0, 20.0]","(1.35, 1.6]","(-0.02, 10.0]","(20.0, 30.0]","(17.5, 30.0]","(12000.0, 23000.0]","(-0.02, 10.0]","(1.35, 1.6]","(10.0, 20.0]","(9.98, 20.0]","(4.975, 17.5]","(978.0, 12000.0]","(10.0, 20.0]","(1.1, 1.35]","(-0.02, 10.0]","(9.98, 20.0]",18560.0,4670.0,0.4196469604666666
"(17.5, 30.0]","(978.0, 12000.0]","(-0.02, 10.0]","(1.35, 1.6]","(10.0, 20.0]","(9.98, 20.0]","(4.975, 17.5]","(12000.0, 23000.0]","(-0.02, 10.0]","(1.1, 1.35]","(10.0, 20.0]","(9.98, 20.0]","(17.5, 30.0]","(978.0, 12000.0]","(-0.02, 10.0]","(1.35, 1.6]","(10.0, 20.0]","(9.98, 20.0]",9648.0,3880.0,0.3518783059777777
"(4.975, 17.5]","(12000.0, 23000.0]","(-0.02, 10.0]","(1.1, 1.35]","(10.0, 20.0]","(20.0, 30.0]","(4.975, 17.5]","(12000.0, 23000.0]","(10.0, 20.0]","(1.35, 1.6]","(10.0, 20.0]","(9.98, 20.0]","(4.975, 17.5]","(12000.0, 23000.0]","(-0.02, 10.0]","(1.1, 1.35]","(10.0, 20.0]","(9.98, 20.0]",17761.0,3247.0,0.3927867027777778
"(17.5, 30.0]","(978.0, 12000.0]","(10.0, 20.0]","(1.35, 1.6]","(-0.02, 10.0]","(9.98, 20.0]","(17.5, 30.0]","(978.0, 12000.0]","(-0.02, 10.0]","(1.1, 1.35]","(-0.02, 10.0]","(20.0, 30.0]","(17.5, 30.0]","(12000.0, 23000.0]","(10.0, 20.0]","(1.35, 1.6]","(10.0, 20.0]","(9.98, 20.0]",96.0,17.0,0.4036590478666666
"(4.975, 17.5]","(12000.0, 23000.0]","(10.0, 20.0]","(1.35, 1.6]","(10.0, 20.0]","(9.98, 20.0]","(17.5, 30.0]","(12000.0, 23000.0]","(10.0, 20.0]","(1.1, 1.35]","(-0.02, 10.0]","(9.98, 20.0]","(4.975, 17.5]","(12000.0, 23000.0]","(-0.02, 10.0]","(1.1, 1.35]","(10.0, 20.0]","(9.98, 20.0]",11061.0,11767.0,0.4663565767111111
"(17.5, 30.0]","(12000.0, 23000.0]","(-0.02, 10.0]","(1.1, 1.35]","(-0.02, 10.0]","(9.98, 20.0]","(17.5, 30.0]","(12000.0, 23000.0]","(-0.02, 10.0]","(1.1, 1.35]","(10.0, 20.0]","(9.98, 20.0]","(17.5, 30.0]","(978.0, 12000.0]","(10.0, 20.0]","(1.35, 1.6]","(-0.02, 10.0]","(9.98, 20.0]",20923.0,4682.0,0.4742321098222222
"(4.975, 17.5]","(978.0, 12000.0]","(10.0, 20.0]","(1.35, 1.6]","(10.0, 20.0]","(9.98, 20.0]","(4.975, 17.5]","(12000.0, 23000.0]","(-0.02, 10.0]","(1.35, 1.6]","(10.0, 20.0]","(9.98, 20.0]","(17.5, 30.0]","(978.0, 12000.0]","(10.0, 20.0]","(1.1, 1.35]","(-0.02, 10.0]","(20.0, 30.0]",7742.0,6707.0,0.3323979252
"(17.5, 30.0]","(978.0, 12000.0]","(10.0, 20.0]","(1.1, 1.35]","(10.0, 20.0]","(9.98, 20.0]","(4.975, 17.5]","(12000.0, 23000.0]","(-0.02, 10.0]","(1.1, 1.35]","(-0.02, 10.0]","(20.0, 30.0]","(17.5, 30.0]","(978.0, 12000.0]","(-0.02, 10.0]","(1.35, 1.6]","(-0.02, 10.0]","(20.0, 30.0]",6945.0,3395.0,0.3320514499999999
"(17.5, 30.0]","(978.0, 12000.0]","(-0.02, 10.0]","(1.35, 1.6]","(10.0, 20.0]","(20.0, 30.0]","(17.5, 30.0]","(978.0, 12000.0]","(10.0, 20.0]","(1.35, 1.6]","(10.0, 20.0]","(9.98, 20.0]","(17.5, 30.0]","(978.0, 12000.0]","(10.0, 20.0]","(1.1, 1.35]","(10.0, 20.0]","(20.0, 30.0]",3411.0,822.0,0.3822868491555555
"(4.975, 17.5]","(978.0, 12000.0]","(10.0, 20.0]","(1.35, 1.6]","(10.0, 20.0]","(20.0, 30.0]","(4.975, 17.5]","(12000.0, 23000.0]","(-0.02, 10.0]","(1.1, 1.35]","(10.0, 20.0]","(20.0, 30.0]","(4.975, 17.5]","(978.0, 12000.0]","(10.0, 20.0]","(1.35, 1.6]","(-0.02, 10.0]","(9.98, 20.0]",6565.0,1828.0,0.2969705666666667
"(17.5, 30.0]","(978.0, 12000.0]","(10.0, 20.0]","(1.1, 1.35]","(10.0, 20.0]","(9.98, 20.0]","(17.5, 30.0]","(978.0, 12000.0]","(10.0, 20.0]","(1.35, 1.6]","(-0.02, 10.0]","(20.0, 30.0]","(17.5, 30.0]","(978.0, 12000.0]","(-0.02, 10.0]","(1.35, 1.6]","(-0.02, 10.0]","(9.98, 20.0]",1233.0,580.0,0.3482597839777777
"(4.975, 17.5]","(978.0, 12000.0]","(10.0, 20.0]","(1.1, 1.35]","(-0.02, 10.0]","(20.0, 30.0]","(4.975, 17.5]","(12000.0, 23000.0]","(10.0, 20.0]","(1.1, 1.35]","(10.0, 20.0]","(9.98, 20.0]","(17.5, 30.0]","(12000.0, 23000.0]","(-0.02, 10.0]","(1.35, 1.6]","(-0.02, 10.0]","(9.98, 20.0]",22333.0,6385.0,0.3536813307555556
"(17.5, 30.0]","(978.0, 12000.0]","(10.0, 20.0]","(1.35, 1.6]","(10.0, 20.0]","(9.98, 20.0]","(4.975, 17.5]","(978.0, 12000.0]","(-0.02, 10.0]","(1.1, 1.35]","(-0.02, 10.0]","(9.98, 20.0]","(17.5, 30.0]","(978.0, 12000.0]","(10.0, 20.0]","(1.1, 1.35]","(-0.02, 10.0]","(9.98, 20.0]",5097.0,5821.0,0.3646921301333333
"(4.975, 17.5]","(12000.0, 23000.0]","(-0.02, 10.0]","(1.35, 1.6]","(10.0, 20.0]","(20.0, 30.0]","(4.975, 17.5]","(12000.0, 23000.0]","(-0.02, 10.0]","(1.1, 1.35]","(10.0, 20.0]","(9.98, 20.0]","(17.5, 30.0]","(978.0, 12000.0]","(10.0, 20.0]","(1.35, 1.6]","(10.0, 20.0]","(20.0, 30.0]",17078.0,4857.0,0.4629283196666667
"(4.975, 17.5]","(12000.0, 23000.0]","(-0.02, 10.0]","(1.1, 1.35]","(10.0, 20.0]","(9.98, 20.0]","(17.5, 30.0]","(12000.0, 23000.0]","(-0.02, 10.0]","(1.1, 1.35]","(-0.02, 10.0]","(20.0, 30.0]","(17.5, 30.0]","(978.0, 12000.0]","(10.0, 20.0]","(1.1, 1.35]","(10.0, 20.0]","(9.98, 20.0]",22.0,6.0,0.4606102371777778
"(17.5, 30.0]","(978.0, 12000.0]","(10.0, 20.0]","(1.35, 1.6]","(-0.02, 10.0]","(9.98, 20.0]","(4.975, 17.5]","(12000.0, 23000.0]","(-0.02, 10.0]","(1.35, 1.6]","(10.0, 20.0]","(20.0, 30.0]","(17.5, 30.0]","(978.0, 12000.0]","(-0.02, 10.0]","(1.1, 1.35]","(-0.02, 10.0]","(9.98, 20.0]",15286.0,3261.0,0.3969994842
"(4.975, 17.5]","(12000.0, 23000.0]","(-0.02, 10.0]","(1.35, 1.6]","(-0.02, 10.0]","(20.0, 30.0]","(4.975, 17.5]","(978.0, 12000.0]","(10.0, 20.0]","(1.35, 1.6]","(-0.02, 10.0]","(20.0, 30.0]","(4.975, 17.5]","(978.0, 12000.0]","(-0.02, 10.0]","(1.1, 1.35]","(10.0, 20.0]","(20.0, 30.0]",915.0,255.0,0.2912672764888889
"(17.5, 30.0]","(978.0, 12000.0]","(-0.02, 10.0]","(1.35, 1.6]","(10.0, 20.0]","(9.98, 20.0]","(4.975, 17.5]","(978.0, 12000.0]","(10.0, 20.0]","(1.1, 1.35]","(-0.02, 10.0]","(9.98, 20.0]","(4.975, 17.5]","(12000.0, 23000.0]","(10.0, 20.0]","(1.1, 1.35]","(10.0, 20.0]","(20.0, 30.0]",3866.0,788.0,0.3226424371777778
"(4.975, 17.5]","(978.0, 12000.0]","(-0.02, 10.0]","(1.1, 1.35]","(10.0, 20.0]","(9.98, 20.0]","(4.975, 17.5]","(12000.0, 23000.0]","(-0.02, 10.0]","(1.35, 1.6]","(-0.02, 10.0]","(20.0, 30.0]","(4.975, 17.5]","(978.0, 12000.0]","(-0.02, 10.0]","(1.1, 1.35]","(10.0, 20.0]","(9.98, 20.0]",12304.0,4970.0,0.2736713271333332
"(4.975, 17.5]","(978.0, 12000.0]","(-0.02, 10.0]","(1.35, 1.6]","(10.0, 20.0]","(9.98, 20.0]","(17.5, 30.0]","(978.0, 12000.0]","(10.0, 20.0]","(1.35, 1.6]","(10.0, 20.0]","(20.0, 30.0]","(17.5, 30.0]","(12000.0, 23000.0]","(-0.02, 10.0]","(1.35, 1.6]","(10.0, 20.0]","(9.98, 20.0]",20.0,6.0,0.3936493850444444
"(17.5, 30.0]","(978.0, 12000.0]","(10.0, 20.0]","(1.35, 1.6]","(-0.02, 10.0]","(9.98, 20.0]","(4.975, 17.5]","(978.0, 12000.0]","(10.0, 20.0]","(1.1, 1.35]","(-0.02, 10.0]","(9.98, 20.0]","(17.5, 30.0]","(12000.0, 23000.0]","(-0.02, 10.0]","(1.35, 1.6]","(-0.02, 10.0]","(9.98, 20.0]",12795.0,4414.0,0.3703847408222222
"(17.5, 30.0]","(12000.0, 23000.0]","(10.0, 20.0]","(1.1, 1.35]","(10.0, 20.0]","(9.98, 20.0]","(4.975, 17.5]","(978.0, 12000.0]","(10.0, 20.0]","(1.35, 1.6]","(-0.02, 10.0]","(20.0, 30.0]","(4.975, 17.5]","(12000.0, 23000.0]","(-0.02, 10.0]","(1.1, 1.35]","(10.0, 20.0]","(20.0, 30.0]",2908.0,639.0,0.4125975425333334
"(17.5, 30.0]","(12000.0, 23000.0]","(-0.02, 10.0]","(1.1, 1.35]","(10.0, 20.0]","(9.98, 20.0]","(4.975, 17.5]","(978.0, 12000.0]","(10.0, 20.0]","(1.35, 1.6]","(-0.02, 10.0]","(20.0, 30.0]","(4.975, 17.5]","(12000.0, 23000.0]","(10.0, 20.0]","(1.1, 1.35]","(10.0, 20.0]","(9.98, 20.0]",17.0,4.0,0.4210739839777778
"(17.5, 30.0]","(978.0, 12000.0]","(-0.02, 10.0]","(1.1, 1.35]","(10.0, 20.0]","(20.0, 30.0]","(17.5, 30.0]","(978.0, 12000.0]","(-0.02, 10.0]","(1.35, 1.6]","(10.0, 20.0]","(20.0, 30.0]","(17.5, 30.0]","(978.0, 12000.0]","(10.0, 20.0]","(1.35, 1.6]","(10.0, 20.0]","(9.98, 20.0]",3672.0,810.0,0.3350595170888888
"(17.5, 30.0]","(12000.0, 23000.0]","(10.0, 20.0]","(1.35, 1.6]","(10.0, 20.0]","(9.98, 20.0]","(17.5, 30.0]","(978.0, 12000.0]","(10.0, 20.0]","(1.35, 1.6]","(-0.02, 10.0]","(9.98, 20.0]","(4.975, 17.5]","(978.0, 12000.0]","(-0.02, 10.0]","(1.35, 1.6]","(10.0, 20.0]","(9.98, 20.0]",29.0,31.0,0.3253978489333333
"(17.5, 30.0]","(12000.0, 23000.0]","(-0.02, 10.0]","(1.35, 1.6]","(10.0, 20.0]","(9.98, 20.0]","(4.975, 17.5]","(978.0, 12000.0]","(10.0, 20.0]","(1.1, 1.35]","(10.0, 20.0]","(20.0, 30.0]","(17.5, 30.0]","(978.0, 12000.0]","(10.0, 20.0]","(1.35, 1.6]","(-0.02, 10.0]","(20.0, 30.0]",3804.0,701.0,0.4667005534222223
"(4.975, 17.5]","(12000.0, 23000.0]","(10.0, 20.0]","(1.35, 1.6]","(10.0, 20.0]","(20.0, 30.0]","(4.975, 17.5]","(12000.0, 23000.0]","(-0.02, 10.0]","(1.35, 1.6]","(-0.02, 10.0]","(9.98, 20.0]","(4.975, 17.5]","(978.0, 12000.0]","(-0.02, 10.0]","(1.1, 1.35]","(10.0, 20.0]","(20.0, 30.0]",3649.0,8612.0,0.3289638660222223
"(4.975, 17.5]","(12000.0, 23000.0]","(-0.02, 10.0]","(1.35, 1.6]","(-0.02, 10.0]","(9.98, 20.0]","(17.5, 30.0]","(12000.0, 23000.0]","(10.0, 20.0]","(1.1, 1.35]","(-0.02, 10.0]","(9.98, 20.0]","(4.975, 17.5]","(12000.0, 23000.0]","(-0.02, 10.0]","(1.35, 1.6]","(-0.02, 10.0]","(9.98, 20.0]",13279.0,14458.0,0.3922804585555556
"(4.975, 17.5]","(978.0, 12000.0]","(10.0, 20.0]","(1.35, 1.6]","(-0.02, 10.0]","(20.0, 30.0]","(4.975, 17.5]","(12000.0, 23000.0]","(10.0, 20.0]","(1.35, 1.6]","(-0.02, 10.0]","(9.98, 20.0]","(4.975, 17.5]","(12000.0, 23000.0]","(10.0, 20.0]","(1.35, 1.6]","(-0.02, 10.0]","(9.98, 20.0]",12847.0,7427.0,0.4111874891111112
"(4.975, 17.5]","(12000.0, 23000.0]","(-0.02, 10.0]","(1.35, 1.6]","(10.0, 20.0]","(20.0, 30.0]","(4.975, 17.5]","(12000.0, 23000.0]","(-0.02, 10.0]","(1.35, 1.6]","(-0.02, 10.0]","(20.0, 30.0]","(4.975, 17.5]","(978.0, 12000.0]","(10.0, 20.0]","(1.35, 1.6]","(10.0, 20.0]","(9.98, 20.0]",22208.0,6036.0,0.4061897183777778
"(17.5, 30.0]","(978.0, 12000.0]","(10.0, 20.0]","(1.35, 1.6]","(-0.02, 10.0]","(20.0, 30.0]","(4.975, 17.5]","(978.0, 12000.0]","(10.0, 20.0]","(1.1, 1.35]","(10.0, 20.0]","(20.0, 30.0]","(4.975, 17.5]","(978.0, 12000.0]","(10.0, 20.0]","(1.35, 1.6]","(-0.02, 10.0]","(9.98, 20.0]",124.0,25.0,0.2624839893111111
"(4.975, 17.5]","(978.0, 12000.0]","(-0.02, 10.0]","(1.35, 1.6]","(10.0, 20.0]","(20.0, 30.0]","(4.975, 17.5]","(978.0, 12000.0]","(-0.02, 10.0]","(1.35, 1.6]","(-0.02, 10.0]","(9.98, 20.0]","(17.5, 30.0]","(978.0, 12000.0]","(10.0, 20.0]","(1.35, 1.6]","(-0.02, 10.0]","(20.0, 30.0]",14399.0,4673.0,0.3290385457333333
"(4.975, 17.5]","(978.0, 12000.0]","(10.0, 20.0]","(1.1, 1.35]","(10.0, 20.0]","(20.0, 30.0]","(17.5, 30.0]","(12000.0, 23000.0]","(10.0, 20.0]","(1.1, 1.35]","(-0.02, 10.0]","(20.0, 30.0]","(4.975, 17.5]","(978.0, 12000.0]","(-0.02, 10.0]","(1.1, 1.35]","(-0.02, 10.0]","(9.98, 20.0]",9128.0,2949.0,0.2960413211555555
"(17.5, 30.0]","(12000.0, 23000.0]","(-0.02, 10.0]","(1.35, 1.6]","(-0.02, 10.0]","(9.98, 20.0]","(4.975, 17.5]","(12000.0, 23000.0]","(-0.02, 10.0]","(1.1, 1.35]","(-0.02, 10.0]","(9.98, 20.0]","(17.5, 30.0]","(12000.0, 23000.0]","(10.0, 20.0]","(1.1, 1.35]","(-0.02, 10.0]","(20.0, 30.0]",21807.0,12079.0,0.5307922844
"(4.975, 17.5]","(978.0, 12000.0]","(10.0, 20.0]","(1.35, 1.6]","(-0.02, 10.0]","(9.98, 20.0]","(17.5, 30.0]","(12000.0, 23000.0]","(-0.02, 10.0]","(1.1, 1.35]","(-0.02, 10.0]","(20.0, 30.0]","(4.975, 17.5]","(12000.0, 23000.0]","(-0.02, 10.0]","(1.1, 1.35]","(-0.02, 10.0]","(9.98, 20.0]",29026.0,7661.0,0.3858975218
"(4.975, 17.5]","(978.0, 12000.0]","(-0.02, 10.0]","(1.35, 1.6]","(-0.02, 10.0]","(20.0, 30.0]","(17.5, 30.0]","(12000.0, 23000.0]","(-0.02, 10.0]","(1.35, 1.6]","(10.0, 20.0]","(9.98, 20.0]","(4.975, 17.5]","(12000.0, 23000.0]","(10.0, 20.0]","(1.35, 1.6]","(-0.02, 10.0]","(20.0, 30.0]",21810.0,6327.0,0.3895559098222223
"(4.975, 17.5]","(978.0, 12000.0]","(-0.02, 10.0]","(1.35, 1.6]","(10.0, 20.0]","(9.98, 20.0]","(17.5, 30.0]","(978.0, 12000.0]","(-0.02, 10.0]","(1.1, 1.35]","(-0.02, 10.0]","(9.98, 20.0]","(17.5, 30.0]","(978.0, 12000.0]","(10.0, 20.0]","(1.35, 1.6]","(-0.02, 10.0]","(9.98, 20.0]",142.0,39.0,0.2887481867555555
"(17.5, 30.0]","(978.0, 12000.0]","(-0.02, 10.0]","(1.1, 1.35]","(-0.02, 10.0]","(9.98, 20.0]","(17.5, 30.0]","(12000.0, 23000.0]","(10.0, 20.0]","(1.35, 1.6]","(10.0, 20.0]","(9.98, 20.0]","(17.5, 30.0]","(12000.0, 23000.0]","(-0.02, 10.0]","(1.1, 1.35]","(10.0, 20.0]","(9.98, 20.0]",21898.0,11858.0,0.4915398529999999
"(4.975, 17.5]","(978.0, 12000.0]","(-0.02, 10.0]","(1.1, 1.35]","(10.0, 20.0]","(9.98, 20.0]","(4.975, 17.5]","(978.0, 12000.0]","(-0.02, 10.0]","(1.1, 1.35]","(10.0, 20.0]","(9.98, 20.0]","(4.975, 17.5]","(978.0, 12000.0]","(10.0, 20.0]","(1.35, 1.6]","(10.0, 20.0]","(20.0, 30.0]",425.0,191.0,0.2789187469999999
"(4.975, 17.5]","(12000.0, 23000.0]","(-0.02, 10.0]","(1.35, 1.6]","(-0.02, 10.0]","(9.98, 20.0]","(4.975, 17.5]","(12000.0, 23000.0]","(10.0, 20.0]","(1.35, 1.6]","(-0.02, 10.0]","(9.98, 20.0]","(17.5, 30.0]","(12000.0, 23000.0]","(10.0, 20.0]","(1.35, 1.6]","(-0.02, 10.0]","(20.0, 30.0]",9110.0,7153.0,0.4672686047111112
"(4.975, 17.5]","(978.0, 12000.0]","(10.0, 20.0]","(1.35, 1.6]","(-0.02, 10.0]","(9.98, 20.0]","(17.5, 30.0]","(12000.0, 23000.0]","(-0.02, 10.0]","(1.35, 1.6]","(10.0, 20.0]","(9.98, 20.0]","(4.975, 17.5]","(12000.0, 23000.0]","(10.0, 20.0]","(1.1, 1.35]","(10.0, 20.0]","(20.0, 30.0]",24018.0,9877.0,0.4922006384666668
"(17.5, 30.0]","(12000.0, 23000.0]","(-0.02, 10.0]","(1.1, 1.35]","(-0.02, 10.0]","(9.98, 20.0]","(17.5, 30.0]","(12000.0, 23000.0]","(10.0, 20.0]","(1.1, 1.35]","(-0.02, 10.0]","(20.0, 30.0]","(17.5, 30.0]","(978.0, 12000.0]","(10.0, 20.0]","(1.35, 1.6]","(10.0, 20.0]","(9.98, 20.0]",2499.0,542.0,0.4318722929555556
"(4.975, 17.5]","(978.0, 12000.0]","(10.0, 20.0]","(1.35, 1.6]","(-0.02, 10.0]","(9.98, 20.0]","(4.975, 17.5]","(978.0, 12000.0]","(10.0, 20.0]","(1.1, 1.35]","(10.0, 20.0]","(9.98, 20.0]","(4.975, 17.5]","(12000.0, 23000.0]","(10.0, 20.0]","(1.35, 1.6]","(-0.02, 10.0]","(20.0, 30.0]",5178.0,2203.0,0.3969055239333334
"(4.975, 17.5]","(12000.0, 23000.0]","(10.0, 20.0]","(1.1, 1.35]","(-0.02, 10.0]","(20.0, 30.0]","(17.5, 30.0]","(978.0, 12000.0]","(-0.02, 10.0]","(1.1, 1.35]","(10.0, 20.0]","(9.98, 20.0]","(17.5, 30.0]","(12000.0, 23000.0]","(-0.02, 10.0]","(1.35, 1.6]","(10.0, 20.0]","(20.0, 30.0]",75.0,14.0,0.4269582743555555
"(17.5, 30.0]","(12000.0, 23000.0]","(10.0, 20.0]","(1.1, 1.35]","(-0.02, 10.0]","(9.98, 20.0]","(17.5, 30.0]","(978.0, 12000.0]","(10.0, 20.0]","(1.1, 1.35]","(10.0, 20.0]","(20.0, 30.0]","(17.5, 30.0]","(12000.0, 23000.0]","(-0.02, 10.0]","(1.35, 1.6]","(-0.02, 10.0]","(20.0, 30.0]",3530.0,592.0,0.4519241106888889
"(17.5, 30.0]","(12000.0, 23000.0]","(10.0, 20.0]","(1.1, 1.35]","(10.0, 20.0]","(9.98, 20.0]","(17.5, 30.0]","(12000.0, 23000.0]","(10.0, 20.0]","(1.1, 1.35]","(10.0, 20.0]","(9.98, 20.0]","(4.975, 17.5]","(12000.0, 23000.0]","(-0.02, 10.0]","(1.35, 1.6]","(-0.02, 10.0]","(20.0, 30.0]",15099.0,7288.0,0.4963395218
"(4.975, 17.5]","(978.0, 12000.0]","(10.0, 20.0]","(1.35, 1.6]","(-0.02, 10.0]","(9.98, 20.0]","(17.5, 30.0]","(12000.0, 23000.0]","(-0.02, 10.0]","(1.35, 1.6]","(10.0, 20.0]","(9.98, 20.0]","(17.5, 30.0]","(12000.0, 23000.0]","(-0.02, 10.0]","(1.35, 1.6]","(10.0, 20.0]","(20.0, 30.0]",23306.0,5620.0,0.4255299910222223
"(4.975, 17.5]","(978.0, 12000.0]","(10.0, 20.0]","(1.35, 1.6]","(10.0, 20.0]","(20.0, 30.0]","(17.5, 30.0]","(978.0, 12000.0]","(10.0, 20.0]","(1.1, 1.35]","(-0.02, 10.0]","(20.0, 30.0]","(4.975, 17.5]","(12000.0, 23000.0]","(10.0, 20.0]","(1.35, 1.6]","(10.0, 20.0]","(20.0, 30.0]",246.0,41.0,0.3454472399555555
"(4.975, 17.5]","(12000.0, 23000.0]","(-0.02, 10.0]","(1.35, 1.6]","(10.0, 20.0]","(20.0, 30.0]","(4.975, 17.5]","(12000.0, 23000.0]","(10.0, 20.0]","(1.1, 1.35]","(-0.02, 10.0]","(20.0, 30.0]","(17.5, 30.0]","(12000.0, 23000.0]","(-0.02, 10.0]","(1.35, 1.6]","(-0.02, 10.0]","(9.98, 20.0]",8.0,3.0,0.4843508871777778
"(4.975, 17.5]","(12000.0, 23000.0]","(-0.02, 10.0]","(1.1, 1.35]","(10.0, 20.0]","(20.0, 30.0]","(4.975, 17.5]","(12000.0, 23000.0]","(-0.02, 10.0]","(1.35, 1.6]","(10.0, 20.0]","(9.98, 20.0]","(17.5, 30.0]","(978.0, 12000.0]","(-0.02, 10.0]","(1.1, 1.35]","(-0.02, 10.0]","(9.98, 20.0]",18114.0,9912.0,0.4211321141111111
"(4.975, 17.5]","(978.0, 12000.0]","(10.0, 20.0]","(1.35, 1.6]","(-0.02, 10.0]","(20.0, 30.0]","(4.975, 17.5]","(12000.0, 23000.0]","(10.0, 20.0]","(1.35, 1.6]","(10.0, 20.0]","(20.0, 30.0]","(4.975, 17.5]","(978.0, 12000.0]","(-0.02, 10.0]","(1.1, 1.35]","(10.0, 20.0]","(9.98, 20.0]",4869.0,1501.0,0.2924984493555555
"(4.975, 17.5]","(12000.0, 23000.0]","(10.0, 20.0]","(1.35, 1.6]","(-0.02, 10.0]","(20.0, 30.0]","(4.975, 17.5]","(978.0, 12000.0]","(-0.02, 10.0]","(1.1, 1.35]","(-0.02, 10.0]","(9.98, 20.0]","(17.5, 30.0]","(978.0, 12000.0]","(-0.02, 10.0]","(1.1, 1.35]","(-0.02, 10.0]","(20.0, 30.0]",17.0,19.0,0.3101300514888889
"(17.5, 30.0]","(12000.0, 23000.0]","(-0.02, 10.0]","(1.1, 1.35]","(10.0, 20.0]","(9.98, 20.0]","(17.5, 30.0]","(12000.0, 23000.0]","(10.0, 20.0]","(1.1, 1.35]","(-0.02, 10.0]","(20.0, 30.0]","(4.975, 17.5]","(978.0, 12000.0]","(-0.02, 10.0]","(1.1, 1.35]","(-0.02, 10.0]","(20.0, 30.0]",9326.0,4796.0,0.3660916794888889
"(17.5, 30.0]","(12000.0, 23000.0]","(-0.02, 10.0]","(1.35, 1.6]","(-0.02, 10.0]","(9.98, 20.0]","(17.5, 30.0]","(12000.0, 23000.0]","(-0.02, 10.0]","(1.1, 1.35]","(-0.02, 10.0]","(20.0, 30.0]","(17.5, 30.0]","(978.0, 12000.0]","(10.0, 20.0]","(1.35, 1.6]","(10.0, 20.0]","(9.98, 20.0]",0.0,0.0,0.4232908865333333
"(4.975, 17.5]","(12000.0, 23000.0]","(-0.02, 10.0]","(1.1, 1.35]","(10.0, 20.0]","(9.98, 20.0]","(4.975, 17.5]","(978.0, 12000.0]","(-0.02, 10.0]","(1.35, 1.6]","(-0.02, 10.0]","(20.0, 30.0]","(17.5, 30.0]","(978.0, 12000.0]","(-0.02, 10.0]","(1.35, 1.6]","(10.0, 20.0]","(20.0, 30.0]",10700.0,2983.0,0.3685295465777778
"(4.975, 17.5]","(12000.0, 23000.0]","(10.0, 20.0]","(1.1, 1.35]","(10.0, 20.0]","(9.98, 20.0]","(17.5, 30.0]","(12000.0, 23000.0]","(-0.02, 10.0]","(1.1, 1.35]","(10.0, 20.0]","(20.0, 30.0]","(17.5, 30.0]","(12000.0, 23000.0]","(-0.02, 10.0]","(1.1, 1.35]","(-0.02, 10.0]","(9.98, 20.0]",20526.0,5145.0,0.5422553809777779
"(17.5, 30.0]","(978.0, 12000.0]","(10.0, 20.0]","(1.35, 1.6]","(-0.02, 10.0]","(9.98, 20.0]","(4.975, 17.5]","(978.0, 12000.0]","(10.0, 20.0]","(1.1, 1.35]","(-0.02, 10.0]","(9.98, 20.0]","(17.5, 30.0]","(12000.0, 23000.0]","(10.0, 20.0]","(1.35, 1.6]","(-0.02, 10.0]","(20.0, 30.0]",13015.0,7576.0,0.3484929051333333
"(4.975, 17.5]","(978.0, 12000.0]","(10.0, 20.0]","(1.1, 1.35]","(-0.02, 10.0]","(20.0, 30.0]","(17.5, 30.0]","(12000.0, 23000.0]","(10.0, 20.0]","(1.1, 1.35]","(-0.02, 10.0]","(20.0, 30.0]","(4.975, 17.5]","(978.0, 12000.0]","(-0.02, 10.0]","(1.1, 1.35]","(10.0, 20.0]","(9.98, 20.0]",12496.0,12008.0,0.394140748511111
"(17.5, 30.0]","(12000.0, 23000.0]","(-0.02, 10.0]","(1.1, 1.35]","(-0.02, 10.0]","(9.98, 20.0]","(4.975, 17.5]","(978.0, 12000.0]","(-0.02, 10.0]","(1.1, 1.35]","(-0.02, 10.0]","(9.98, 20.0]","(17.5, 30.0]","(12000.0, 23000.0]","(-0.02, 10.0]","(1.1, 1.35]","(-0.02, 10.0]","(20.0, 30.0]",580.0,5769.0,0.4669579023555556
"(4.975, 17.5]","(12000.0, 23000.0]","(-0.02, 10.0]","(1.35, 1.6]","(-0.02, 10.0]","(9.98, 20.0]","(17.5, 30.0]","(978.0, 12000.0]","(-0.02, 10.0]","(1.1, 1.35]","(10.0, 20.0]","(9.98, 20.0]","(17.5, 30.0]","(978.0, 12000.0]","(10.0, 20.0]","(1.35, 1.6]","(10.0, 20.0]","(20.0, 30.0]",12.0,4.0,0.3538710965777778
"(17.5, 30.0]","(978.0, 12000.0]","(10.0, 20.0]","(1.35, 1.6]","(10.0, 20.0]","(20.0, 30.0]","(17.5, 30.0]","(12000.0, 23000.0]","(10.0, 20.0]","(1.35, 1.6]","(10.0, 20.0]","(20.0, 30.0]","(4.975, 17.5]","(978.0, 12000.0]","(-0.02, 10.0]","(1.35, 1.6]","(-0.02, 10.0]","(9.98, 20.0]",24868.0,5929.0,0.4320883718
"(17.5, 30.0]","(978.0, 12000.0]","(10.0, 20.0]","(1.1, 1.35]","(10.0, 20.0]","(9.98, 20.0]","(4.975, 17.5]","(12000.0, 23000.0]","(-0.02, 10.0]","(1.1, 1.35]","(-0.02, 10.0]","(9.98, 20.0]","(4.975, 17.5]","(978.0, 12000.0]","(-0.02, 10.0]","(1.1, 1.35]","(10.0, 20.0]","(9.98, 20.0]",1166.0,5633.0,0.3459021170888888
"(17.5, 30.0]","(978.0, 12000.0]","(10.0, 20.0]","(1.1, 1.35]","(10.0, 20.0]","(20.0, 30.0]","(4.975, 17.5]","(12000.0, 23000.0]","(-0.02, 10.0]","(1.35, 1.6]","(10.0, 20.0]","(20.0, 30.0]","(4.975, 17.5]","(978.0, 12000.0]","(10.0, 20.0]","(1.35, 1.6]","(-0.02, 10.0]","(20.0, 30.0]",19913.0,6059.0,0.3437294707333333
"(17.5, 30.0]","(978.0, 12000.0]","(10.0, 20.0]","(1.1, 1.35]","(10.0, 20.0]","(20.0, 30.0]","(17.5, 30.0]","(12000.0, 23000.0]","(10.0, 20.0]","(1.35, 1.6]","(-0.02, 10.0]","(20.0, 30.0]","(17.5, 30.0]","(978.0, 12000.0]","(-0.02, 10.0]","(1.35, 1.6]","(-0.02, 10.0]","(20.0, 30.0]",7406.0,3424.0,0.4052682111111111
"(4.975, 17.5]","(978.0, 12000.0]","(10.0, 20.0]","(1.1, 1.35]","(10.0, 20.0]","(20.0, 30.0]","(4.975, 17.5]","(978.0, 12000.0]","(10.0, 20.0]","(1.1, 1.35]","(10.0, 20.0]","(9.98, 20.0]","(17.5, 30.0]","(12000.0, 23000.0]","(10.0, 20.0]","(1.1, 1.35]","(-0.02, 10.0]","(9.98, 20.0]",49.0,23.0,0.3146228166666667
"(4.975, 17.5]","(978.0, 12000.0]","(10.0, 20.0]","(1.1, 1.35]","(10.0, 20.0]","(9.98, 20.0]","(17.5, 30.0]","(978.0, 12000.0]","(10.0, 20.0]","(1.1, 1.35]","(-0.02, 10.0]","(9.98, 20.0]","(4.975, 17.5]","(978.0, 12000.0]","(10.0, 20.0]","(1.35, 1.6]","(-0.02, 10.0]","(9.98, 20.0]",349.0,269.0,0.2787294953111111
"(4.975, 17.5]","(978.0, 12000.0]","(-0.02, 10.0]","(1.35, 1.6]","(10.0, 20.0]","(9.98, 20.0]","(17.5, 30.0]","(978.0, 12000.0]","(10.0, 20.0]","(1.35, 1.6]","(-0.02, 10.0]","(20.0, 30.0]","(17.5, 30.0]","(978.0, 12000.0]","(-0.02, 10.0]","(1.35, 1.6]","(10.0, 20.0]","(9.98, 20.0]",536.0,138.0,0.3214142969999999
"(17.5, 30.0]","(12000.0, 23000.0]","(10.0, 20.0]","(1.1, 1.35]","(-0.02, 10.0]","(20.0, 30.0]","(17.5, 30.0]","(978.0, 12000.0]","(-0.02, 10.0]","(1.1, 1.35]","(10.0, 20.0]","(9.98, 20.0]","(4.975, 17.5]","(12000.0, 23000.0]","(-0.02, 10.0]","(1.35, 1.6]","(10.0, 20.0]","(20.0, 30.0]",2658.0,456.0,0.4458673164444445
"(17.5, 30.0]","(12000.0, 23000.0]","(10.0, 20.0]","(1.35, 1.6]","(10.0, 20.0]","(9.98, 20.0]","(4.975, 17.5]","(978.0, 12000.0]","(10.0, 20.0]","(1.1, 1.35]","(10.0, 20.0]","(20.0, 30.0]","(4.975, 17.5]","(978.0, 12000.0]","(10.0, 20.0]","(1.35, 1.6]","(10.0, 20.0]","(20.0, 30.0]",0.0,1.0,0.3574161662444445
"(17.5, 30.0]","(978.0, 12000.0]","(10.0, 20.0]","(1.1, 1.35]","(10.0, 20.0]","(20.0, 30.0]","(4.975, 17.5]","(12000.0, 23000.0]","(10.0, 20.0]","(1.1, 1.35]","(-0.02, 10.0]","(20.0, 30.0]","(4.975, 17.5]","(978.0, 12000.0]","(-0.02, 10.0]","(1.1, 1.35]","(-0.02, 10.0]","(20.0, 30.0]",7603.0,9591.0,0.3655281583333333
"(17.5, 30.0]","(978.0, 12000.0]","(10.0, 20.0]","(1.35, 1.6]","(10.0, 20.0]","(20.0, 30.0]","(17.5, 30.0]","(978.0, 12000.0]","(-0.02, 10.0]","(1.1, 1.35]","(-0.02, 10.0]","(20.0, 30.0]","(4.975, 17.5]","(12000.0, 23000.0]","(-0.02, 10.0]","(1.1, 1.35]","(10.0, 20.0]","(9.98, 20.0]",30.0,6.0,0.3277008239333334
"(4.975, 17.5]","(978.0, 12000.0]","(10.0, 20.0]","(1.1, 1.35]","(10.0, 20.0]","(9.98, 20.0]","(4.975, 17.5]","(978.0, 12000.0]","(-0.02, 10.0]","(1.35, 1.6]","(10.0, 20.0]","(9.98, 20.0]","(4.975, 17.5]","(12000.0, 23000.0]","(10.0, 20.0]","(1.35, 1.6]","(-0.02, 10.0]","(9.98, 20.0]",6140.0,991.0,0.3593050113333333
"(4.975, 17.5]","(978.0, 12000.0]","(-0.02, 10.0]","(1.35, 1.6]","(-0.02, 10.0]","(9.98, 20.0]","(4.975, 17.5]","(978.0, 12000.0]","(10.0, 20.0]","(1.1, 1.35]","(-0.02, 10.0]","(20.0, 30.0]","(17.5, 30.0]","(978.0, 12000.0]","(-0.02, 10.0]","(1.1, 1.35]","(10.0, 20.0]","(9.98, 20.0]",999.0,240.0,0.2477121166666666
"(17.5, 30.0]","(978.0, 12000.0]","(-0.02, 10.0]","(1.1, 1.35]","(-0.02, 10.0]","(9.98, 20.0]","(4.975, 17.5]","(12000.0, 23000.0]","(-0.02, 10.0]","(1.1, 1.35]","(-0.02, 10.0]","(20.0, 30.0]","(4.975, 17.5]","(978.0, 12000.0]","(10.0, 20.0]","(1.35, 1.6]","(10.0, 20.0]","(9.98, 20.0]",4534.0,1581.0,0.3050078916666666
"(17.5, 30.0]","(978.0, 12000.0]","(10.0, 20.0]","(1.35, 1.6]","(10.0, 20.0]","(20.0, 30.0]","(17.5, 30.0]","(978.0, 12000.0]","(10.0, 20.0]","(1.1, 1.35]","(-0.02, 10.0]","(9.98, 20.0]","(17.5, 30.0]","(12000.0, 23000.0]","(10.0, 20.0]","(1.35, 1.6]","(10.0, 20.0]","(20.0, 30.0]",15038.0,3988.0,0.4133900423111111
"(17.5, 30.0]","(12000.0, 23000.0]","(10.0, 20.0]","(1.35, 1.6]","(10.0, 20.0]","(9.98, 20.0]","(17.5, 30.0]","(12000.0, 23000.0]","(10.0, 20.0]","(1.1, 1.35]","(-0.02, 10.0]","(20.0, 30.0]","(4.975, 17.5]","(12000.0, 23000.0]","(-0.02, 10.0]","(1.35, 1.6]","(-0.02, 10.0]","(9.98, 20.0]",28364.0,8709.0,0.527937112177778
"(17.5, 30.0]","(12000.0, 23000.0]","(-0.02, 10.0]","(1.1, 1.35]","(10.0, 20.0]","(9.98, 20.0]","(4.975, 17.5]","(978.0, 12000.0]","(-0.02, 10.0]","(1.1, 1.35]","(10.0, 20.0]","(20.0, 30.0]","(4.975, 17.5]","(12000.0, 23000.0]","(-0.02, 10.0]","(1.1, 1.35]","(10.0, 20.0]","(9.98, 20.0]",5021.0,832.0,0.4348978805555555
"(17.5, 30.0]","(978.0, 12000.0]","(10.0, 20.0]","(1.1, 1.35]","(10.0, 20.0]","(9.98, 20.0]","(4.975, 17.5]","(12000.0, 23000.0]","(-0.02, 10.0]","(1.1, 1.35]","(-0.02, 10.0]","(9.98, 20.0]","(4.975, 17.5]","(978.0, 12000.0]","(-0.02, 10.0]","(1.35, 1.6]","(-0.02, 10.0]","(9.98, 20.0]",2393.0,10864.0,0.4401754055555556
"(17.5, 30.0]","(978.0, 12000.0]","(-0.02, 10.0]","(1.35, 1.6]","(-0.02, 10.0]","(9.98, 20.0]","(17.5, 30.0]","(978.0, 12000.0]","(-0.02, 10.0]","(1.1, 1.35]","(-0.02, 10.0]","(20.0, 30.0]","(17.5, 30.0]","(12000.0, 23000.0]","(10.0, 20.0]","(1.35, 1.6]","(10.0, 20.0]","(9.98, 20.0]",2257.0,343.0,0.3988327572666666
"(17.5, 30.0]","(978.0, 12000.0]","(-0.02, 10.0]","(1.1, 1.35]","(10.0, 20.0]","(20.0, 30.0]","(4.975, 17.5]","(12000.0, 23000.0]","(10.0, 20.0]","(1.1, 1.35]","(-0.02, 10.0]","(20.0, 30.0]","(17.5, 30.0]","(12000.0, 23000.0]","(-0.02, 10.0]","(1.35, 1.6]","(-0.02, 10.0]","(9.98, 20.0]",5944.0,3216.0,0.3472988021333333
"(4.975, 17.5]","(978.0, 12000.0]","(-0.02, 10.0]","(1.1, 1.35]","(10.0, 20.0]","(9.98, 20.0]","(17.5, 30.0]","(12000.0, 23000.0]","(10.0, 20.0]","(1.1, 1.35]","(10.0, 20.0]","(9.98, 20.0]","(4.975, 17.5]","(12000.0, 23000.0]","(10.0, 20.0]","(1.35, 1.6]","(10.0, 20.0]","(9.98, 20.0]",23530.0,7018.0,0.4135518081111111
"(17.5, 30.0]","(978.0, 12000.0]","(10.0, 20.0]","(1.1, 1.35]","(-0.02, 10.0]","(9.98, 20.0]","(17.5, 30.0]","(12000.0, 23000.0]","(10.0, 20.0]","(1.1, 1.35]","(10.0, 20.0]","(20.0, 30.0]","(4.975, 17.5]","(12000.0, 23000.0]","(10.0, 20.0]","(1.1, 1.35]","(10.0, 20.0]","(9.98, 20.0]",25044.0,6160.0,0.4382113478666666
"(4.975, 17.5]","(12000.0, 23000.0]","(10.0, 20.0]","(1.1, 1.35]","(-0.02, 10.0]","(9.98, 20.0]","(4.975, 17.5]","(978.0, 12000.0]","(-0.02, 10.0]","(1.35, 1.6]","(-0.02, 10.0]","(9.98, 20.0]","(4.975, 17.5]","(12000.0, 23000.0]","(-0.02, 10.0]","(1.1, 1.35]","(10.0, 20.0]","(9.98, 20.0]",12810.0,5679.0,0.358732773511111
"(4.975, 17.5]","(978.0, 12000.0]","(10.0, 20.0]","(1.35, 1.6]","(10.0, 20.0]","(9.98, 20.0]","(17.5, 30.0]","(978.0, 12000.0]","(10.0, 20.0]","(1.1, 1.35]","(-0.02, 10.0]","(20.0, 30.0]","(4.975, 17.5]","(978.0, 12000.0]","(-0.02, 10.0]","(1.35, 1.6]","(10.0, 20.0]","(20.0, 30.0]",50.0,26.0,0.2322172754222222
"(4.975, 17.5]","(12000.0, 23000.0]","(10.0, 20.0]","(1.35, 1.6]","(10.0, 20.0]","(9.98, 20.0]","(17.5, 30.0]","(978.0, 12000.0]","(-0.02, 10.0]","(1.35, 1.6]","(-0.02, 10.0]","(20.0, 30.0]","(17.5, 30.0]","(12000.0, 23000.0]","(10.0, 20.0]","(1.1, 1.35]","(10.0, 20.0]","(9.98, 20.0]",8.0,2.0,0.3748907542666668
"(4.975, 17.5]","(978.0, 12000.0]","(-0.02, 10.0]","(1.35, 1.6]","(-0.02, 10.0]","(9.98, 20.0]","(17.5, 30.0]","(978.0, 12000.0]","(10.0, 20.0]","(1.35, 1.6]","(-0.02, 10.0]","(20.0, 30.0]","(17.5, 30.0]","(12000.0, 23000.0]","(10.0, 20.0]","(1.1, 1.35]","(10.0, 20.0]","(20.0, 30.0]",14690.0,3262.0,0.3782636218
"(17.5, 30.0]","(978.0, 12000.0]","(-0.02, 10.0]","(1.1, 1.35]","(10.0, 20.0]","(20.0, 30.0]","(4.975, 17.5]","(978.0, 12000.0]","(-0.02, 10.0]","(1.1, 1.35]","(10.0, 20.0]","(20.0, 30.0]","(17.5, 30.0]","(12000.0, 23000.0]","(-0.02, 10.0]","(1.35, 1.6]","(-0.02, 10.0]","(20.0, 30.0]",3578.0,574.0,0.3746948850444445
"(4.975, 17.5]","(978.0, 12000.0]","(-0.02, 10.0]","(1.1, 1.35]","(10.0, 20.0]","(20.0, 30.0]","(17.5, 30.0]","(978.0, 12000.0]","(10.0, 20.0]","(1.1, 1.35]","(-0.02, 10.0]","(20.0, 30.0]","(4.975, 17.5]","(12000.0, 23000.0]","(-0.02, 10.0]","(1.1, 1.35]","(10.0, 20.0]","(9.98, 20.0]",1972.0,347.0,0.3721190211555556
"(17.5, 30.0]","(12000.0, 23000.0]","(-0.02, 10.0]","(1.1, 1.35]","(10.0, 20.0]","(9.98, 20.0]","(4.975, 17.5]","(978.0, 12000.0]","(10.0, 20.0]","(1.1, 1.35]","(-0.02, 10.0]","(20.0, 30.0]","(4.975, 17.5]","(12000.0, 23000.0]","(-0.02, 10.0]","(1.35, 1.6]","(-0.02, 10.0]","(20.0, 30.0]",886.0,410.0,0.3579773878222223
"(17.5, 30.0]","(978.0, 12000.0]","(10.0, 20.0]","(1.35, 1.6]","(10.0, 20.0]","(9.98, 20.0]","(17.5, 30.0]","(978.0, 12000.0]","(10.0, 20.0]","(1.35, 1.6]","(-0.02, 10.0]","(20.0, 30.0]","(4.975, 17.5]","(978.0, 12000.0]","(10.0, 20.0]","(1.35, 1.6]","(10.0, 20.0]","(20.0, 30.0]",2.0,1.0,0.3088844284222222
"(4.975, 17.5]","(978.0, 12000.0]","(10.0, 20.0]","(1.1, 1.35]","(10.0, 20.0]","(20.0, 30.0]","(17.5, 30.0]","(978.0, 12000.0]","(10.0, 20.0]","(1.35, 1.6]","(10.0, 20.0]","(9.98, 20.0]","(17.5, 30.0]","(12000.0, 23000.0]","(10.0, 20.0]","(1.35, 1.6]","(-0.02, 10.0]","(20.0, 30.0]",120.0,20.0,0.3714366965777778
"(17.5, 30.0]","(12000.0, 23000.0]","(10.0, 20.0]","(1.1, 1.35]","(-0.02, 10.0]","(9.98, 20.0]","(17.5, 30.0]","(12000.0, 23000.0]","(-0.02, 10.0]","(1.1, 1.35]","(-0.02, 10.0]","(20.0, 30.0]","(17.5, 30.0]","(12000.0, 23000.0]","(10.0, 20.0]","(1.35, 1.6]","(10.0, 20.0]","(20.0, 30.0]",20246.0,5029.0,0.5009262993555557
"(4.975, 17.5]","(12000.0, 23000.0]","(10.0, 20.0]","(1.1, 1.35]","(10.0, 20.0]","(9.98, 20.0]","(4.975, 17.5]","(978.0, 12000.0]","(-0.02, 10.0]","(1.1, 1.35]","(-0.02, 10.0]","(20.0, 30.0]","(17.5, 30.0]","(978.0, 12000.0]","(10.0, 20.0]","(1.35, 1.6]","(10.0, 20.0]","(20.0, 30.0]",9112.0,2979.0,0.3792361222222223
"(4.975, 17.5]","(978.0, 12000.0]","(10.0, 20.0]","(1.35, 1.6]","(10.0, 20.0]","(20.0, 30.0]","(17.5, 30.0]","(12000.0, 23000.0]","(10.0, 20.0]","(1.1, 1.35]","(10.0, 20.0]","(20.0, 30.0]","(17.5, 30.0]","(12000.0, 23000.0]","(-0.02, 10.0]","(1.1, 1.35]","(-0.02, 10.0]","(20.0, 30.0]",14493.0,2593.0,0.4654718356888889
"(4.975, 17.5]","(978.0, 12000.0]","(-0.02, 10.0]","(1.1, 1.35]","(10.0, 20.0]","(20.0, 30.0]","(17.5, 30.0]","(12000.0, 23000.0]","(-0.02, 10.0]","(1.1, 1.35]","(-0.02, 10.0]","(9.98, 20.0]","(17.5, 30.0]","(12000.0, 23000.0]","(-0.02, 10.0]","(1.35, 1.6]","(-0.02, 10.0]","(20.0, 30.0]",1478.0,10902.0,0.4314157645333333
"(17.5, 30.0]","(12000.0, 23000.0]","(10.0, 20.0]","(1.35, 1.6]","(-0.02, 10.0]","(9.98, 20.0]","(4.975, 17.5]","(12000.0, 23000.0]","(-0.02, 10.0]","(1.1, 1.35]","(10.0, 20.0]","(9.98, 20.0]","(4.975, 17.5]","(978.0, 12000.0]","(-0.02, 10.0]","(1.35, 1.6]","(-0.02, 10.0]","(9.98, 20.0]",6527.0,5347.0,0.4114116044888888
"(17.5, 30.0]","(978.0, 12000.0]","(10.0, 20.0]","(1.35, 1.6]","(10.0, 20.0]","(9.98, 20.0]","(17.5, 30.0]","(978.0, 12000.0]","(10.0, 20.0]","(1.1, 1.35]","(10.0, 20.0]","(9.98, 20.0]","(17.5, 30.0]","(12000.0, 23000.0]","(-0.02, 10.0]","(1.1, 1.35]","(10.0, 20.0]","(20.0, 30.0]",22.0,5.0,0.3259383487111111
"(17.5, 30.0]","(12000.0, 23000.0]","(10.0, 20.0]","(1.35, 1.6]","(-0.02, 10.0]","(9.98, 20.0]","(4.975, 17.5]","(12000.0, 23000.0]","(-0.02, 10.0]","(1.35, 1.6]","(-0.02, 10.0]","(20.0, 30.0]","(4.975, 17.5]","(12000.0, 23000.0]","(-0.02, 10.0]","(1.1, 1.35]","(10.0, 20.0]","(9.98, 20.0]",19722.0,3581.0,0.4855311192222221
"(4.975, 17.5]","(978.0, 12000.0]","(-0.02, 10.0]","(1.35, 1.6]","(10.0, 20.0]","(20.0, 30.0]","(4.975, 17.5]","(978.0, 12000.0]","(10.0, 20.0]","(1.35, 1.6]","(-0.02, 10.0]","(20.0, 30.0]","(17.5, 30.0]","(12000.0, 23000.0]","(10.0, 20.0]","(1.35, 1.6]","(-0.02, 10.0]","(20.0, 30.0]",21678.0,5000.0,0.4015062457333334
"(4.975, 17.5]","(978.0, 12000.0]","(-0.02, 10.0]","(1.1, 1.35]","(10.0, 20.0]","(20.0, 30.0]","(17.5, 30.0]","(12000.0, 23000.0]","(10.0, 20.0]","(1.1, 1.35]","(-0.02, 10.0]","(9.98, 20.0]","(17.5, 30.0]","(978.0, 12000.0]","(-0.02, 10.0]","(1.35, 1.6]","(-0.02, 10.0]","(9.98, 20.0]",0.0,854.0,0.3945171429555557
"(4.975, 17.5]","(978.0, 12000.0]","(-0.02, 10.0]","(1.35, 1.6]","(-0.02, 10.0]","(20.0, 30.0]","(4.975, 17.5]","(12000.0, 23000.0]","(10.0, 20.0]","(1.1, 1.35]","(-0.02, 10.0]","(20.0, 30.0]","(4.975, 17.5]","(978.0, 12000.0]","(10.0, 20.0]","(1.35, 1.6]","(10.0, 20.0]","(9.98, 20.0]",0.0,2.0,0.3016121132444444
